WELD REPORT
Document: Skid_frame_side_Grabcad_step(Weld Trajectory Generation)
Date: 2026-07-03 16:22:48

==================================================

WELD 1 of 18
Name: PreWeldedges
Label: PreWeldedges

DETAILED PROPERTIES:
- Type: Part::Feature
- ExpressionEngine: []
- Label2: 
- Placement: Placement [Pos=(0,0,0), Yaw-Pitch-Roll=(0,0,0)]
- Shape: <Compound object at 00000152F6AA2570>
- ShapeMaterial: <Material at 00000152F7164860>
- Visibility: False
- _ElementMapVersion: 15.70200.5

----------------------------------------
WELD 2 of 18
Name: Weldedges
Label: Weldedges

DETAILED PROPERTIES:
- Type: Part::Feature
- ExpressionEngine: []
- Label2: 
- Placement: Placement [Pos=(0,0,0), Yaw-Pitch-Roll=(0,0,0)]
- Shape: <Compound object at 00000152F6AA2620>
- ShapeMaterial: <Material at 00000152F7164860>
- Visibility: False
- _ElementMapVersion: 15.70200.5

----------------------------------------
WELD 3 of 18
Name: InternalWeldFeature
Label: Weld1

DETAILED PROPERTIES:
- Type: Part::FeaturePython
- Angle: 0.0
- CorrectedNormals: {}
- Edgeidxs: [0]
- ExpressionEngine: []
- FinalWeldVecs: [[[0.0, 0.7071067811865476, 0.7071067811865476], [0.0, 0.7071067811865476, 0.7071067811865476], [0.0, 0.7071067811865476, 0.7071067811865476], [0.0, 0.7071067811865476, 0.7071067811865476], [0.0, 0.7071067811865476, 0.7071067811865476], [0.0, 0.7071067811865476, 0.7071067811865476], [0.0, 0.7071067811865476, 0.7071067811865476], [0.0, 0.7071067811865476, 0.7071067811865476], [0.0, 0.7071067811865476, 0.7071067811865476], [-1.2627432790163958e-13, 0.7071067811865476, 0.7071067811865476], [-1.2627432790163958e-13, 0.7071067811865476, 0.7071067811865476], [-1.2627432790163958e-13, 0.7071067811865476, 0.7071067811865476], [-1.2627432790163958e-13, 0.7071067811865476, 0.7071067811865476], [0.0, 0.7071067811865476, 0.7071067811865476], [0.0, 0.7071067811865476, 0.7071067811865476], [0.0, 0.7071067811865476, 0.7071067811865476], [0.0, 0.7071067811865476, 0.7071067811865476], [-1.2627432790163958e-13, 0.7071067811865476, 0.7071067811865476], [-1.2627432790163958e-13, 0.7071067811865476, 0.7071067811865476], [-1.2627432790163958e-13, 0.7071067811865476, 0.7071067811865476], [-1.2627432790163958e-13, 0.7071067811865476, 0.7071067811865476], [0.0, 0.7071067811865476, 0.7071067811865476], [0.0, 0.7071067811865476, 0.7071067811865476], [0.0, 0.7071067811865476, 0.7071067811865476], [0.0, 0.7071067811865476, 0.7071067811865476], [1.2627432790163958e-13, 0.7071067811865476, 0.7071067811865476], [1.2627432790163958e-13, 0.7071067811865476, 0.7071067811865476], [1.2627432790163958e-13, 0.7071067811865476, 0.7071067811865476], [1.2627432790163958e-13, 0.7071067811865476, 0.7071067811865476], [0.0, 0.7071067811865476, 0.7071067811865476], [0.0, 0.7071067811865476, 0.7071067811865476], [0.0, 0.7071067811865476, 0.7071067811865476], [0.0, 0.7071067811865476, 0.7071067811865476], [0.0, 0.7071067811865476, 0.7071067811865476], [0.0, 0.7071067811865476, 0.7071067811865476], [0.0, 0.7071067811865476, 0.7071067811865476], [0.0, 0.7071067811865476, 0.7071067811865476], [0.0, 0.7071067811865476, 0.7071067811865476], [0.0, 0.7071067811865476, 0.7071067811865476], [0.0, 0.7071067811865476, 0.7071067811865476], [0.0, 0.7071067811865476, 0.7071067811865476], [0.0, 0.7071067811865476, 0.7071067811865476], [0.0, 0.7071067811865476, 0.7071067811865476], [0.0, 0.7071067811865476, 0.7071067811865476], [0.0, 0.7071067811865476, 0.7071067811865476], [0.0, 0.7071067811865476, 0.7071067811865476], [0.0, 0.7071067811865476, 0.7071067811865476], [0.0, 0.7071067811865476, 0.7071067811865476], [0.0, 0.7071067811865476, 0.7071067811865476], [0.0, 0.7071067811865476, 0.7071067811865476], [0.0, 0.7071067811865476, 0.7071067811865476], [0.0, 0.7071067811865476, 0.7071067811865476], [0.0, 0.7071067811865476, 0.7071067811865476], [-1.2627432790163958e-13, 0.7071067811865476, 0.7071067811865476], [-1.2627432790163958e-13, 0.7071067811865476, 0.7071067811865476], [-1.2627432790163958e-13, 0.7071067811865476, 0.7071067811865476], [-1.2627432790163958e-13, 0.7071067811865476, 0.7071067811865476], [1.2627432790163958e-13, 0.7071067811865476, 0.7071067811865476], [1.2627432790163958e-13, 0.7071067811865476, 0.7071067811865476], [1.2627432790163958e-13, 0.7071067811865476, 0.7071067811865476], [1.2627432790163958e-13, 0.7071067811865476, 0.7071067811865476], [1.2627432790163958e-13, 0.7071067811865476, 0.7071067811865476], [1.2627432790163958e-13, 0.7071067811865476, 0.7071067811865476], [1.2627432790163958e-13, 0.7071067811865476, 0.7071067811865476], [1.2627432790163958e-13, 0.7071067811865476, 0.7071067811865476], [0.0, 0.7071067811865476, 0.7071067811865476], [0.0, 0.7071067811865476, 0.7071067811865476], [0.0, 0.7071067811865476, 0.7071067811865476], [0.0, 0.7071067811865476, 0.7071067811865476], [1.2627432790163958e-13, 0.7071067811865476, 0.7071067811865476], [1.2627432790163958e-13, 0.7071067811865476, 0.7071067811865476], [1.2627432790163958e-13, 0.7071067811865476, 0.7071067811865476], [1.2627432790163958e-13, 0.7071067811865476, 0.7071067811865476], [0.0, 0.7071067811865476, 0.7071067811865476], [0.0, 0.7071067811865476, 0.7071067811865476], [0.0, 0.7071067811865476, 0.7071067811865476], [0.0, 0.7071067811865476, 0.7071067811865476], [0.0, 0.7071067811865476, 0.7071067811865476], [0.0, 0.7071067811865476, 0.7071067811865476], [0.0, 0.7071067811865476, 0.7071067811865476], [0.0, 0.7071067811865476, 0.7071067811865476], [0.0, 0.7071067811865476, 0.7071067811865476], [0.0, 0.7071067811865476, 0.7071067811865476], [0.0, 0.7071067811865476, 0.7071067811865476], [0.0, 0.7071067811865476, 0.7071067811865476], [0.0, 0.7071067811865476, 0.7071067811865476], [0.0, 0.7071067811865476, 0.7071067811865476], [0.0, 0.7071067811865476, 0.7071067811865476], [0.0, 0.7071067811865476, 0.7071067811865476], [1.2627432790163958e-13, 0.7071067811865476, 0.7071067811865476], [1.2627432790163958e-13, 0.7071067811865476, 0.7071067811865476], [1.2627432790163958e-13, 0.7071067811865476, 0.7071067811865476], [1.2627432790163958e-13, 0.7071067811865476, 0.7071067811865476], [0.0, 0.7071067811865476, 0.7071067811865476], [0.0, 0.7071067811865476, 0.7071067811865476], [0.0, 0.7071067811865476, 0.7071067811865476], [0.0, 0.7071067811865476, 0.7071067811865476], [-1.2627432790163958e-13, 0.7071067811865476, 0.7071067811865476], [-1.2627432790163958e-13, 0.7071067811865476, 0.7071067811865476], [-1.2627432790163958e-13, 0.7071067811865476, 0.7071067811865476], [-1.2627432790163958e-13, 0.7071067811865476, 0.7071067811865476]]]
- HeatSource: None
- IntermittentBeadLength: 0.0 mm
- IntermittentBeadPitch: 0.0 mm
- IntermittentBeadQty: 0.0
- IntermittentLen: False
- IntermittentLenRound: False
- IntermittentPitch: False
- IntermittentQty: False
- IntermittentQtyRound: False
- IntermittentRBeadLength: 0.0 mm
- IntermittentRBeadPitch: 0.0 mm
- IntermittentResult: 0.0
- IntermittentResultLen: 0.0
- IntermittentTrimEachBead: False
- IntermittentTrimEachBeadLen: False
- IntermittentWeldedSection: 0.0 mm
- Interval: 4
- Label2: 
- Material: None
- MoveV1: False
- MoveV2: False
- PerEdgePts: [[[1405.80037416, 181.0, 366.0], [1406.80037416, 181.0, 366.0], [1407.80037416, 181.0, 366.0], [1408.80037416, 181.0, 366.0], [1409.80037416, 181.0, 366.0], [1410.80037416, 181.0, 366.0], [1411.80037416, 181.0, 366.0], [1412.80037416, 181.0, 366.0], [1413.80037416, 181.0, 366.0], [1414.80037416, 181.0, 366.0], [1415.80037416, 181.0, 366.0], [1416.80037416, 181.0, 366.0], [1417.80037416, 181.0, 366.0], [1418.80037416, 181.0, 366.0], [1419.80037416, 181.0, 366.0], [1420.80037416, 181.0, 366.0], [1421.80037416, 181.0, 366.0], [1422.80037416, 181.0, 366.0], [1423.80037416, 181.0, 366.0], [1424.80037416, 181.0, 366.0], [1425.80037416, 181.0, 366.0], [1426.80037416, 181.0, 366.0], [1427.80037416, 181.0, 366.0], [1428.80037416, 181.0, 366.0], [1429.80037416, 181.0, 366.0], [1430.80037416, 181.0, 366.0], [1431.80037416, 181.0, 366.0], [1432.80037416, 181.0, 366.0], [1433.80037416, 181.0, 366.0], [1434.80037416, 181.0, 366.0], [1435.80037416, 181.0, 366.0], [1436.80037416, 181.0, 366.0], [1437.80037416, 181.0, 366.0], [1438.80037416, 181.0, 366.0], [1439.80037416, 181.0, 366.0], [1440.80037416, 181.0, 366.0], [1441.80037416, 181.0, 366.0], [1442.80037416, 181.0, 366.0], [1443.80037416, 181.0, 366.0], [1444.80037416, 181.0, 366.0], [1445.80037416, 181.0, 366.0], [1446.80037416, 181.0, 366.0], [1447.80037416, 181.0, 366.0], [1448.80037416, 181.0, 366.0], [1449.80037416, 181.0, 366.0], [1450.80037416, 181.0, 366.0], [1451.80037416, 181.0, 366.0], [1452.80037416, 181.0, 366.0], [1453.80037416, 181.0, 366.0], [1454.80037416, 181.0, 366.0], [1455.80037416, 181.0, 366.0], [1456.80037416, 181.0, 366.0], [1457.80037416, 181.0, 366.0], [1458.80037416, 181.0, 366.0], [1459.80037416, 181.0, 366.0], [1460.80037416, 181.0, 366.0], [1461.80037416, 181.0, 366.0], [1462.80037416, 181.0, 366.0], [1463.80037416, 181.0, 366.0], [1464.80037416, 181.0, 366.0], [1465.80037416, 181.0, 366.0], [1466.80037416, 181.0, 366.0], [1467.80037416, 181.0, 366.0], [1468.80037416, 181.0, 366.0], [1469.80037416, 181.0, 366.0], [1470.80037416, 181.0, 366.0], [1471.80037416, 181.0, 366.0], [1472.80037416, 181.0, 366.0], [1473.80037416, 181.0, 366.0], [1474.80037416, 181.0, 366.0], [1475.80037416, 181.0, 366.0], [1476.80037416, 181.0, 366.0], [1477.80037416, 181.0, 366.0], [1478.80037416, 181.0, 366.0], [1479.80037416, 181.0, 366.0], [1480.80037416, 181.0, 366.0], [1481.80037416, 181.0, 366.0], [1482.80037416, 181.0, 366.0], [1483.80037416, 181.0, 366.0], [1484.80037416, 181.0, 366.0], [1485.80037416, 181.0, 366.0], [1486.80037416, 181.0, 366.0], [1487.80037416, 181.0, 366.0], [1488.80037416, 181.0, 366.0], [1489.80037416, 181.0, 366.0], [1490.80037416, 181.0, 366.0], [1491.80037416, 181.0, 366.0], [1492.80037416, 181.0, 366.0], [1493.80037416, 181.0, 366.0], [1494.80037416, 181.0, 366.0], [1495.80037416, 181.0, 366.0], [1496.80037416, 181.0, 366.0], [1497.80037416, 181.0, 366.0], [1498.80037416, 181.0, 366.0], [1499.80037416, 181.0, 366.0], [1500.80037416, 181.0, 366.0], [1501.80037416, 181.0, 366.0], [1502.80037416, 181.0, 366.0], [1503.80037416, 181.0, 366.0], [1504.80037416, 181.0, 366.0], [1505.80037416, 181.0, 366.0]]]
- PerEdgeTangs: [[[1.0, 0.0, 0.0], [1.0, 0.0, 0.0], [1.0, 0.0, 0.0], [1.0, 0.0, 0.0], [1.0, 0.0, 0.0], [1.0, 0.0, 0.0], [1.0, 0.0, 0.0], [1.0, 0.0, 0.0], [1.0, 0.0, 0.0], [1.0, 0.0, 0.0], [1.0, 0.0, 0.0], [1.0, 0.0, 0.0], [1.0, 0.0, 0.0], [1.0, 0.0, 0.0], [1.0, 0.0, 0.0], [1.0, 0.0, 0.0], [1.0, 0.0, 0.0], [1.0, 0.0, 0.0], [1.0, 0.0, 0.0], [1.0, 0.0, 0.0], [1.0, 0.0, 0.0], [1.0, 0.0, 0.0], [1.0, 0.0, 0.0], [1.0, 0.0, 0.0], [1.0, 0.0, 0.0], [1.0, 0.0, 0.0], [1.0, 0.0, 0.0], [1.0, 0.0, 0.0], [1.0, 0.0, 0.0], [1.0, 0.0, 0.0], [1.0, 0.0, 0.0], [1.0, 0.0, 0.0], [1.0, 0.0, 0.0], [1.0, 0.0, 0.0], [1.0, 0.0, 0.0], [1.0, 0.0, 0.0], [1.0, 0.0, 0.0], [1.0, 0.0, 0.0], [1.0, 0.0, 0.0], [1.0, 0.0, 0.0], [1.0, 0.0, 0.0], [1.0, 0.0, 0.0], [1.0, 0.0, 0.0], [1.0, 0.0, 0.0], [1.0, 0.0, 0.0], [1.0, 0.0, 0.0], [1.0, 0.0, 0.0], [1.0, 0.0, 0.0], [1.0, 0.0, 0.0], [1.0, 0.0, 0.0], [1.0, 0.0, 0.0], [1.0, 0.0, 0.0], [1.0, 0.0, 0.0], [1.0, 0.0, 0.0], [1.0, 0.0, 0.0], [1.0, 0.0, 0.0], [1.0, 0.0, 0.0], [1.0, 0.0, 0.0], [1.0, 0.0, 0.0], [1.0, 0.0, 0.0], [1.0, 0.0, 0.0], [1.0, 0.0, 0.0], [1.0, 0.0, 0.0], [1.0, 0.0, 0.0], [1.0, 0.0, 0.0], [1.0, 0.0, 0.0], [1.0, 0.0, 0.0], [1.0, 0.0, 0.0], [1.0, 0.0, 0.0], [1.0, 0.0, 0.0], [1.0, 0.0, 0.0], [1.0, 0.0, 0.0], [1.0, 0.0, 0.0], [1.0, 0.0, 0.0], [1.0, 0.0, 0.0], [1.0, 0.0, 0.0], [1.0, 0.0, 0.0], [1.0, 0.0, 0.0], [1.0, 0.0, 0.0], [1.0, 0.0, 0.0], [1.0, 0.0, 0.0], [1.0, 0.0, 0.0], [1.0, 0.0, 0.0], [1.0, 0.0, 0.0], [1.0, 0.0, 0.0], [1.0, 0.0, 0.0], [1.0, 0.0, 0.0], [1.0, 0.0, 0.0], [1.0, 0.0, 0.0], [1.0, 0.0, 0.0], [1.0, 0.0, 0.0], [1.0, 0.0, 0.0], [1.0, 0.0, 0.0], [1.0, 0.0, 0.0], [1.0, 0.0, 0.0], [1.0, 0.0, 0.0], [1.0, 0.0, 0.0], [1.0, 0.0, 0.0], [1.0, 0.0, 0.0], [1.0, 0.0, 0.0], [1.0, 0.0, 0.0]]]
- Placement: Placement [Pos=(0,0,0), Yaw-Pitch-Roll=(0,0,0)]
- PointEnd: Vector (0.0, 0.0, 0.0)
- PointStart: Vector (0.0, 0.0, 0.0)
- Process: None
- Proxy: <Functions.FPweldline.Path3D object at 0x00000152F1375A10>
- Pts: [[1405.80037416, 181.0, 366.0], [1406.80037416, 181.0, 366.0], [1407.80037416, 181.0, 366.0], [1408.80037416, 181.0, 366.0], [1409.80037416, 181.0, 366.0], [1410.80037416, 181.0, 366.0], [1411.80037416, 181.0, 366.0], [1412.80037416, 181.0, 366.0], [1413.80037416, 181.0, 366.0], [1414.80037416, 181.0, 366.0], [1415.80037416, 181.0, 366.0], [1416.80037416, 181.0, 366.0], [1417.80037416, 181.0, 366.0], [1418.80037416, 181.0, 366.0], [1419.80037416, 181.0, 366.0], [1420.80037416, 181.0, 366.0], [1421.80037416, 181.0, 366.0], [1422.80037416, 181.0, 366.0], [1423.80037416, 181.0, 366.0], [1424.80037416, 181.0, 366.0], [1425.80037416, 181.0, 366.0], [1426.80037416, 181.0, 366.0], [1427.80037416, 181.0, 366.0], [1428.80037416, 181.0, 366.0], [1429.80037416, 181.0, 366.0], [1430.80037416, 181.0, 366.0], [1431.80037416, 181.0, 366.0], [1432.80037416, 181.0, 366.0], [1433.80037416, 181.0, 366.0], [1434.80037416, 181.0, 366.0], [1435.80037416, 181.0, 366.0], [1436.80037416, 181.0, 366.0], [1437.80037416, 181.0, 366.0], [1438.80037416, 181.0, 366.0], [1439.80037416, 181.0, 366.0], [1440.80037416, 181.0, 366.0], [1441.80037416, 181.0, 366.0], [1442.80037416, 181.0, 366.0], [1443.80037416, 181.0, 366.0], [1444.80037416, 181.0, 366.0], [1445.80037416, 181.0, 366.0], [1446.80037416, 181.0, 366.0], [1447.80037416, 181.0, 366.0], [1448.80037416, 181.0, 366.0], [1449.80037416, 181.0, 366.0], [1450.80037416, 181.0, 366.0], [1451.80037416, 181.0, 366.0], [1452.80037416, 181.0, 366.0], [1453.80037416, 181.0, 366.0], [1454.80037416, 181.0, 366.0], [1455.80037416, 181.0, 366.0], [1456.80037416, 181.0, 366.0], [1457.80037416, 181.0, 366.0], [1458.80037416, 181.0, 366.0], [1459.80037416, 181.0, 366.0], [1460.80037416, 181.0, 366.0], [1461.80037416, 181.0, 366.0], [1462.80037416, 181.0, 366.0], [1463.80037416, 181.0, 366.0], [1464.80037416, 181.0, 366.0], [1465.80037416, 181.0, 366.0], [1466.80037416, 181.0, 366.0], [1467.80037416, 181.0, 366.0], [1468.80037416, 181.0, 366.0], [1469.80037416, 181.0, 366.0], [1470.80037416, 181.0, 366.0], [1471.80037416, 181.0, 366.0], [1472.80037416, 181.0, 366.0], [1473.80037416, 181.0, 366.0], [1474.80037416, 181.0, 366.0], [1475.80037416, 181.0, 366.0], [1476.80037416, 181.0, 366.0], [1477.80037416, 181.0, 366.0], [1478.80037416, 181.0, 366.0], [1479.80037416, 181.0, 366.0], [1480.80037416, 181.0, 366.0], [1481.80037416, 181.0, 366.0], [1482.80037416, 181.0, 366.0], [1483.80037416, 181.0, 366.0], [1484.80037416, 181.0, 366.0], [1485.80037416, 181.0, 366.0], [1486.80037416, 181.0, 366.0], [1487.80037416, 181.0, 366.0], [1488.80037416, 181.0, 366.0], [1489.80037416, 181.0, 366.0], [1490.80037416, 181.0, 366.0], [1491.80037416, 181.0, 366.0], [1492.80037416, 181.0, 366.0], [1493.80037416, 181.0, 366.0], [1494.80037416, 181.0, 366.0], [1495.80037416, 181.0, 366.0], [1496.80037416, 181.0, 366.0], [1497.80037416, 181.0, 366.0], [1498.80037416, 181.0, 366.0], [1499.80037416, 181.0, 366.0], [1500.80037416, 181.0, 366.0], [1501.80037416, 181.0, 366.0], [1502.80037416, 181.0, 366.0], [1503.80037416, 181.0, 366.0], [1504.80037416, 181.0, 366.0], [1505.80037416, 181.0, 366.0]]
- Radius: 2.0
- SeamSize: 2.0 mm
- Shape: <Compound object at 00000152F6AA2570>
- ShapeMaterial: <Material at 00000152F7164860>
- Sliderpos: 0
- TrimByLength: False
- TrimByMultipleLength: False
- TrimByPoint: False
- TrimLength: 0.0 mm
- TrimLengthV1: 0.0 mm
- TrimLengthV2: 0.0 mm
- TrimmedMLengths: {}
- Vectorlength: 10.0
- Visibility: True
- WeldVecs: [[[[0.0, 0.7071067811865476, 0.7071067811865476], [0.0, 0.7071067811865476, 0.7071067811865476], [0.0, 0.7071067811865476, 0.7071067811865476], [0.0, 0.7071067811865476, 0.7071067811865476], [0.0, 0.7071067811865476, 0.7071067811865476], [0.0, 0.7071067811865476, 0.7071067811865476], [0.0, 0.7071067811865476, 0.7071067811865476], [0.0, 0.7071067811865476, 0.7071067811865476], [0.0, 0.7071067811865476, 0.7071067811865476], [-1.2627432790163958e-13, 0.7071067811865476, 0.7071067811865476], [-1.2627432790163958e-13, 0.7071067811865476, 0.7071067811865476], [-1.2627432790163958e-13, 0.7071067811865476, 0.7071067811865476], [-1.2627432790163958e-13, 0.7071067811865476, 0.7071067811865476], [0.0, 0.7071067811865476, 0.7071067811865476], [0.0, 0.7071067811865476, 0.7071067811865476], [0.0, 0.7071067811865476, 0.7071067811865476], [0.0, 0.7071067811865476, 0.7071067811865476], [-1.2627432790163958e-13, 0.7071067811865476, 0.7071067811865476], [-1.2627432790163958e-13, 0.7071067811865476, 0.7071067811865476], [-1.2627432790163958e-13, 0.7071067811865476, 0.7071067811865476], [-1.2627432790163958e-13, 0.7071067811865476, 0.7071067811865476], [0.0, 0.7071067811865476, 0.7071067811865476], [0.0, 0.7071067811865476, 0.7071067811865476], [0.0, 0.7071067811865476, 0.7071067811865476], [0.0, 0.7071067811865476, 0.7071067811865476], [1.2627432790163958e-13, 0.7071067811865476, 0.7071067811865476], [1.2627432790163958e-13, 0.7071067811865476, 0.7071067811865476], [1.2627432790163958e-13, 0.7071067811865476, 0.7071067811865476], [1.2627432790163958e-13, 0.7071067811865476, 0.7071067811865476], [0.0, 0.7071067811865476, 0.7071067811865476], [0.0, 0.7071067811865476, 0.7071067811865476], [0.0, 0.7071067811865476, 0.7071067811865476], [0.0, 0.7071067811865476, 0.7071067811865476], [0.0, 0.7071067811865476, 0.7071067811865476], [0.0, 0.7071067811865476, 0.7071067811865476], [0.0, 0.7071067811865476, 0.7071067811865476], [0.0, 0.7071067811865476, 0.7071067811865476], [0.0, 0.7071067811865476, 0.7071067811865476], [0.0, 0.7071067811865476, 0.7071067811865476], [0.0, 0.7071067811865476, 0.7071067811865476], [0.0, 0.7071067811865476, 0.7071067811865476], [0.0, 0.7071067811865476, 0.7071067811865476], [0.0, 0.7071067811865476, 0.7071067811865476], [0.0, 0.7071067811865476, 0.7071067811865476], [0.0, 0.7071067811865476, 0.7071067811865476], [0.0, 0.7071067811865476, 0.7071067811865476], [0.0, 0.7071067811865476, 0.7071067811865476], [0.0, 0.7071067811865476, 0.7071067811865476], [0.0, 0.7071067811865476, 0.7071067811865476], [0.0, 0.7071067811865476, 0.7071067811865476], [0.0, 0.7071067811865476, 0.7071067811865476], [0.0, 0.7071067811865476, 0.7071067811865476], [0.0, 0.7071067811865476, 0.7071067811865476], [-1.2627432790163958e-13, 0.7071067811865476, 0.7071067811865476], [-1.2627432790163958e-13, 0.7071067811865476, 0.7071067811865476], [-1.2627432790163958e-13, 0.7071067811865476, 0.7071067811865476], [-1.2627432790163958e-13, 0.7071067811865476, 0.7071067811865476], [1.2627432790163958e-13, 0.7071067811865476, 0.7071067811865476], [1.2627432790163958e-13, 0.7071067811865476, 0.7071067811865476], [1.2627432790163958e-13, 0.7071067811865476, 0.7071067811865476], [1.2627432790163958e-13, 0.7071067811865476, 0.7071067811865476], [1.2627432790163958e-13, 0.7071067811865476, 0.7071067811865476], [1.2627432790163958e-13, 0.7071067811865476, 0.7071067811865476], [1.2627432790163958e-13, 0.7071067811865476, 0.7071067811865476], [1.2627432790163958e-13, 0.7071067811865476, 0.7071067811865476], [0.0, 0.7071067811865476, 0.7071067811865476], [0.0, 0.7071067811865476, 0.7071067811865476], [0.0, 0.7071067811865476, 0.7071067811865476], [0.0, 0.7071067811865476, 0.7071067811865476], [1.2627432790163958e-13, 0.7071067811865476, 0.7071067811865476], [1.2627432790163958e-13, 0.7071067811865476, 0.7071067811865476], [1.2627432790163958e-13, 0.7071067811865476, 0.7071067811865476], [1.2627432790163958e-13, 0.7071067811865476, 0.7071067811865476], [0.0, 0.7071067811865476, 0.7071067811865476], [0.0, 0.7071067811865476, 0.7071067811865476], [0.0, 0.7071067811865476, 0.7071067811865476], [0.0, 0.7071067811865476, 0.7071067811865476], [0.0, 0.7071067811865476, 0.7071067811865476], [0.0, 0.7071067811865476, 0.7071067811865476], [0.0, 0.7071067811865476, 0.7071067811865476], [0.0, 0.7071067811865476, 0.7071067811865476], [0.0, 0.7071067811865476, 0.7071067811865476], [0.0, 0.7071067811865476, 0.7071067811865476], [0.0, 0.7071067811865476, 0.7071067811865476], [0.0, 0.7071067811865476, 0.7071067811865476], [0.0, 0.7071067811865476, 0.7071067811865476], [0.0, 0.7071067811865476, 0.7071067811865476], [0.0, 0.7071067811865476, 0.7071067811865476], [0.0, 0.7071067811865476, 0.7071067811865476], [1.2627432790163958e-13, 0.7071067811865476, 0.7071067811865476], [1.2627432790163958e-13, 0.7071067811865476, 0.7071067811865476], [1.2627432790163958e-13, 0.7071067811865476, 0.7071067811865476], [1.2627432790163958e-13, 0.7071067811865476, 0.7071067811865476], [0.0, 0.7071067811865476, 0.7071067811865476], [0.0, 0.7071067811865476, 0.7071067811865476], [0.0, 0.7071067811865476, 0.7071067811865476], [0.0, 0.7071067811865476, 0.7071067811865476], [-1.2627432790163958e-13, 0.7071067811865476, 0.7071067811865476], [-1.2627432790163958e-13, 0.7071067811865476, 0.7071067811865476], [-1.2627432790163958e-13, 0.7071067811865476, 0.7071067811865476], [-1.2627432790163958e-13, 0.7071067811865476, 0.7071067811865476]]]]
- Weldlines: <Compound object at 00000152F6AA28E0>
- _ElementMapVersion: 15.70200.5
- showweldvecs: True

----------------------------------------
WELD 4 of 18
Name: InternalWeldFeature001
Label: Weld2

DETAILED PROPERTIES:
- Type: Part::FeaturePython
- Angle: 0.0
- CorrectedNormals: {}
- Edgeidxs: [0]
- ExpressionEngine: []
- FinalWeldVecs: [[[-1.2627432790163395e-13, 0.707106781186516, -0.7071067811865791], [-1.2627432790163395e-13, 0.707106781186516, -0.7071067811865791], [-1.2627432790163395e-13, 0.707106781186516, -0.7071067811865791], [-1.2627432790163395e-13, 0.707106781186516, -0.7071067811865791], [-1.2627432790163395e-13, 0.707106781186516, -0.7071067811865791], [0.0, 0.707106781186516, -0.7071067811865791], [0.0, 0.707106781186516, -0.7071067811865791], [0.0, 0.707106781186516, -0.7071067811865791], [0.0, 0.707106781186516, -0.7071067811865791], [-1.2627432790163395e-13, 0.707106781186516, -0.7071067811865791], [-1.2627432790163395e-13, 0.707106781186516, -0.7071067811865791], [-1.2627432790163395e-13, 0.707106781186516, -0.7071067811865791], [-1.2627432790163395e-13, 0.707106781186516, -0.7071067811865791], [-1.2627432790163395e-13, 0.707106781186516, -0.7071067811865791], [-1.2627432790163395e-13, 0.707106781186516, -0.7071067811865791], [-1.2627432790163395e-13, 0.707106781186516, -0.7071067811865791], [-1.2627432790163395e-13, 0.707106781186516, -0.7071067811865791], [-2.525486558032679e-13, 0.707106781186516, -0.7071067811865791], [-2.525486558032679e-13, 0.707106781186516, -0.7071067811865791], [-2.525486558032679e-13, 0.707106781186516, -0.7071067811865791], [-2.525486558032679e-13, 0.707106781186516, -0.7071067811865791], [1.2627432790163395e-13, 0.707106781186516, -0.7071067811865791], [1.2627432790163395e-13, 0.707106781186516, -0.7071067811865791], [1.2627432790163395e-13, 0.707106781186516, -0.7071067811865791], [1.2627432790163395e-13, 0.707106781186516, -0.7071067811865791], [-1.2627432790163395e-13, 0.707106781186516, -0.7071067811865791], [-1.2627432790163395e-13, 0.707106781186516, -0.7071067811865791], [-1.2627432790163395e-13, 0.707106781186516, -0.7071067811865791], [-1.2627432790163395e-13, 0.707106781186516, -0.7071067811865791], [0.0, 0.707106781186516, -0.7071067811865791], [0.0, 0.707106781186516, -0.7071067811865791], [0.0, 0.707106781186516, -0.7071067811865791], [0.0, 0.707106781186516, -0.7071067811865791], [0.0, 0.707106781186516, -0.7071067811865791], [0.0, 0.707106781186516, -0.7071067811865791], [0.0, 0.707106781186516, -0.7071067811865791], [0.0, 0.707106781186516, -0.7071067811865791], [0.0, 0.707106781186516, -0.7071067811865791], [0.0, 0.707106781186516, -0.7071067811865791], [0.0, 0.707106781186516, -0.7071067811865791], [0.0, 0.707106781186516, -0.7071067811865791], [-2.525486558032679e-13, 0.707106781186516, -0.7071067811865791], [-2.525486558032679e-13, 0.707106781186516, -0.7071067811865791], [-2.525486558032679e-13, 0.707106781186516, -0.7071067811865791], [-2.525486558032679e-13, 0.707106781186516, -0.7071067811865791], [0.0, 0.707106781186516, -0.7071067811865791], [0.0, 0.707106781186516, -0.7071067811865791], [0.0, 0.707106781186516, -0.7071067811865791], [0.0, 0.707106781186516, -0.7071067811865791], [0.0, 0.707106781186516, -0.7071067811865791], [0.0, 0.707106781186516, -0.7071067811865791], [0.0, 0.707106781186516, -0.7071067811865791], [0.0, 0.707106781186516, -0.7071067811865791], [1.2627432790163395e-13, 0.707106781186516, -0.7071067811865791], [1.2627432790163395e-13, 0.707106781186516, -0.7071067811865791], [1.2627432790163395e-13, 0.707106781186516, -0.7071067811865791], [1.2627432790163395e-13, 0.707106781186516, -0.7071067811865791], [0.0, 0.707106781186516, -0.7071067811865791], [0.0, 0.707106781186516, -0.7071067811865791], [0.0, 0.707106781186516, -0.7071067811865791], [0.0, 0.707106781186516, -0.7071067811865791], [-1.2627432790163395e-13, 0.707106781186516, -0.7071067811865791], [-1.2627432790163395e-13, 0.707106781186516, -0.7071067811865791], [-1.2627432790163395e-13, 0.707106781186516, -0.7071067811865791], [-1.2627432790163395e-13, 0.707106781186516, -0.7071067811865791], [0.0, 0.707106781186516, -0.7071067811865791], [0.0, 0.707106781186516, -0.7071067811865791], [0.0, 0.707106781186516, -0.7071067811865791], [0.0, 0.707106781186516, -0.7071067811865791], [-1.2627432790163395e-13, 0.707106781186516, -0.7071067811865791], [-1.2627432790163395e-13, 0.707106781186516, -0.7071067811865791], [-1.2627432790163395e-13, 0.707106781186516, -0.7071067811865791], [-1.2627432790163395e-13, 0.707106781186516, -0.7071067811865791], [0.0, 0.707106781186516, -0.7071067811865791], [0.0, 0.707106781186516, -0.7071067811865791], [0.0, 0.707106781186516, -0.7071067811865791], [0.0, 0.707106781186516, -0.7071067811865791], [0.0, 0.707106781186516, -0.7071067811865791], [0.0, 0.707106781186516, -0.7071067811865791], [0.0, 0.707106781186516, -0.7071067811865791], [0.0, 0.707106781186516, -0.7071067811865791], [2.525486558032679e-13, 0.707106781186516, -0.7071067811865791], [2.525486558032679e-13, 0.707106781186516, -0.7071067811865791], [2.525486558032679e-13, 0.707106781186516, -0.7071067811865791], [2.525486558032679e-13, 0.707106781186516, -0.7071067811865791], [0.0, 0.707106781186516, -0.7071067811865791], [0.0, 0.707106781186516, -0.7071067811865791], [0.0, 0.707106781186516, -0.7071067811865791], [0.0, 0.707106781186516, -0.7071067811865791], [0.0, 0.707106781186516, -0.7071067811865791], [0.0, 0.707106781186516, -0.7071067811865791], [0.0, 0.707106781186516, -0.7071067811865791], [0.0, 0.707106781186516, -0.7071067811865791], [0.0, 0.707106781186516, -0.7071067811865791], [0.0, 0.707106781186516, -0.7071067811865791], [0.0, 0.707106781186516, -0.7071067811865791], [0.0, 0.707106781186516, -0.7071067811865791], [-1.2627432790163395e-13, 0.707106781186516, -0.7071067811865791], [-1.2627432790163395e-13, 0.707106781186516, -0.7071067811865791], [0.0, 0.707106781186516, -0.7071067811865791], [0.0, 0.707106781186516, -0.7071067811865791]]]
- HeatSource: None
- IntermittentBeadLength: 0.0 mm
- IntermittentBeadPitch: 0.0 mm
- IntermittentBeadQty: 0.0
- IntermittentLen: False
- IntermittentLenRound: False
- IntermittentPitch: False
- IntermittentQty: False
- IntermittentQtyRound: False
- IntermittentRBeadLength: 0.0 mm
- IntermittentRBeadPitch: 0.0 mm
- IntermittentResult: 0.0
- IntermittentResultLen: 0.0
- IntermittentTrimEachBead: False
- IntermittentTrimEachBeadLen: False
- IntermittentWeldedSection: 0.0 mm
- Interval: 4
- Label2: 
- Material: None
- MoveV1: False
- MoveV2: False
- PerEdgePts: [[[1505.80037416, 181.0, 360.0], [1504.80037416, 181.0, 360.0], [1503.80037416, 181.0, 360.0], [1502.80037416, 181.0, 360.0], [1501.80037416, 181.0, 360.0], [1500.80037416, 181.0, 360.0], [1499.80037416, 181.0, 360.0], [1498.80037416, 181.0, 360.0], [1497.80037416, 181.0, 360.0], [1496.80037416, 181.0, 360.0], [1495.80037416, 181.0, 360.0], [1494.80037416, 181.0, 360.0], [1493.80037416, 181.0, 360.0], [1492.80037416, 181.0, 360.0], [1491.80037416, 181.0, 360.0], [1490.80037416, 181.0, 360.0], [1489.80037416, 181.0, 360.0], [1488.80037416, 181.0, 360.0], [1487.80037416, 181.0, 360.0], [1486.80037416, 181.0, 360.0], [1485.80037416, 181.0, 360.0], [1484.80037416, 181.0, 360.0], [1483.80037416, 181.0, 360.0], [1482.80037416, 181.0, 360.0], [1481.80037416, 181.0, 360.0], [1480.80037416, 181.0, 360.0], [1479.80037416, 181.0, 360.0], [1478.80037416, 181.0, 360.0], [1477.80037416, 181.0, 360.0], [1476.80037416, 181.0, 360.0], [1475.80037416, 181.0, 360.0], [1474.80037416, 181.0, 360.0], [1473.80037416, 181.0, 360.0], [1472.80037416, 181.0, 360.0], [1471.80037416, 181.0, 360.0], [1470.80037416, 181.0, 360.0], [1469.80037416, 181.0, 360.0], [1468.80037416, 181.0, 360.0], [1467.80037416, 181.0, 360.0], [1466.80037416, 181.0, 360.0], [1465.80037416, 181.0, 360.0], [1464.80037416, 181.0, 360.0], [1463.80037416, 181.0, 360.0], [1462.80037416, 181.0, 360.0], [1461.80037416, 181.0, 360.0], [1460.80037416, 181.0, 360.0], [1459.80037416, 181.0, 360.0], [1458.80037416, 181.0, 360.0], [1457.80037416, 181.0, 360.0], [1456.80037416, 181.0, 360.0], [1455.80037416, 181.0, 360.0], [1454.80037416, 181.0, 360.0], [1453.80037416, 181.0, 360.0], [1452.80037416, 181.0, 360.0], [1451.80037416, 181.0, 360.0], [1450.80037416, 181.0, 360.0], [1449.80037416, 181.0, 360.0], [1448.80037416, 181.0, 360.0], [1447.80037416, 181.0, 360.0], [1446.80037416, 181.0, 360.0], [1445.80037416, 181.0, 360.0], [1444.80037416, 181.0, 360.0], [1443.80037416, 181.0, 360.0], [1442.80037416, 181.0, 360.0], [1441.80037416, 181.0, 360.0], [1440.80037416, 181.0, 360.0], [1439.80037416, 181.0, 360.0], [1438.80037416, 181.0, 360.0], [1437.80037416, 181.0, 360.0], [1436.80037416, 181.0, 360.0], [1435.80037416, 181.0, 360.0], [1434.80037416, 181.0, 360.0], [1433.80037416, 181.0, 360.0], [1432.80037416, 181.0, 360.0], [1431.80037416, 181.0, 360.0], [1430.80037416, 181.0, 360.0], [1429.80037416, 181.0, 360.0], [1428.80037416, 181.0, 360.0], [1427.80037416, 181.0, 360.0], [1426.80037416, 181.0, 360.0], [1425.80037416, 181.0, 360.0], [1424.80037416, 181.0, 360.0], [1423.80037416, 181.0, 360.0], [1422.80037416, 181.0, 360.0], [1421.80037416, 181.0, 360.0], [1420.80037416, 181.0, 360.0], [1419.80037416, 181.0, 360.0], [1418.80037416, 181.0, 360.0], [1417.80037416, 181.0, 360.0], [1416.80037416, 181.0, 360.0], [1415.80037416, 181.0, 360.0], [1414.80037416, 181.0, 360.0], [1413.80037416, 181.0, 360.0], [1412.80037416, 181.0, 360.0], [1411.80037416, 181.0, 360.0], [1410.80037416, 181.0, 360.0], [1409.80037416, 181.0, 360.0], [1408.80037416, 181.0, 360.0], [1407.80037416, 181.0, 360.0], [1406.80037416, 181.0, 360.0], [1405.80037416, 181.0, 360.0]]]
- PerEdgeTangs: [[[-1.0, 0.0, 0.0], [-1.0, 0.0, 0.0], [-1.0, 0.0, 0.0], [-1.0, 0.0, 0.0], [-1.0, 0.0, 0.0], [-1.0, 0.0, 0.0], [-1.0, 0.0, 0.0], [-1.0, 0.0, 0.0], [-1.0, 0.0, 0.0], [-1.0, 0.0, 0.0], [-1.0, 0.0, 0.0], [-1.0, 0.0, 0.0], [-1.0, 0.0, 0.0], [-1.0, 0.0, 0.0], [-1.0, 0.0, 0.0], [-1.0, 0.0, 0.0], [-1.0, 0.0, 0.0], [-1.0, 0.0, 0.0], [-1.0, 0.0, 0.0], [-1.0, 0.0, 0.0], [-1.0, 0.0, 0.0], [-1.0, 0.0, 0.0], [-1.0, 0.0, 0.0], [-1.0, 0.0, 0.0], [-1.0, 0.0, 0.0], [-1.0, 0.0, 0.0], [-1.0, 0.0, 0.0], [-1.0, 0.0, 0.0], [-1.0, 0.0, 0.0], [-1.0, 0.0, 0.0], [-1.0, 0.0, 0.0], [-1.0, 0.0, 0.0], [-1.0, 0.0, 0.0], [-1.0, 0.0, 0.0], [-1.0, 0.0, 0.0], [-1.0, 0.0, 0.0], [-1.0, 0.0, 0.0], [-1.0, 0.0, 0.0], [-1.0, 0.0, 0.0], [-1.0, 0.0, 0.0], [-1.0, 0.0, 0.0], [-1.0, 0.0, 0.0], [-1.0, 0.0, 0.0], [-1.0, 0.0, 0.0], [-1.0, 0.0, 0.0], [-1.0, 0.0, 0.0], [-1.0, 0.0, 0.0], [-1.0, 0.0, 0.0], [-1.0, 0.0, 0.0], [-1.0, 0.0, 0.0], [-1.0, 0.0, 0.0], [-1.0, 0.0, 0.0], [-1.0, 0.0, 0.0], [-1.0, 0.0, 0.0], [-1.0, 0.0, 0.0], [-1.0, 0.0, 0.0], [-1.0, 0.0, 0.0], [-1.0, 0.0, 0.0], [-1.0, 0.0, 0.0], [-1.0, 0.0, 0.0], [-1.0, 0.0, 0.0], [-1.0, 0.0, 0.0], [-1.0, 0.0, 0.0], [-1.0, 0.0, 0.0], [-1.0, 0.0, 0.0], [-1.0, 0.0, 0.0], [-1.0, 0.0, 0.0], [-1.0, 0.0, 0.0], [-1.0, 0.0, 0.0], [-1.0, 0.0, 0.0], [-1.0, 0.0, 0.0], [-1.0, 0.0, 0.0], [-1.0, 0.0, 0.0], [-1.0, 0.0, 0.0], [-1.0, 0.0, 0.0], [-1.0, 0.0, 0.0], [-1.0, 0.0, 0.0], [-1.0, 0.0, 0.0], [-1.0, 0.0, 0.0], [-1.0, 0.0, 0.0], [-1.0, 0.0, 0.0], [-1.0, 0.0, 0.0], [-1.0, 0.0, 0.0], [-1.0, 0.0, 0.0], [-1.0, 0.0, 0.0], [-1.0, 0.0, 0.0], [-1.0, 0.0, 0.0], [-1.0, 0.0, 0.0], [-1.0, 0.0, 0.0], [-1.0, 0.0, 0.0], [-1.0, 0.0, 0.0], [-1.0, 0.0, 0.0], [-1.0, 0.0, 0.0], [-1.0, 0.0, 0.0], [-1.0, 0.0, 0.0], [-1.0, 0.0, 0.0], [-1.0, 0.0, 0.0], [-1.0, 0.0, 0.0], [-1.0, 0.0, 0.0], [-1.0, 0.0, 0.0], [-1.0, 0.0, 0.0]]]
- Placement: Placement [Pos=(0,0,0), Yaw-Pitch-Roll=(0,0,0)]
- PointEnd: Vector (0.0, 0.0, 0.0)
- PointStart: Vector (0.0, 0.0, 0.0)
- Process: None
- Proxy: <Functions.FPweldline.Path3D object at 0x00000152F138EA10>
- Pts: [[1505.80037416, 181.0, 360.0], [1504.80037416, 181.0, 360.0], [1503.80037416, 181.0, 360.0], [1502.80037416, 181.0, 360.0], [1501.80037416, 181.0, 360.0], [1500.80037416, 181.0, 360.0], [1499.80037416, 181.0, 360.0], [1498.80037416, 181.0, 360.0], [1497.80037416, 181.0, 360.0], [1496.80037416, 181.0, 360.0], [1495.80037416, 181.0, 360.0], [1494.80037416, 181.0, 360.0], [1493.80037416, 181.0, 360.0], [1492.80037416, 181.0, 360.0], [1491.80037416, 181.0, 360.0], [1490.80037416, 181.0, 360.0], [1489.80037416, 181.0, 360.0], [1488.80037416, 181.0, 360.0], [1487.80037416, 181.0, 360.0], [1486.80037416, 181.0, 360.0], [1485.80037416, 181.0, 360.0], [1484.80037416, 181.0, 360.0], [1483.80037416, 181.0, 360.0], [1482.80037416, 181.0, 360.0], [1481.80037416, 181.0, 360.0], [1480.80037416, 181.0, 360.0], [1479.80037416, 181.0, 360.0], [1478.80037416, 181.0, 360.0], [1477.80037416, 181.0, 360.0], [1476.80037416, 181.0, 360.0], [1475.80037416, 181.0, 360.0], [1474.80037416, 181.0, 360.0], [1473.80037416, 181.0, 360.0], [1472.80037416, 181.0, 360.0], [1471.80037416, 181.0, 360.0], [1470.80037416, 181.0, 360.0], [1469.80037416, 181.0, 360.0], [1468.80037416, 181.0, 360.0], [1467.80037416, 181.0, 360.0], [1466.80037416, 181.0, 360.0], [1465.80037416, 181.0, 360.0], [1464.80037416, 181.0, 360.0], [1463.80037416, 181.0, 360.0], [1462.80037416, 181.0, 360.0], [1461.80037416, 181.0, 360.0], [1460.80037416, 181.0, 360.0], [1459.80037416, 181.0, 360.0], [1458.80037416, 181.0, 360.0], [1457.80037416, 181.0, 360.0], [1456.80037416, 181.0, 360.0], [1455.80037416, 181.0, 360.0], [1454.80037416, 181.0, 360.0], [1453.80037416, 181.0, 360.0], [1452.80037416, 181.0, 360.0], [1451.80037416, 181.0, 360.0], [1450.80037416, 181.0, 360.0], [1449.80037416, 181.0, 360.0], [1448.80037416, 181.0, 360.0], [1447.80037416, 181.0, 360.0], [1446.80037416, 181.0, 360.0], [1445.80037416, 181.0, 360.0], [1444.80037416, 181.0, 360.0], [1443.80037416, 181.0, 360.0], [1442.80037416, 181.0, 360.0], [1441.80037416, 181.0, 360.0], [1440.80037416, 181.0, 360.0], [1439.80037416, 181.0, 360.0], [1438.80037416, 181.0, 360.0], [1437.80037416, 181.0, 360.0], [1436.80037416, 181.0, 360.0], [1435.80037416, 181.0, 360.0], [1434.80037416, 181.0, 360.0], [1433.80037416, 181.0, 360.0], [1432.80037416, 181.0, 360.0], [1431.80037416, 181.0, 360.0], [1430.80037416, 181.0, 360.0], [1429.80037416, 181.0, 360.0], [1428.80037416, 181.0, 360.0], [1427.80037416, 181.0, 360.0], [1426.80037416, 181.0, 360.0], [1425.80037416, 181.0, 360.0], [1424.80037416, 181.0, 360.0], [1423.80037416, 181.0, 360.0], [1422.80037416, 181.0, 360.0], [1421.80037416, 181.0, 360.0], [1420.80037416, 181.0, 360.0], [1419.80037416, 181.0, 360.0], [1418.80037416, 181.0, 360.0], [1417.80037416, 181.0, 360.0], [1416.80037416, 181.0, 360.0], [1415.80037416, 181.0, 360.0], [1414.80037416, 181.0, 360.0], [1413.80037416, 181.0, 360.0], [1412.80037416, 181.0, 360.0], [1411.80037416, 181.0, 360.0], [1410.80037416, 181.0, 360.0], [1409.80037416, 181.0, 360.0], [1408.80037416, 181.0, 360.0], [1407.80037416, 181.0, 360.0], [1406.80037416, 181.0, 360.0], [1405.80037416, 181.0, 360.0]]
- Radius: 2.0
- SeamSize: 2.0 mm
- Shape: <Compound object at 00000152F6AA2DB0>
- ShapeMaterial: <Material at 00000152F7164860>
- Sliderpos: 0
- TrimByLength: False
- TrimByMultipleLength: False
- TrimByPoint: False
- TrimLength: 0.0 mm
- TrimLengthV1: 0.0 mm
- TrimLengthV2: 0.0 mm
- TrimmedMLengths: {}
- Vectorlength: 10.0
- Visibility: True
- WeldVecs: [[[[-1.2627432790163395e-13, 0.707106781186516, -0.7071067811865791], [-1.2627432790163395e-13, 0.707106781186516, -0.7071067811865791], [-1.2627432790163395e-13, 0.707106781186516, -0.7071067811865791], [-1.2627432790163395e-13, 0.707106781186516, -0.7071067811865791], [-1.2627432790163395e-13, 0.707106781186516, -0.7071067811865791], [0.0, 0.707106781186516, -0.7071067811865791], [0.0, 0.707106781186516, -0.7071067811865791], [0.0, 0.707106781186516, -0.7071067811865791], [0.0, 0.707106781186516, -0.7071067811865791], [-1.2627432790163395e-13, 0.707106781186516, -0.7071067811865791], [-1.2627432790163395e-13, 0.707106781186516, -0.7071067811865791], [-1.2627432790163395e-13, 0.707106781186516, -0.7071067811865791], [-1.2627432790163395e-13, 0.707106781186516, -0.7071067811865791], [-1.2627432790163395e-13, 0.707106781186516, -0.7071067811865791], [-1.2627432790163395e-13, 0.707106781186516, -0.7071067811865791], [-1.2627432790163395e-13, 0.707106781186516, -0.7071067811865791], [-1.2627432790163395e-13, 0.707106781186516, -0.7071067811865791], [-2.525486558032679e-13, 0.707106781186516, -0.7071067811865791], [-2.525486558032679e-13, 0.707106781186516, -0.7071067811865791], [-2.525486558032679e-13, 0.707106781186516, -0.7071067811865791], [-2.525486558032679e-13, 0.707106781186516, -0.7071067811865791], [1.2627432790163395e-13, 0.707106781186516, -0.7071067811865791], [1.2627432790163395e-13, 0.707106781186516, -0.7071067811865791], [1.2627432790163395e-13, 0.707106781186516, -0.7071067811865791], [1.2627432790163395e-13, 0.707106781186516, -0.7071067811865791], [-1.2627432790163395e-13, 0.707106781186516, -0.7071067811865791], [-1.2627432790163395e-13, 0.707106781186516, -0.7071067811865791], [-1.2627432790163395e-13, 0.707106781186516, -0.7071067811865791], [-1.2627432790163395e-13, 0.707106781186516, -0.7071067811865791], [0.0, 0.707106781186516, -0.7071067811865791], [0.0, 0.707106781186516, -0.7071067811865791], [0.0, 0.707106781186516, -0.7071067811865791], [0.0, 0.707106781186516, -0.7071067811865791], [0.0, 0.707106781186516, -0.7071067811865791], [0.0, 0.707106781186516, -0.7071067811865791], [0.0, 0.707106781186516, -0.7071067811865791], [0.0, 0.707106781186516, -0.7071067811865791], [0.0, 0.707106781186516, -0.7071067811865791], [0.0, 0.707106781186516, -0.7071067811865791], [0.0, 0.707106781186516, -0.7071067811865791], [0.0, 0.707106781186516, -0.7071067811865791], [-2.525486558032679e-13, 0.707106781186516, -0.7071067811865791], [-2.525486558032679e-13, 0.707106781186516, -0.7071067811865791], [-2.525486558032679e-13, 0.707106781186516, -0.7071067811865791], [-2.525486558032679e-13, 0.707106781186516, -0.7071067811865791], [0.0, 0.707106781186516, -0.7071067811865791], [0.0, 0.707106781186516, -0.7071067811865791], [0.0, 0.707106781186516, -0.7071067811865791], [0.0, 0.707106781186516, -0.7071067811865791], [0.0, 0.707106781186516, -0.7071067811865791], [0.0, 0.707106781186516, -0.7071067811865791], [0.0, 0.707106781186516, -0.7071067811865791], [0.0, 0.707106781186516, -0.7071067811865791], [1.2627432790163395e-13, 0.707106781186516, -0.7071067811865791], [1.2627432790163395e-13, 0.707106781186516, -0.7071067811865791], [1.2627432790163395e-13, 0.707106781186516, -0.7071067811865791], [1.2627432790163395e-13, 0.707106781186516, -0.7071067811865791], [0.0, 0.707106781186516, -0.7071067811865791], [0.0, 0.707106781186516, -0.7071067811865791], [0.0, 0.707106781186516, -0.7071067811865791], [0.0, 0.707106781186516, -0.7071067811865791], [-1.2627432790163395e-13, 0.707106781186516, -0.7071067811865791], [-1.2627432790163395e-13, 0.707106781186516, -0.7071067811865791], [-1.2627432790163395e-13, 0.707106781186516, -0.7071067811865791], [-1.2627432790163395e-13, 0.707106781186516, -0.7071067811865791], [0.0, 0.707106781186516, -0.7071067811865791], [0.0, 0.707106781186516, -0.7071067811865791], [0.0, 0.707106781186516, -0.7071067811865791], [0.0, 0.707106781186516, -0.7071067811865791], [-1.2627432790163395e-13, 0.707106781186516, -0.7071067811865791], [-1.2627432790163395e-13, 0.707106781186516, -0.7071067811865791], [-1.2627432790163395e-13, 0.707106781186516, -0.7071067811865791], [-1.2627432790163395e-13, 0.707106781186516, -0.7071067811865791], [0.0, 0.707106781186516, -0.7071067811865791], [0.0, 0.707106781186516, -0.7071067811865791], [0.0, 0.707106781186516, -0.7071067811865791], [0.0, 0.707106781186516, -0.7071067811865791], [0.0, 0.707106781186516, -0.7071067811865791], [0.0, 0.707106781186516, -0.7071067811865791], [0.0, 0.707106781186516, -0.7071067811865791], [0.0, 0.707106781186516, -0.7071067811865791], [2.525486558032679e-13, 0.707106781186516, -0.7071067811865791], [2.525486558032679e-13, 0.707106781186516, -0.7071067811865791], [2.525486558032679e-13, 0.707106781186516, -0.7071067811865791], [2.525486558032679e-13, 0.707106781186516, -0.7071067811865791], [0.0, 0.707106781186516, -0.7071067811865791], [0.0, 0.707106781186516, -0.7071067811865791], [0.0, 0.707106781186516, -0.7071067811865791], [0.0, 0.707106781186516, -0.7071067811865791], [0.0, 0.707106781186516, -0.7071067811865791], [0.0, 0.707106781186516, -0.7071067811865791], [0.0, 0.707106781186516, -0.7071067811865791], [0.0, 0.707106781186516, -0.7071067811865791], [0.0, 0.707106781186516, -0.7071067811865791], [0.0, 0.707106781186516, -0.7071067811865791], [0.0, 0.707106781186516, -0.7071067811865791], [0.0, 0.707106781186516, -0.7071067811865791], [-1.2627432790163395e-13, 0.707106781186516, -0.7071067811865791], [-1.2627432790163395e-13, 0.707106781186516, -0.7071067811865791], [0.0, 0.707106781186516, -0.7071067811865791], [0.0, 0.707106781186516, -0.7071067811865791]]]]
- Weldlines: <Compound object at 00000152F6AA2A40>
- _ElementMapVersion: 15.70200.5
- showweldvecs: True

----------------------------------------
WELD 5 of 18
Name: InternalWeldFeature002
Label: Weld3

DETAILED PROPERTIES:
- Type: Part::FeaturePython
- Angle: 0.0
- CorrectedNormals: {}
- Edgeidxs: [0]
- ExpressionEngine: []
- FinalWeldVecs: [[[0.7071067811864844, 0.7071067811866106, 0.0], [0.7071067811864844, 0.7071067811866106, 0.0], [0.7071067811864844, 0.7071067811866106, 0.0], [0.7071067811864844, 0.7071067811866106, 0.0], [0.7071067811864844, 0.7071067811866106, 0.0], [0.7071067811864844, 0.7071067811866106, 0.0], [0.7071067811864844, 0.7071067811866106, 0.0], [0.7071067811864844, 0.7071067811866106, 0.0], [0.7071067811864844, 0.7071067811866106, 0.0], [0.7071067811864844, 0.7071067811866106, 0.0], [0.7071067811864844, 0.7071067811866106, 0.0], [0.7071067811864844, 0.7071067811866106, 0.0], [0.7071067811864844, 0.7071067811866106, 0.0], [0.7071067811864844, 0.7071067811866106, 0.0], [0.7071067811864844, 0.7071067811866106, 0.0], [0.7071067811864844, 0.7071067811866106, 0.0], [0.7071067811864844, 0.7071067811866106, 0.0], [0.7071067811864844, 0.7071067811866106, 3.1568581975412715e-14], [0.7071067811864844, 0.7071067811866106, 3.1568581975412715e-14], [0.7071067811864844, 0.7071067811866106, 3.1568581975412715e-14], [0.7071067811864844, 0.7071067811866106, 3.1568581975412715e-14], [0.7071067811864686, 0.7071067811866265, 0.0], [0.7071067811864686, 0.7071067811866265, 0.0], [0.7071067811864686, 0.7071067811866265, 0.0], [0.7071067811864686, 0.7071067811866265, 0.0], [0.7071067811864686, 0.7071067811866265, -6.313716395082402e-14], [0.7071067811864686, 0.7071067811866265, -6.313716395082402e-14], [0.7071067811864686, 0.7071067811866265, -6.313716395082402e-14], [0.7071067811864686, 0.7071067811866265, -6.313716395082402e-14], [0.7071067811864686, 0.7071067811866265, 0.0], [0.7071067811864686, 0.7071067811866265, 0.0], [0.7071067811864686, 0.7071067811866265, 0.0], [0.7071067811864686, 0.7071067811866265, 0.0], [0.7071067811864686, 0.7071067811866265, -3.156858197541201e-14], [0.7071067811864686, 0.7071067811866265, -3.156858197541201e-14], [0.7071067811864686, 0.7071067811866265, -3.156858197541201e-14], [0.7071067811864686, 0.7071067811866265, -3.156858197541201e-14], [0.7071067811864686, 0.7071067811866265, 0.0], [0.7071067811864686, 0.7071067811866265, 0.0], [0.7071067811864686, 0.7071067811866265, 0.0], [0.7071067811864686, 0.7071067811866265, 0.0], [0.7071067811864686, 0.7071067811866265, 0.0], [0.7071067811864686, 0.7071067811866265, 0.0], [0.7071067811864686, 0.7071067811866265, 0.0], [0.7071067811864686, 0.7071067811866265, 0.0], [0.7071067811864686, 0.7071067811866265, 0.0], [0.7071067811864686, 0.7071067811866265, 0.0], [0.7071067811864686, 0.7071067811866265, 0.0], [0.7071067811864686, 0.7071067811866265, 0.0], [0.7071067811864686, 0.7071067811866265, 0.0], [0.7071067811864686, 0.7071067811866265, 0.0], [0.7071067811864686, 0.7071067811866265, 0.0], [0.7071067811864686, 0.7071067811866265, 0.0], [0.7071067811863976, 0.7071067811866975, 0.0], [0.7071067811863976, 0.7071067811866975, 0.0], [0.7071067811863976, 0.7071067811866975, 0.0], [0.7071067811863976, 0.7071067811866975, 0.0], [0.7071067811863976, 0.7071067811866975, 0.0], [0.7071067811863976, 0.7071067811866975, 0.0], [0.7071067811863976, 0.7071067811866975, 0.0], [0.7071067811863976, 0.7071067811866975, 0.0], [0.7071067811863976, 0.7071067811866975, -3.1568581975414476e-14], [0.7071067811863976, 0.7071067811866975, -3.1568581975414476e-14], [0.7071067811863976, 0.7071067811866975, -3.1568581975414476e-14], [0.7071067811863976, 0.7071067811866975, -3.1568581975414476e-14], [0.7071067811863976, 0.7071067811866975, 0.0], [0.7071067811863976, 0.7071067811866975, 0.0], [0.7071067811863976, 0.7071067811866975, 0.0], [0.7071067811863976, 0.7071067811866975, 0.0], [0.7071067811863976, 0.7071067811866975, -3.1568581975414476e-14], [0.7071067811863976, 0.7071067811866975, -3.1568581975414476e-14]]]
- HeatSource: None
- IntermittentBeadLength: 0.0 mm
- IntermittentBeadPitch: 0.0 mm
- IntermittentBeadQty: 0.0
- IntermittentLen: False
- IntermittentLenRound: False
- IntermittentPitch: False
- IntermittentQty: False
- IntermittentQtyRound: False
- IntermittentRBeadLength: 0.0 mm
- IntermittentRBeadPitch: 0.0 mm
- IntermittentResult: 0.0
- IntermittentResultLen: 0.0
- IntermittentTrimEachBead: False
- IntermittentTrimEachBeadLen: False
- IntermittentWeldedSection: 0.0 mm
- Interval: 4
- Label2: 
- Material: None
- MoveV1: False
- MoveV2: False
- PerEdgePts: [[[1405.80037416, 181.0, 360.0], [1405.80037416, 181.0, 359.0], [1405.80037416, 181.0, 358.0], [1405.80037416, 181.0, 357.0], [1405.80037416, 181.0, 356.0], [1405.80037416, 181.0, 355.0], [1405.80037416, 181.0, 354.0], [1405.80037416, 181.0, 353.0], [1405.80037416, 181.0, 352.0], [1405.80037416, 181.0, 351.0], [1405.80037416, 181.0, 350.0], [1405.80037416, 181.0, 349.0], [1405.80037416, 181.0, 348.0], [1405.80037416, 181.0, 347.0], [1405.80037416, 181.0, 346.0], [1405.80037416, 181.0, 345.0], [1405.80037416, 181.0, 344.0], [1405.80037416, 181.0, 343.0], [1405.8003741600003, 181.0, 342.0], [1405.8003741600003, 181.0, 341.0], [1405.8003741600003, 181.0, 340.0], [1405.8003741600003, 181.0, 339.0], [1405.8003741600003, 181.0, 338.0], [1405.8003741600003, 181.0, 337.0], [1405.8003741600003, 181.0, 336.0], [1405.8003741600003, 181.0, 335.0], [1405.8003741600003, 181.0, 334.0], [1405.8003741600003, 181.0, 333.0], [1405.8003741600003, 181.0, 332.0], [1405.8003741600003, 181.0, 331.0], [1405.8003741600003, 181.0, 330.0], [1405.8003741600003, 181.0, 329.0], [1405.8003741600003, 181.0, 328.0], [1405.8003741600003, 181.0, 327.0], [1405.8003741600003, 181.0, 326.0], [1405.8003741600003, 181.0, 325.0], [1405.8003741600003, 181.0, 324.0], [1405.8003741600003, 181.0, 323.0], [1405.8003741600003, 181.0, 322.0], [1405.8003741600003, 181.0, 321.0], [1405.8003741600003, 181.0, 320.0], [1405.8003741600003, 181.0, 319.0], [1405.8003741600003, 181.0, 318.0], [1405.8003741600003, 181.0, 317.0], [1405.8003741600003, 181.0, 316.0], [1405.8003741600003, 181.0, 315.0], [1405.8003741600003, 181.0, 314.0], [1405.8003741600003, 181.0, 313.0], [1405.8003741600003, 181.0, 312.0], [1405.8003741600003, 181.0, 311.0], [1405.8003741600003, 181.0, 310.0], [1405.8003741600003, 181.0, 309.0], [1405.8003741600003, 181.0, 308.0], [1405.8003741600005, 181.0, 307.0], [1405.8003741600005, 181.0, 306.0], [1405.8003741600005, 181.0, 305.0], [1405.8003741600005, 181.0, 304.0], [1405.8003741600005, 181.0, 303.0], [1405.8003741600005, 181.0, 302.0], [1405.8003741600005, 181.0, 301.0], [1405.8003741600005, 181.0, 300.0], [1405.8003741600005, 181.0, 299.0], [1405.8003741600005, 181.0, 298.0], [1405.8003741600005, 181.0, 297.0], [1405.8003741600005, 181.0, 296.0], [1405.8003741600005, 181.0, 295.0], [1405.8003741600005, 181.0, 294.0], [1405.8003741600005, 181.0, 293.0], [1405.8003741600005, 181.0, 292.0], [1405.8003741600005, 181.0, 291.0], [1405.8003741600005, 181.0, 290.0]]]
- PerEdgeTangs: [[[6.496390726949e-15, 0.0, -1.0], [6.496390726949e-15, 0.0, -1.0], [6.496390726949e-15, 0.0, -1.0], [6.496390726949e-15, 0.0, -1.0], [6.496390726949e-15, 0.0, -1.0], [6.496390726949e-15, 0.0, -1.0], [6.496390726949e-15, 0.0, -1.0], [6.496390726949e-15, 0.0, -1.0], [6.496390726949e-15, 0.0, -1.0], [6.496390726949e-15, 0.0, -1.0], [6.496390726949e-15, 0.0, -1.0], [6.496390726949e-15, 0.0, -1.0], [6.496390726949e-15, 0.0, -1.0], [6.496390726949e-15, 0.0, -1.0], [6.496390726949e-15, 0.0, -1.0], [6.496390726949e-15, 0.0, -1.0], [6.496390726949e-15, 0.0, -1.0], [6.496390726949e-15, 0.0, -1.0], [6.496390726949e-15, 0.0, -1.0], [6.496390726949e-15, 0.0, -1.0], [6.496390726949e-15, 0.0, -1.0], [6.496390726949e-15, 0.0, -1.0], [6.496390726949e-15, 0.0, -1.0], [6.496390726949e-15, 0.0, -1.0], [6.496390726949e-15, 0.0, -1.0], [6.496390726949e-15, 0.0, -1.0], [6.496390726949e-15, 0.0, -1.0], [6.496390726949e-15, 0.0, -1.0], [6.496390726949e-15, 0.0, -1.0], [6.496390726949e-15, 0.0, -1.0], [6.496390726949e-15, 0.0, -1.0], [6.496390726949e-15, 0.0, -1.0], [6.496390726949e-15, 0.0, -1.0], [6.496390726949e-15, 0.0, -1.0], [6.496390726949e-15, 0.0, -1.0], [6.496390726949e-15, 0.0, -1.0], [6.496390726949e-15, 0.0, -1.0], [6.496390726949e-15, 0.0, -1.0], [6.496390726949e-15, 0.0, -1.0], [6.496390726949e-15, 0.0, -1.0], [6.496390726949e-15, 0.0, -1.0], [6.496390726949e-15, 0.0, -1.0], [6.496390726949e-15, 0.0, -1.0], [6.496390726949e-15, 0.0, -1.0], [6.496390726949e-15, 0.0, -1.0], [6.496390726949e-15, 0.0, -1.0], [6.496390726949e-15, 0.0, -1.0], [6.496390726949e-15, 0.0, -1.0], [6.496390726949e-15, 0.0, -1.0], [6.496390726949e-15, 0.0, -1.0], [6.496390726949e-15, 0.0, -1.0], [6.496390726949e-15, 0.0, -1.0], [6.496390726949e-15, 0.0, -1.0], [6.496390726949e-15, 0.0, -1.0], [6.496390726949e-15, 0.0, -1.0], [6.496390726949e-15, 0.0, -1.0], [6.496390726949e-15, 0.0, -1.0], [6.496390726949e-15, 0.0, -1.0], [6.496390726949e-15, 0.0, -1.0], [6.496390726949e-15, 0.0, -1.0], [6.496390726949e-15, 0.0, -1.0], [6.496390726949e-15, 0.0, -1.0], [6.496390726949e-15, 0.0, -1.0], [6.496390726949e-15, 0.0, -1.0], [6.496390726949e-15, 0.0, -1.0], [6.496390726949e-15, 0.0, -1.0], [6.496390726949e-15, 0.0, -1.0], [6.496390726949e-15, 0.0, -1.0], [6.496390726949e-15, 0.0, -1.0], [6.496390726949e-15, 0.0, -1.0], [6.496390726949e-15, 0.0, -1.0]]]
- Placement: Placement [Pos=(0,0,0), Yaw-Pitch-Roll=(0,0,0)]
- PointEnd: Vector (0.0, 0.0, 0.0)
- PointStart: Vector (0.0, 0.0, 0.0)
- Process: None
- Proxy: <Functions.FPweldline.Path3D object at 0x00000152F13A2010>
- Pts: [[1405.80037416, 181.0, 360.0], [1405.80037416, 181.0, 359.0], [1405.80037416, 181.0, 358.0], [1405.80037416, 181.0, 357.0], [1405.80037416, 181.0, 356.0], [1405.80037416, 181.0, 355.0], [1405.80037416, 181.0, 354.0], [1405.80037416, 181.0, 353.0], [1405.80037416, 181.0, 352.0], [1405.80037416, 181.0, 351.0], [1405.80037416, 181.0, 350.0], [1405.80037416, 181.0, 349.0], [1405.80037416, 181.0, 348.0], [1405.80037416, 181.0, 347.0], [1405.80037416, 181.0, 346.0], [1405.80037416, 181.0, 345.0], [1405.80037416, 181.0, 344.0], [1405.80037416, 181.0, 343.0], [1405.8003741600003, 181.0, 342.0], [1405.8003741600003, 181.0, 341.0], [1405.8003741600003, 181.0, 340.0], [1405.8003741600003, 181.0, 339.0], [1405.8003741600003, 181.0, 338.0], [1405.8003741600003, 181.0, 337.0], [1405.8003741600003, 181.0, 336.0], [1405.8003741600003, 181.0, 335.0], [1405.8003741600003, 181.0, 334.0], [1405.8003741600003, 181.0, 333.0], [1405.8003741600003, 181.0, 332.0], [1405.8003741600003, 181.0, 331.0], [1405.8003741600003, 181.0, 330.0], [1405.8003741600003, 181.0, 329.0], [1405.8003741600003, 181.0, 328.0], [1405.8003741600003, 181.0, 327.0], [1405.8003741600003, 181.0, 326.0], [1405.8003741600003, 181.0, 325.0], [1405.8003741600003, 181.0, 324.0], [1405.8003741600003, 181.0, 323.0], [1405.8003741600003, 181.0, 322.0], [1405.8003741600003, 181.0, 321.0], [1405.8003741600003, 181.0, 320.0], [1405.8003741600003, 181.0, 319.0], [1405.8003741600003, 181.0, 318.0], [1405.8003741600003, 181.0, 317.0], [1405.8003741600003, 181.0, 316.0], [1405.8003741600003, 181.0, 315.0], [1405.8003741600003, 181.0, 314.0], [1405.8003741600003, 181.0, 313.0], [1405.8003741600003, 181.0, 312.0], [1405.8003741600003, 181.0, 311.0], [1405.8003741600003, 181.0, 310.0], [1405.8003741600003, 181.0, 309.0], [1405.8003741600003, 181.0, 308.0], [1405.8003741600005, 181.0, 307.0], [1405.8003741600005, 181.0, 306.0], [1405.8003741600005, 181.0, 305.0], [1405.8003741600005, 181.0, 304.0], [1405.8003741600005, 181.0, 303.0], [1405.8003741600005, 181.0, 302.0], [1405.8003741600005, 181.0, 301.0], [1405.8003741600005, 181.0, 300.0], [1405.8003741600005, 181.0, 299.0], [1405.8003741600005, 181.0, 298.0], [1405.8003741600005, 181.0, 297.0], [1405.8003741600005, 181.0, 296.0], [1405.8003741600005, 181.0, 295.0], [1405.8003741600005, 181.0, 294.0], [1405.8003741600005, 181.0, 293.0], [1405.8003741600005, 181.0, 292.0], [1405.8003741600005, 181.0, 291.0], [1405.8003741600005, 181.0, 290.0]]
- Radius: 2.0
- SeamSize: 2.0 mm
- Shape: <Compound object at 00000152F6AA2360>
- ShapeMaterial: <Material at 00000152F7164860>
- Sliderpos: 0
- TrimByLength: False
- TrimByMultipleLength: False
- TrimByPoint: False
- TrimLength: 0.0 mm
- TrimLengthV1: 0.0 mm
- TrimLengthV2: 0.0 mm
- TrimmedMLengths: {}
- Vectorlength: 10.0
- Visibility: True
- WeldVecs: [[[[0.7071067811864844, 0.7071067811866106, 0.0], [0.7071067811864844, 0.7071067811866106, 0.0], [0.7071067811864844, 0.7071067811866106, 0.0], [0.7071067811864844, 0.7071067811866106, 0.0], [0.7071067811864844, 0.7071067811866106, 0.0], [0.7071067811864844, 0.7071067811866106, 0.0], [0.7071067811864844, 0.7071067811866106, 0.0], [0.7071067811864844, 0.7071067811866106, 0.0], [0.7071067811864844, 0.7071067811866106, 0.0], [0.7071067811864844, 0.7071067811866106, 0.0], [0.7071067811864844, 0.7071067811866106, 0.0], [0.7071067811864844, 0.7071067811866106, 0.0], [0.7071067811864844, 0.7071067811866106, 0.0], [0.7071067811864844, 0.7071067811866106, 0.0], [0.7071067811864844, 0.7071067811866106, 0.0], [0.7071067811864844, 0.7071067811866106, 0.0], [0.7071067811864844, 0.7071067811866106, 0.0], [0.7071067811864844, 0.7071067811866106, 3.1568581975412715e-14], [0.7071067811864844, 0.7071067811866106, 3.1568581975412715e-14], [0.7071067811864844, 0.7071067811866106, 3.1568581975412715e-14], [0.7071067811864844, 0.7071067811866106, 3.1568581975412715e-14], [0.7071067811864686, 0.7071067811866265, 0.0], [0.7071067811864686, 0.7071067811866265, 0.0], [0.7071067811864686, 0.7071067811866265, 0.0], [0.7071067811864686, 0.7071067811866265, 0.0], [0.7071067811864686, 0.7071067811866265, -6.313716395082402e-14], [0.7071067811864686, 0.7071067811866265, -6.313716395082402e-14], [0.7071067811864686, 0.7071067811866265, -6.313716395082402e-14], [0.7071067811864686, 0.7071067811866265, -6.313716395082402e-14], [0.7071067811864686, 0.7071067811866265, 0.0], [0.7071067811864686, 0.7071067811866265, 0.0], [0.7071067811864686, 0.7071067811866265, 0.0], [0.7071067811864686, 0.7071067811866265, 0.0], [0.7071067811864686, 0.7071067811866265, -3.156858197541201e-14], [0.7071067811864686, 0.7071067811866265, -3.156858197541201e-14], [0.7071067811864686, 0.7071067811866265, -3.156858197541201e-14], [0.7071067811864686, 0.7071067811866265, -3.156858197541201e-14], [0.7071067811864686, 0.7071067811866265, 0.0], [0.7071067811864686, 0.7071067811866265, 0.0], [0.7071067811864686, 0.7071067811866265, 0.0], [0.7071067811864686, 0.7071067811866265, 0.0], [0.7071067811864686, 0.7071067811866265, 0.0], [0.7071067811864686, 0.7071067811866265, 0.0], [0.7071067811864686, 0.7071067811866265, 0.0], [0.7071067811864686, 0.7071067811866265, 0.0], [0.7071067811864686, 0.7071067811866265, 0.0], [0.7071067811864686, 0.7071067811866265, 0.0], [0.7071067811864686, 0.7071067811866265, 0.0], [0.7071067811864686, 0.7071067811866265, 0.0], [0.7071067811864686, 0.7071067811866265, 0.0], [0.7071067811864686, 0.7071067811866265, 0.0], [0.7071067811864686, 0.7071067811866265, 0.0], [0.7071067811864686, 0.7071067811866265, 0.0], [0.7071067811863976, 0.7071067811866975, 0.0], [0.7071067811863976, 0.7071067811866975, 0.0], [0.7071067811863976, 0.7071067811866975, 0.0], [0.7071067811863976, 0.7071067811866975, 0.0], [0.7071067811863976, 0.7071067811866975, 0.0], [0.7071067811863976, 0.7071067811866975, 0.0], [0.7071067811863976, 0.7071067811866975, 0.0], [0.7071067811863976, 0.7071067811866975, 0.0], [0.7071067811863976, 0.7071067811866975, -3.1568581975414476e-14], [0.7071067811863976, 0.7071067811866975, -3.1568581975414476e-14], [0.7071067811863976, 0.7071067811866975, -3.1568581975414476e-14], [0.7071067811863976, 0.7071067811866975, -3.1568581975414476e-14], [0.7071067811863976, 0.7071067811866975, 0.0], [0.7071067811863976, 0.7071067811866975, 0.0], [0.7071067811863976, 0.7071067811866975, 0.0], [0.7071067811863976, 0.7071067811866975, 0.0], [0.7071067811863976, 0.7071067811866975, -3.1568581975414476e-14], [0.7071067811863976, 0.7071067811866975, -3.1568581975414476e-14]]]]
- Weldlines: <Compound object at 00000152F6AA2E60>
- _ElementMapVersion: 15.70200.5
- showweldvecs: True

----------------------------------------
WELD 6 of 18
Name: InternalWeldFeature003
Label: Weld4

DETAILED PROPERTIES:
- Type: Part::FeaturePython
- Angle: 0.0
- CorrectedNormals: {}
- Edgeidxs: [0]
- ExpressionEngine: []
- FinalWeldVecs: [[[-0.7071067811865476, 0.7071067811865476, -3.1568581975409894e-14], [-0.7071067811865476, 0.7071067811865476, -3.1568581975409894e-14], [-0.7071067811865476, 0.7071067811865476, -3.1568581975409894e-14], [-0.7071067811865476, 0.7071067811865476, -3.1568581975409894e-14], [-0.7071067811865476, 0.7071067811865476, -3.1568581975409894e-14], [-0.7071067811865476, 0.7071067811865476, 0.0], [-0.7071067811865476, 0.7071067811865476, 0.0], [-0.7071067811865476, 0.7071067811865476, 0.0], [-0.7071067811865476, 0.7071067811865476, 0.0], [-0.7071067811865476, 0.7071067811865476, 0.0], [-0.7071067811865476, 0.7071067811865476, 0.0], [-0.7071067811865476, 0.7071067811865476, 0.0], [-0.7071067811865476, 0.7071067811865476, 0.0], [-0.7071067811865476, 0.7071067811865476, 0.0], [-0.7071067811865476, 0.7071067811865476, 0.0], [-0.7071067811865476, 0.7071067811865476, 0.0], [-0.7071067811865476, 0.7071067811865476, 0.0], [-0.7071067811865476, 0.7071067811865476, 0.0], [-0.7071067811865476, 0.7071067811865476, 0.0], [-0.7071067811865476, 0.7071067811865476, 0.0], [-0.7071067811865476, 0.7071067811865476, 0.0], [-0.7071067811865476, 0.7071067811865476, 0.0], [-0.7071067811865476, 0.7071067811865476, 0.0], [-0.7071067811865476, 0.7071067811865476, 0.0], [-0.7071067811865476, 0.7071067811865476, 0.0], [-0.7071067811865476, 0.7071067811865476, 0.0], [-0.7071067811865476, 0.7071067811865476, 0.0], [-0.7071067811865476, 0.7071067811865476, 0.0], [-0.7071067811865476, 0.7071067811865476, 0.0], [-0.7071067811865476, 0.7071067811865476, 0.0], [-0.7071067811865476, 0.7071067811865476, 0.0], [-0.7071067811865476, 0.7071067811865476, 0.0], [-0.7071067811865476, 0.7071067811865476, 0.0], [-0.7071067811865476, 0.7071067811865476, 0.0], [-0.7071067811865476, 0.7071067811865476, 0.0], [-0.7071067811865476, 0.7071067811865476, 0.0], [-0.7071067811865476, 0.7071067811865476, 0.0], [-0.7071067811865476, 0.7071067811865476, -3.1568581975409894e-14], [-0.7071067811865476, 0.7071067811865476, -3.1568581975409894e-14], [-0.7071067811865476, 0.7071067811865476, -3.1568581975409894e-14], [-0.7071067811865476, 0.7071067811865476, -3.1568581975409894e-14], [-0.7071067811865476, 0.7071067811865476, 0.0], [-0.7071067811865476, 0.7071067811865476, 0.0], [-0.7071067811865476, 0.7071067811865476, 0.0], [-0.7071067811865476, 0.7071067811865476, 0.0], [-0.7071067811865476, 0.7071067811865476, -6.313716395081979e-14], [-0.7071067811865476, 0.7071067811865476, -6.313716395081979e-14], [-0.7071067811865476, 0.7071067811865476, -6.313716395081979e-14], [-0.7071067811865476, 0.7071067811865476, -6.313716395081979e-14], [-0.7071067811865476, 0.7071067811865476, 0.0], [-0.7071067811865476, 0.7071067811865476, 0.0], [-0.7071067811865476, 0.7071067811865476, 0.0], [-0.7071067811865476, 0.7071067811865476, 0.0], [-0.7071067811865476, 0.7071067811865476, -3.1568581975409894e-14], [-0.7071067811865476, 0.7071067811865476, -3.1568581975409894e-14], [-0.7071067811865476, 0.7071067811865476, -3.1568581975409894e-14], [-0.7071067811865476, 0.7071067811865476, -3.1568581975409894e-14], [-0.7071067811865476, 0.7071067811865476, 0.0], [-0.7071067811865476, 0.7071067811865476, 0.0], [-0.7071067811865476, 0.7071067811865476, 0.0], [-0.7071067811865476, 0.7071067811865476, 0.0], [-0.7071067811865476, 0.7071067811865476, 0.0], [-0.7071067811865476, 0.7071067811865476, 0.0], [-0.7071067811865476, 0.7071067811865476, 0.0], [-0.7071067811865476, 0.7071067811865476, 0.0], [-0.7071067811865476, 0.7071067811865476, 0.0], [-0.7071067811865476, 0.7071067811865476, 0.0], [-0.7071067811865476, 0.7071067811865476, 0.0], [-0.7071067811865476, 0.7071067811865476, 0.0], [-0.7071067811865476, 0.7071067811865476, 0.0], [-0.7071067811865476, 0.7071067811865476, 0.0]]]
- HeatSource: None
- IntermittentBeadLength: 0.0 mm
- IntermittentBeadPitch: 0.0 mm
- IntermittentBeadQty: 0.0
- IntermittentLen: False
- IntermittentLenRound: False
- IntermittentPitch: False
- IntermittentQty: False
- IntermittentQtyRound: False
- IntermittentRBeadLength: 0.0 mm
- IntermittentRBeadPitch: 0.0 mm
- IntermittentResult: 0.0
- IntermittentResultLen: 0.0
- IntermittentTrimEachBead: False
- IntermittentTrimEachBeadLen: False
- IntermittentWeldedSection: 0.0 mm
- Interval: 4
- Label2: 
- Material: None
- MoveV1: False
- MoveV2: False
- PerEdgePts: [[[1399.80037416, 181.0, 290.0], [1399.80037416, 181.0, 291.0], [1399.80037416, 181.0, 292.0], [1399.80037416, 181.0, 293.0], [1399.80037416, 181.0, 294.0], [1399.80037416, 181.0, 295.0], [1399.80037416, 181.0, 296.0], [1399.80037416, 181.0, 297.0], [1399.80037416, 181.0, 298.0], [1399.80037416, 181.0, 299.0], [1399.80037416, 181.0, 300.0], [1399.80037416, 181.0, 301.0], [1399.80037416, 181.0, 302.0], [1399.80037416, 181.0, 303.0], [1399.80037416, 181.0, 304.0], [1399.80037416, 181.0, 305.0], [1399.80037416, 181.0, 306.0], [1399.80037416, 181.0, 307.0], [1399.80037416, 181.0, 308.0], [1399.80037416, 181.0, 309.0], [1399.80037416, 181.0, 310.0], [1399.80037416, 181.0, 311.0], [1399.80037416, 181.0, 312.0], [1399.80037416, 181.0, 313.0], [1399.80037416, 181.0, 314.0], [1399.80037416, 181.0, 315.0], [1399.80037416, 181.0, 316.0], [1399.80037416, 181.0, 317.0], [1399.80037416, 181.0, 318.0], [1399.80037416, 181.0, 319.0], [1399.80037416, 181.0, 320.0], [1399.80037416, 181.0, 321.0], [1399.80037416, 181.0, 322.0], [1399.80037416, 181.0, 323.0], [1399.80037416, 181.0, 324.0], [1399.80037416, 181.0, 325.0], [1399.80037416, 181.0, 326.0], [1399.80037416, 181.0, 327.0], [1399.80037416, 181.0, 328.0], [1399.80037416, 181.0, 329.0], [1399.80037416, 181.0, 330.0], [1399.80037416, 181.0, 331.0], [1399.80037416, 181.0, 332.0], [1399.80037416, 181.0, 333.0], [1399.80037416, 181.0, 334.0], [1399.80037416, 181.0, 335.0], [1399.80037416, 181.0, 336.0], [1399.80037416, 181.0, 337.0], [1399.80037416, 181.0, 338.0], [1399.80037416, 181.0, 339.0], [1399.80037416, 181.0, 340.0], [1399.80037416, 181.0, 341.0], [1399.80037416, 181.0, 342.0], [1399.80037416, 181.0, 343.0], [1399.80037416, 181.0, 344.0], [1399.80037416, 181.0, 345.0], [1399.80037416, 181.0, 346.0], [1399.80037416, 181.0, 347.0], [1399.80037416, 181.0, 348.0], [1399.80037416, 181.0, 349.0], [1399.80037416, 181.0, 350.0], [1399.80037416, 181.0, 351.0], [1399.80037416, 181.0, 352.0], [1399.80037416, 181.0, 353.0], [1399.80037416, 181.0, 354.0], [1399.80037416, 181.0, 355.0], [1399.80037416, 181.0, 356.0], [1399.80037416, 181.0, 357.0], [1399.80037416, 181.0, 358.0], [1399.80037416, 181.0, 359.0], [1399.80037416, 181.0, 360.0]]]
- PerEdgeTangs: [[[0.0, 0.0, 1.0], [0.0, 0.0, 1.0], [0.0, 0.0, 1.0], [0.0, 0.0, 1.0], [0.0, 0.0, 1.0], [0.0, 0.0, 1.0], [0.0, 0.0, 1.0], [0.0, 0.0, 1.0], [0.0, 0.0, 1.0], [0.0, 0.0, 1.0], [0.0, 0.0, 1.0], [0.0, 0.0, 1.0], [0.0, 0.0, 1.0], [0.0, 0.0, 1.0], [0.0, 0.0, 1.0], [0.0, 0.0, 1.0], [0.0, 0.0, 1.0], [0.0, 0.0, 1.0], [0.0, 0.0, 1.0], [0.0, 0.0, 1.0], [0.0, 0.0, 1.0], [0.0, 0.0, 1.0], [0.0, 0.0, 1.0], [0.0, 0.0, 1.0], [0.0, 0.0, 1.0], [0.0, 0.0, 1.0], [0.0, 0.0, 1.0], [0.0, 0.0, 1.0], [0.0, 0.0, 1.0], [0.0, 0.0, 1.0], [0.0, 0.0, 1.0], [0.0, 0.0, 1.0], [0.0, 0.0, 1.0], [0.0, 0.0, 1.0], [0.0, 0.0, 1.0], [0.0, 0.0, 1.0], [0.0, 0.0, 1.0], [0.0, 0.0, 1.0], [0.0, 0.0, 1.0], [0.0, 0.0, 1.0], [0.0, 0.0, 1.0], [0.0, 0.0, 1.0], [0.0, 0.0, 1.0], [0.0, 0.0, 1.0], [0.0, 0.0, 1.0], [0.0, 0.0, 1.0], [0.0, 0.0, 1.0], [0.0, 0.0, 1.0], [0.0, 0.0, 1.0], [0.0, 0.0, 1.0], [0.0, 0.0, 1.0], [0.0, 0.0, 1.0], [0.0, 0.0, 1.0], [0.0, 0.0, 1.0], [0.0, 0.0, 1.0], [0.0, 0.0, 1.0], [0.0, 0.0, 1.0], [0.0, 0.0, 1.0], [0.0, 0.0, 1.0], [0.0, 0.0, 1.0], [0.0, 0.0, 1.0], [0.0, 0.0, 1.0], [0.0, 0.0, 1.0], [0.0, 0.0, 1.0], [0.0, 0.0, 1.0], [0.0, 0.0, 1.0], [0.0, 0.0, 1.0], [0.0, 0.0, 1.0], [0.0, 0.0, 1.0], [0.0, 0.0, 1.0], [0.0, 0.0, 1.0]]]
- Placement: Placement [Pos=(0,0,0), Yaw-Pitch-Roll=(0,0,0)]
- PointEnd: Vector (0.0, 0.0, 0.0)
- PointStart: Vector (0.0, 0.0, 0.0)
- Process: None
- Proxy: <Functions.FPweldline.Path3D object at 0x00000152F13B86D0>
- Pts: [[1399.80037416, 181.0, 290.0], [1399.80037416, 181.0, 291.0], [1399.80037416, 181.0, 292.0], [1399.80037416, 181.0, 293.0], [1399.80037416, 181.0, 294.0], [1399.80037416, 181.0, 295.0], [1399.80037416, 181.0, 296.0], [1399.80037416, 181.0, 297.0], [1399.80037416, 181.0, 298.0], [1399.80037416, 181.0, 299.0], [1399.80037416, 181.0, 300.0], [1399.80037416, 181.0, 301.0], [1399.80037416, 181.0, 302.0], [1399.80037416, 181.0, 303.0], [1399.80037416, 181.0, 304.0], [1399.80037416, 181.0, 305.0], [1399.80037416, 181.0, 306.0], [1399.80037416, 181.0, 307.0], [1399.80037416, 181.0, 308.0], [1399.80037416, 181.0, 309.0], [1399.80037416, 181.0, 310.0], [1399.80037416, 181.0, 311.0], [1399.80037416, 181.0, 312.0], [1399.80037416, 181.0, 313.0], [1399.80037416, 181.0, 314.0], [1399.80037416, 181.0, 315.0], [1399.80037416, 181.0, 316.0], [1399.80037416, 181.0, 317.0], [1399.80037416, 181.0, 318.0], [1399.80037416, 181.0, 319.0], [1399.80037416, 181.0, 320.0], [1399.80037416, 181.0, 321.0], [1399.80037416, 181.0, 322.0], [1399.80037416, 181.0, 323.0], [1399.80037416, 181.0, 324.0], [1399.80037416, 181.0, 325.0], [1399.80037416, 181.0, 326.0], [1399.80037416, 181.0, 327.0], [1399.80037416, 181.0, 328.0], [1399.80037416, 181.0, 329.0], [1399.80037416, 181.0, 330.0], [1399.80037416, 181.0, 331.0], [1399.80037416, 181.0, 332.0], [1399.80037416, 181.0, 333.0], [1399.80037416, 181.0, 334.0], [1399.80037416, 181.0, 335.0], [1399.80037416, 181.0, 336.0], [1399.80037416, 181.0, 337.0], [1399.80037416, 181.0, 338.0], [1399.80037416, 181.0, 339.0], [1399.80037416, 181.0, 340.0], [1399.80037416, 181.0, 341.0], [1399.80037416, 181.0, 342.0], [1399.80037416, 181.0, 343.0], [1399.80037416, 181.0, 344.0], [1399.80037416, 181.0, 345.0], [1399.80037416, 181.0, 346.0], [1399.80037416, 181.0, 347.0], [1399.80037416, 181.0, 348.0], [1399.80037416, 181.0, 349.0], [1399.80037416, 181.0, 350.0], [1399.80037416, 181.0, 351.0], [1399.80037416, 181.0, 352.0], [1399.80037416, 181.0, 353.0], [1399.80037416, 181.0, 354.0], [1399.80037416, 181.0, 355.0], [1399.80037416, 181.0, 356.0], [1399.80037416, 181.0, 357.0], [1399.80037416, 181.0, 358.0], [1399.80037416, 181.0, 359.0], [1399.80037416, 181.0, 360.0]]
- Radius: 2.0
- SeamSize: 2.0 mm
- Shape: <Compound object at 00000152F6AA2620>
- ShapeMaterial: <Material at 00000152F7164860>
- Sliderpos: 0
- TrimByLength: False
- TrimByMultipleLength: False
- TrimByPoint: False
- TrimLength: 0.0 mm
- TrimLengthV1: 0.0 mm
- TrimLengthV2: 0.0 mm
- TrimmedMLengths: {}
- Vectorlength: 10.0
- Visibility: True
- WeldVecs: [[[[-0.7071067811865476, 0.7071067811865476, -3.1568581975409894e-14], [-0.7071067811865476, 0.7071067811865476, -3.1568581975409894e-14], [-0.7071067811865476, 0.7071067811865476, -3.1568581975409894e-14], [-0.7071067811865476, 0.7071067811865476, -3.1568581975409894e-14], [-0.7071067811865476, 0.7071067811865476, -3.1568581975409894e-14], [-0.7071067811865476, 0.7071067811865476, 0.0], [-0.7071067811865476, 0.7071067811865476, 0.0], [-0.7071067811865476, 0.7071067811865476, 0.0], [-0.7071067811865476, 0.7071067811865476, 0.0], [-0.7071067811865476, 0.7071067811865476, 0.0], [-0.7071067811865476, 0.7071067811865476, 0.0], [-0.7071067811865476, 0.7071067811865476, 0.0], [-0.7071067811865476, 0.7071067811865476, 0.0], [-0.7071067811865476, 0.7071067811865476, 0.0], [-0.7071067811865476, 0.7071067811865476, 0.0], [-0.7071067811865476, 0.7071067811865476, 0.0], [-0.7071067811865476, 0.7071067811865476, 0.0], [-0.7071067811865476, 0.7071067811865476, 0.0], [-0.7071067811865476, 0.7071067811865476, 0.0], [-0.7071067811865476, 0.7071067811865476, 0.0], [-0.7071067811865476, 0.7071067811865476, 0.0], [-0.7071067811865476, 0.7071067811865476, 0.0], [-0.7071067811865476, 0.7071067811865476, 0.0], [-0.7071067811865476, 0.7071067811865476, 0.0], [-0.7071067811865476, 0.7071067811865476, 0.0], [-0.7071067811865476, 0.7071067811865476, 0.0], [-0.7071067811865476, 0.7071067811865476, 0.0], [-0.7071067811865476, 0.7071067811865476, 0.0], [-0.7071067811865476, 0.7071067811865476, 0.0], [-0.7071067811865476, 0.7071067811865476, 0.0], [-0.7071067811865476, 0.7071067811865476, 0.0], [-0.7071067811865476, 0.7071067811865476, 0.0], [-0.7071067811865476, 0.7071067811865476, 0.0], [-0.7071067811865476, 0.7071067811865476, 0.0], [-0.7071067811865476, 0.7071067811865476, 0.0], [-0.7071067811865476, 0.7071067811865476, 0.0], [-0.7071067811865476, 0.7071067811865476, 0.0], [-0.7071067811865476, 0.7071067811865476, -3.1568581975409894e-14], [-0.7071067811865476, 0.7071067811865476, -3.1568581975409894e-14], [-0.7071067811865476, 0.7071067811865476, -3.1568581975409894e-14], [-0.7071067811865476, 0.7071067811865476, -3.1568581975409894e-14], [-0.7071067811865476, 0.7071067811865476, 0.0], [-0.7071067811865476, 0.7071067811865476, 0.0], [-0.7071067811865476, 0.7071067811865476, 0.0], [-0.7071067811865476, 0.7071067811865476, 0.0], [-0.7071067811865476, 0.7071067811865476, -6.313716395081979e-14], [-0.7071067811865476, 0.7071067811865476, -6.313716395081979e-14], [-0.7071067811865476, 0.7071067811865476, -6.313716395081979e-14], [-0.7071067811865476, 0.7071067811865476, -6.313716395081979e-14], [-0.7071067811865476, 0.7071067811865476, 0.0], [-0.7071067811865476, 0.7071067811865476, 0.0], [-0.7071067811865476, 0.7071067811865476, 0.0], [-0.7071067811865476, 0.7071067811865476, 0.0], [-0.7071067811865476, 0.7071067811865476, -3.1568581975409894e-14], [-0.7071067811865476, 0.7071067811865476, -3.1568581975409894e-14], [-0.7071067811865476, 0.7071067811865476, -3.1568581975409894e-14], [-0.7071067811865476, 0.7071067811865476, -3.1568581975409894e-14], [-0.7071067811865476, 0.7071067811865476, 0.0], [-0.7071067811865476, 0.7071067811865476, 0.0], [-0.7071067811865476, 0.7071067811865476, 0.0], [-0.7071067811865476, 0.7071067811865476, 0.0], [-0.7071067811865476, 0.7071067811865476, 0.0], [-0.7071067811865476, 0.7071067811865476, 0.0], [-0.7071067811865476, 0.7071067811865476, 0.0], [-0.7071067811865476, 0.7071067811865476, 0.0], [-0.7071067811865476, 0.7071067811865476, 0.0], [-0.7071067811865476, 0.7071067811865476, 0.0], [-0.7071067811865476, 0.7071067811865476, 0.0], [-0.7071067811865476, 0.7071067811865476, 0.0], [-0.7071067811865476, 0.7071067811865476, 0.0], [-0.7071067811865476, 0.7071067811865476, 0.0]]]]
- Weldlines: <Compound object at 00000152F6AA2AF0>
- _ElementMapVersion: 15.70200.5
- showweldvecs: True

----------------------------------------
WELD 7 of 18
Name: InternalWeldFeature004
Label: Weld5

DETAILED PROPERTIES:
- Type: Part::FeaturePython
- Angle: 0.0
- CorrectedNormals: {}
- Edgeidxs: [0]
- ExpressionEngine: []
- FinalWeldVecs: [[[-1.2627432790163887e-13, 0.7071067811865436, -0.7071067811865515], [-1.2627432790163887e-13, 0.7071067811865436, -0.7071067811865515], [-1.2627432790163887e-13, 0.7071067811865436, -0.7071067811865515], [-1.2627432790163887e-13, 0.7071067811865436, -0.7071067811865515], [-1.2627432790163887e-13, 0.7071067811865436, -0.7071067811865515], [-1.2627432790163887e-13, 0.7071067811865436, -0.7071067811865515], [-1.2627432790163887e-13, 0.7071067811865436, -0.7071067811865515], [-1.2627432790163887e-13, 0.7071067811865436, -0.7071067811865515], [-1.2627432790163887e-13, 0.7071067811865436, -0.7071067811865515], [-1.2627432790163887e-13, 0.7071067811865436, -0.7071067811865515], [-1.2627432790163887e-13, 0.7071067811865436, -0.7071067811865515], [-1.2627432790163887e-13, 0.7071067811865436, -0.7071067811865515], [-1.2627432790163887e-13, 0.7071067811865436, -0.7071067811865515], [0.0, 0.7071067811865436, -0.7071067811865515], [0.0, 0.7071067811865436, -0.7071067811865515], [0.0, 0.7071067811865436, -0.7071067811865515], [0.0, 0.7071067811865436, -0.7071067811865515], [-1.2627432790163887e-13, 0.7071067811865436, -0.7071067811865515], [-1.2627432790163887e-13, 0.7071067811865436, -0.7071067811865515], [-1.2627432790163887e-13, 0.7071067811865436, -0.7071067811865515], [-1.2627432790163887e-13, 0.7071067811865436, -0.7071067811865515], [0.0, 0.7071067811865436, -0.7071067811865515], [0.0, 0.7071067811865436, -0.7071067811865515], [0.0, 0.7071067811865436, -0.7071067811865515], [0.0, 0.7071067811865436, -0.7071067811865515], [0.0, 0.7071067811865436, -0.7071067811865515], [0.0, 0.7071067811865436, -0.7071067811865515], [0.0, 0.7071067811865436, -0.7071067811865515], [0.0, 0.7071067811865436, -0.7071067811865515], [-1.2627432790163887e-13, 0.7071067811865436, -0.7071067811865515], [-1.2627432790163887e-13, 0.7071067811865436, -0.7071067811865515], [-1.2627432790163887e-13, 0.7071067811865436, -0.7071067811865515], [-1.2627432790163887e-13, 0.7071067811865436, -0.7071067811865515], [-2.5254865580327774e-13, 0.7071067811865436, -0.7071067811865515], [-2.5254865580327774e-13, 0.7071067811865436, -0.7071067811865515], [-2.5254865580327774e-13, 0.7071067811865436, -0.7071067811865515], [-2.5254865580327774e-13, 0.7071067811865436, -0.7071067811865515], [-1.2627432790163887e-13, 0.7071067811865436, -0.7071067811865515], [-1.2627432790163887e-13, 0.7071067811865436, -0.7071067811865515], [-1.2627432790163887e-13, 0.7071067811865436, -0.7071067811865515], [-1.2627432790163887e-13, 0.7071067811865436, -0.7071067811865515], [-1.2627432790163887e-13, 0.7071067811865436, -0.7071067811865515], [-1.2627432790163887e-13, 0.7071067811865436, -0.7071067811865515], [-1.2627432790163887e-13, 0.7071067811865436, -0.7071067811865515], [-1.2627432790163887e-13, 0.7071067811865436, -0.7071067811865515], [1.2627432790163887e-13, 0.7071067811865436, -0.7071067811865515], [1.2627432790163887e-13, 0.7071067811865436, -0.7071067811865515], [1.2627432790163887e-13, 0.7071067811865436, -0.7071067811865515], [1.2627432790163887e-13, 0.7071067811865436, -0.7071067811865515], [0.0, 0.7071067811865436, -0.7071067811865515], [0.0, 0.7071067811865436, -0.7071067811865515], [0.0, 0.7071067811865436, -0.7071067811865515], [0.0, 0.7071067811865436, -0.7071067811865515], [-1.2627432790163816e-13, 0.7071067811865396, -0.7071067811865555], [-1.2627432790163816e-13, 0.7071067811865396, -0.7071067811865555], [-1.2627432790163816e-13, 0.7071067811865396, -0.7071067811865555], [-1.2627432790163816e-13, 0.7071067811865396, -0.7071067811865555], [0.0, 0.7071067811865396, -0.7071067811865555], [0.0, 0.7071067811865396, -0.7071067811865555], [0.0, 0.7071067811865396, -0.7071067811865555], [0.0, 0.7071067811865396, -0.7071067811865555], [0.0, 0.7071067811865396, -0.7071067811865555], [0.0, 0.7071067811865396, -0.7071067811865555], [0.0, 0.7071067811865396, -0.7071067811865555], [0.0, 0.7071067811865396, -0.7071067811865555], [-1.2627432790163816e-13, 0.7071067811865396, -0.7071067811865555], [-1.2627432790163816e-13, 0.7071067811865396, -0.7071067811865555], [-1.2627432790163816e-13, 0.7071067811865396, -0.7071067811865555], [-1.2627432790163816e-13, 0.7071067811865396, -0.7071067811865555], [0.0, 0.7071067811865396, -0.7071067811865555], [0.0, 0.7071067811865396, -0.7071067811865555], [0.0, 0.7071067811865396, -0.7071067811865555], [0.0, 0.7071067811865396, -0.7071067811865555], [-1.2627432790163816e-13, 0.7071067811865396, -0.7071067811865555], [-1.2627432790163816e-13, 0.7071067811865396, -0.7071067811865555], [-1.2627432790163816e-13, 0.7071067811865396, -0.7071067811865555], [-1.2627432790163816e-13, 0.7071067811865396, -0.7071067811865555], [0.0, 0.7071067811865396, -0.7071067811865555], [0.0, 0.7071067811865396, -0.7071067811865555], [0.0, 0.7071067811865396, -0.7071067811865555], [0.0, 0.7071067811865396, -0.7071067811865555], [0.0, 0.7071067811865396, -0.7071067811865555], [0.0, 0.7071067811865396, -0.7071067811865555], [0.0, 0.7071067811865396, -0.7071067811865555], [0.0, 0.7071067811865396, -0.7071067811865555], [1.2627432790163816e-13, 0.7071067811865396, -0.7071067811865555], [1.2627432790163816e-13, 0.7071067811865396, -0.7071067811865555], [1.2627432790163816e-13, 0.7071067811865396, -0.7071067811865555], [1.2627432790163816e-13, 0.7071067811865396, -0.7071067811865555], [0.0, 0.7071067811865396, -0.7071067811865555], [0.0, 0.7071067811865396, -0.7071067811865555], [0.0, 0.7071067811865396, -0.7071067811865555], [0.0, 0.7071067811865396, -0.7071067811865555], [0.0, 0.7071067811865396, -0.7071067811865555], [0.0, 0.7071067811865396, -0.7071067811865555], [0.0, 0.7071067811865396, -0.7071067811865555], [0.0, 0.7071067811865396, -0.7071067811865555], [-1.2627432790163816e-13, 0.7071067811865396, -0.7071067811865555], [-1.2627432790163816e-13, 0.7071067811865396, -0.7071067811865555], [0.0, 0.7071067811865396, -0.7071067811865555], [0.0, 0.7071067811865396, -0.7071067811865555]]]
- HeatSource: None
- IntermittentBeadLength: 0.0 mm
- IntermittentBeadPitch: 0.0 mm
- IntermittentBeadQty: 0.0
- IntermittentLen: False
- IntermittentLenRound: False
- IntermittentPitch: False
- IntermittentQty: False
- IntermittentQtyRound: False
- IntermittentRBeadLength: 0.0 mm
- IntermittentRBeadPitch: 0.0 mm
- IntermittentResult: 0.0
- IntermittentResultLen: 0.0
- IntermittentTrimEachBead: False
- IntermittentTrimEachBeadLen: False
- IntermittentWeldedSection: 0.0 mm
- Interval: 4
- Label2: 
- Material: None
- MoveV1: False
- MoveV2: False
- PerEdgePts: [[[1395.0, 181.0, 106.000000001], [1394.0, 181.0, 106.000000001], [1393.0, 181.0, 106.000000001], [1392.0, 181.0, 106.000000001], [1391.0, 181.0, 106.000000001], [1390.0, 181.0, 106.000000001], [1389.0, 181.0, 106.000000001], [1388.0, 181.0, 106.000000001], [1387.0, 181.0, 106.000000001], [1386.0, 181.0, 106.000000001], [1385.0, 181.0, 106.000000001], [1384.0, 181.0, 106.000000001], [1383.0, 181.0, 106.000000001], [1382.0, 181.0, 106.000000001], [1381.0, 181.0, 106.000000001], [1380.0, 181.0, 106.000000001], [1379.0, 181.0, 106.000000001], [1378.0, 181.0, 106.000000001], [1377.0, 181.0, 106.000000001], [1376.0, 181.0, 106.000000001], [1375.0, 181.0, 106.000000001], [1374.0, 181.0, 106.000000001], [1373.0, 181.0, 106.000000001], [1372.0, 181.0, 106.000000001], [1371.0, 181.0, 106.000000001], [1370.0, 181.0, 106.000000001], [1369.0, 181.0, 106.000000001], [1368.0, 181.0, 106.000000001], [1367.0, 181.0, 106.000000001], [1366.0, 181.0, 106.000000001], [1365.0, 181.0, 106.000000001], [1364.0, 181.0, 106.000000001], [1363.0, 181.0, 106.000000001], [1362.0, 181.0, 106.000000001], [1361.0, 181.0, 106.000000001], [1360.0, 181.0, 106.000000001], [1359.0, 181.0, 106.000000001], [1358.0, 181.0, 106.000000001], [1357.0, 181.0, 106.000000001], [1356.0, 181.0, 106.000000001], [1355.0, 181.0, 106.000000001], [1354.0, 181.0, 106.000000001], [1353.0, 181.0, 106.000000001], [1352.0, 181.0, 106.000000001], [1351.0, 181.0, 106.000000001], [1350.0, 181.0, 106.000000001], [1349.0, 181.0, 106.000000001], [1348.0, 181.0, 106.000000001], [1347.0, 181.0, 106.000000001], [1346.0, 181.0, 106.000000001], [1345.0, 181.0, 106.000000001], [1344.0, 181.0, 106.00000000099999], [1343.0, 181.0, 106.00000000099999], [1342.0, 181.0, 106.00000000099999], [1341.0, 181.0, 106.00000000099999], [1340.0, 181.0, 106.00000000099999], [1339.0, 181.0, 106.00000000099999], [1338.0, 181.0, 106.00000000099999], [1337.0, 181.0, 106.00000000099999], [1336.0, 181.0, 106.00000000099999], [1335.0, 181.0, 106.00000000099999], [1334.0, 181.0, 106.00000000099999], [1333.0, 181.0, 106.00000000099999], [1332.0, 181.0, 106.00000000099999], [1331.0, 181.0, 106.00000000099999], [1330.0, 181.0, 106.00000000099999], [1329.0, 181.0, 106.00000000099999], [1328.0, 181.0, 106.00000000099999], [1327.0, 181.0, 106.00000000099999], [1326.0, 181.0, 106.00000000099999], [1325.0, 181.0, 106.00000000099999], [1324.0, 181.0, 106.00000000099999], [1323.0, 181.0, 106.00000000099999], [1322.0, 181.0, 106.00000000099999], [1321.0, 181.0, 106.00000000099999], [1320.0, 181.0, 106.00000000099999], [1319.0, 181.0, 106.00000000099999], [1318.0, 181.0, 106.00000000099999], [1317.0, 181.0, 106.00000000099999], [1316.0, 181.0, 106.00000000099999], [1315.0, 181.0, 106.00000000099999], [1314.0, 181.0, 106.00000000099999], [1313.0, 181.0, 106.00000000099999], [1312.0, 181.0, 106.00000000099999], [1311.0, 181.0, 106.00000000099999], [1310.0, 181.0, 106.00000000099999], [1309.0, 181.0, 106.00000000099999], [1308.0, 181.0, 106.00000000099999], [1307.0, 181.0, 106.00000000099999], [1306.0, 181.0, 106.00000000099999], [1305.0, 181.0, 106.00000000099999], [1304.0, 181.0, 106.00000000099999], [1303.0, 181.0, 106.00000000099999], [1302.0, 181.0, 106.00000000099999], [1301.0, 181.0, 106.00000000099999], [1300.0, 181.0, 106.00000000099999], [1299.0, 181.0, 106.00000000099999], [1298.0, 181.0, 106.00000000099999], [1297.0, 181.0, 106.00000000099999], [1296.0, 181.0, 106.00000000099999], [1295.0, 181.0, 106.00000000099999]]]
- PerEdgeTangs: [[[-1.0, 0.0, -1.42108547152e-16], [-1.0, 0.0, -1.42108547152e-16], [-1.0, 0.0, -1.42108547152e-16], [-1.0, 0.0, -1.42108547152e-16], [-1.0, 0.0, -1.42108547152e-16], [-1.0, 0.0, -1.42108547152e-16], [-1.0, 0.0, -1.42108547152e-16], [-1.0, 0.0, -1.42108547152e-16], [-1.0, 0.0, -1.42108547152e-16], [-1.0, 0.0, -1.42108547152e-16], [-1.0, 0.0, -1.42108547152e-16], [-1.0, 0.0, -1.42108547152e-16], [-1.0, 0.0, -1.42108547152e-16], [-1.0, 0.0, -1.42108547152e-16], [-1.0, 0.0, -1.42108547152e-16], [-1.0, 0.0, -1.42108547152e-16], [-1.0, 0.0, -1.42108547152e-16], [-1.0, 0.0, -1.42108547152e-16], [-1.0, 0.0, -1.42108547152e-16], [-1.0, 0.0, -1.42108547152e-16], [-1.0, 0.0, -1.42108547152e-16], [-1.0, 0.0, -1.42108547152e-16], [-1.0, 0.0, -1.42108547152e-16], [-1.0, 0.0, -1.42108547152e-16], [-1.0, 0.0, -1.42108547152e-16], [-1.0, 0.0, -1.42108547152e-16], [-1.0, 0.0, -1.42108547152e-16], [-1.0, 0.0, -1.42108547152e-16], [-1.0, 0.0, -1.42108547152e-16], [-1.0, 0.0, -1.42108547152e-16], [-1.0, 0.0, -1.42108547152e-16], [-1.0, 0.0, -1.42108547152e-16], [-1.0, 0.0, -1.42108547152e-16], [-1.0, 0.0, -1.42108547152e-16], [-1.0, 0.0, -1.42108547152e-16], [-1.0, 0.0, -1.42108547152e-16], [-1.0, 0.0, -1.42108547152e-16], [-1.0, 0.0, -1.42108547152e-16], [-1.0, 0.0, -1.42108547152e-16], [-1.0, 0.0, -1.42108547152e-16], [-1.0, 0.0, -1.42108547152e-16], [-1.0, 0.0, -1.42108547152e-16], [-1.0, 0.0, -1.42108547152e-16], [-1.0, 0.0, -1.42108547152e-16], [-1.0, 0.0, -1.42108547152e-16], [-1.0, 0.0, -1.42108547152e-16], [-1.0, 0.0, -1.42108547152e-16], [-1.0, 0.0, -1.42108547152e-16], [-1.0, 0.0, -1.42108547152e-16], [-1.0, 0.0, -1.42108547152e-16], [-1.0, 0.0, -1.42108547152e-16], [-1.0, 0.0, -1.42108547152e-16], [-1.0, 0.0, -1.42108547152e-16], [-1.0, 0.0, -1.42108547152e-16], [-1.0, 0.0, -1.42108547152e-16], [-1.0, 0.0, -1.42108547152e-16], [-1.0, 0.0, -1.42108547152e-16], [-1.0, 0.0, -1.42108547152e-16], [-1.0, 0.0, -1.42108547152e-16], [-1.0, 0.0, -1.42108547152e-16], [-1.0, 0.0, -1.42108547152e-16], [-1.0, 0.0, -1.42108547152e-16], [-1.0, 0.0, -1.42108547152e-16], [-1.0, 0.0, -1.42108547152e-16], [-1.0, 0.0, -1.42108547152e-16], [-1.0, 0.0, -1.42108547152e-16], [-1.0, 0.0, -1.42108547152e-16], [-1.0, 0.0, -1.42108547152e-16], [-1.0, 0.0, -1.42108547152e-16], [-1.0, 0.0, -1.42108547152e-16], [-1.0, 0.0, -1.42108547152e-16], [-1.0, 0.0, -1.42108547152e-16], [-1.0, 0.0, -1.42108547152e-16], [-1.0, 0.0, -1.42108547152e-16], [-1.0, 0.0, -1.42108547152e-16], [-1.0, 0.0, -1.42108547152e-16], [-1.0, 0.0, -1.42108547152e-16], [-1.0, 0.0, -1.42108547152e-16], [-1.0, 0.0, -1.42108547152e-16], [-1.0, 0.0, -1.42108547152e-16], [-1.0, 0.0, -1.42108547152e-16], [-1.0, 0.0, -1.42108547152e-16], [-1.0, 0.0, -1.42108547152e-16], [-1.0, 0.0, -1.42108547152e-16], [-1.0, 0.0, -1.42108547152e-16], [-1.0, 0.0, -1.42108547152e-16], [-1.0, 0.0, -1.42108547152e-16], [-1.0, 0.0, -1.42108547152e-16], [-1.0, 0.0, -1.42108547152e-16], [-1.0, 0.0, -1.42108547152e-16], [-1.0, 0.0, -1.42108547152e-16], [-1.0, 0.0, -1.42108547152e-16], [-1.0, 0.0, -1.42108547152e-16], [-1.0, 0.0, -1.42108547152e-16], [-1.0, 0.0, -1.42108547152e-16], [-1.0, 0.0, -1.42108547152e-16], [-1.0, 0.0, -1.42108547152e-16], [-1.0, 0.0, -1.42108547152e-16], [-1.0, 0.0, -1.42108547152e-16], [-1.0, 0.0, -1.42108547152e-16], [-1.0, 0.0, -1.42108547152e-16]]]
- Placement: Placement [Pos=(0,0,0), Yaw-Pitch-Roll=(0,0,0)]
- PointEnd: Vector (0.0, 0.0, 0.0)
- PointStart: Vector (0.0, 0.0, 0.0)
- Process: None
- Proxy: <Functions.FPweldline.Path3D object at 0x00000152F13CC550>
- Pts: [[1395.0, 181.0, 106.000000001], [1394.0, 181.0, 106.000000001], [1393.0, 181.0, 106.000000001], [1392.0, 181.0, 106.000000001], [1391.0, 181.0, 106.000000001], [1390.0, 181.0, 106.000000001], [1389.0, 181.0, 106.000000001], [1388.0, 181.0, 106.000000001], [1387.0, 181.0, 106.000000001], [1386.0, 181.0, 106.000000001], [1385.0, 181.0, 106.000000001], [1384.0, 181.0, 106.000000001], [1383.0, 181.0, 106.000000001], [1382.0, 181.0, 106.000000001], [1381.0, 181.0, 106.000000001], [1380.0, 181.0, 106.000000001], [1379.0, 181.0, 106.000000001], [1378.0, 181.0, 106.000000001], [1377.0, 181.0, 106.000000001], [1376.0, 181.0, 106.000000001], [1375.0, 181.0, 106.000000001], [1374.0, 181.0, 106.000000001], [1373.0, 181.0, 106.000000001], [1372.0, 181.0, 106.000000001], [1371.0, 181.0, 106.000000001], [1370.0, 181.0, 106.000000001], [1369.0, 181.0, 106.000000001], [1368.0, 181.0, 106.000000001], [1367.0, 181.0, 106.000000001], [1366.0, 181.0, 106.000000001], [1365.0, 181.0, 106.000000001], [1364.0, 181.0, 106.000000001], [1363.0, 181.0, 106.000000001], [1362.0, 181.0, 106.000000001], [1361.0, 181.0, 106.000000001], [1360.0, 181.0, 106.000000001], [1359.0, 181.0, 106.000000001], [1358.0, 181.0, 106.000000001], [1357.0, 181.0, 106.000000001], [1356.0, 181.0, 106.000000001], [1355.0, 181.0, 106.000000001], [1354.0, 181.0, 106.000000001], [1353.0, 181.0, 106.000000001], [1352.0, 181.0, 106.000000001], [1351.0, 181.0, 106.000000001], [1350.0, 181.0, 106.000000001], [1349.0, 181.0, 106.000000001], [1348.0, 181.0, 106.000000001], [1347.0, 181.0, 106.000000001], [1346.0, 181.0, 106.000000001], [1345.0, 181.0, 106.000000001], [1344.0, 181.0, 106.00000000099999], [1343.0, 181.0, 106.00000000099999], [1342.0, 181.0, 106.00000000099999], [1341.0, 181.0, 106.00000000099999], [1340.0, 181.0, 106.00000000099999], [1339.0, 181.0, 106.00000000099999], [1338.0, 181.0, 106.00000000099999], [1337.0, 181.0, 106.00000000099999], [1336.0, 181.0, 106.00000000099999], [1335.0, 181.0, 106.00000000099999], [1334.0, 181.0, 106.00000000099999], [1333.0, 181.0, 106.00000000099999], [1332.0, 181.0, 106.00000000099999], [1331.0, 181.0, 106.00000000099999], [1330.0, 181.0, 106.00000000099999], [1329.0, 181.0, 106.00000000099999], [1328.0, 181.0, 106.00000000099999], [1327.0, 181.0, 106.00000000099999], [1326.0, 181.0, 106.00000000099999], [1325.0, 181.0, 106.00000000099999], [1324.0, 181.0, 106.00000000099999], [1323.0, 181.0, 106.00000000099999], [1322.0, 181.0, 106.00000000099999], [1321.0, 181.0, 106.00000000099999], [1320.0, 181.0, 106.00000000099999], [1319.0, 181.0, 106.00000000099999], [1318.0, 181.0, 106.00000000099999], [1317.0, 181.0, 106.00000000099999], [1316.0, 181.0, 106.00000000099999], [1315.0, 181.0, 106.00000000099999], [1314.0, 181.0, 106.00000000099999], [1313.0, 181.0, 106.00000000099999], [1312.0, 181.0, 106.00000000099999], [1311.0, 181.0, 106.00000000099999], [1310.0, 181.0, 106.00000000099999], [1309.0, 181.0, 106.00000000099999], [1308.0, 181.0, 106.00000000099999], [1307.0, 181.0, 106.00000000099999], [1306.0, 181.0, 106.00000000099999], [1305.0, 181.0, 106.00000000099999], [1304.0, 181.0, 106.00000000099999], [1303.0, 181.0, 106.00000000099999], [1302.0, 181.0, 106.00000000099999], [1301.0, 181.0, 106.00000000099999], [1300.0, 181.0, 106.00000000099999], [1299.0, 181.0, 106.00000000099999], [1298.0, 181.0, 106.00000000099999], [1297.0, 181.0, 106.00000000099999], [1296.0, 181.0, 106.00000000099999], [1295.0, 181.0, 106.00000000099999]]
- Radius: 2.0
- SeamSize: 2.0 mm
- Shape: <Compound object at 00000152F6AA2620>
- ShapeMaterial: <Material at 00000152F7164860>
- Sliderpos: 0
- TrimByLength: False
- TrimByMultipleLength: False
- TrimByPoint: False
- TrimLength: 0.0 mm
- TrimLengthV1: 0.0 mm
- TrimLengthV2: 0.0 mm
- TrimmedMLengths: {}
- Vectorlength: 10.0
- Visibility: True
- WeldVecs: [[[[-1.2627432790163887e-13, 0.7071067811865436, -0.7071067811865515], [-1.2627432790163887e-13, 0.7071067811865436, -0.7071067811865515], [-1.2627432790163887e-13, 0.7071067811865436, -0.7071067811865515], [-1.2627432790163887e-13, 0.7071067811865436, -0.7071067811865515], [-1.2627432790163887e-13, 0.7071067811865436, -0.7071067811865515], [-1.2627432790163887e-13, 0.7071067811865436, -0.7071067811865515], [-1.2627432790163887e-13, 0.7071067811865436, -0.7071067811865515], [-1.2627432790163887e-13, 0.7071067811865436, -0.7071067811865515], [-1.2627432790163887e-13, 0.7071067811865436, -0.7071067811865515], [-1.2627432790163887e-13, 0.7071067811865436, -0.7071067811865515], [-1.2627432790163887e-13, 0.7071067811865436, -0.7071067811865515], [-1.2627432790163887e-13, 0.7071067811865436, -0.7071067811865515], [-1.2627432790163887e-13, 0.7071067811865436, -0.7071067811865515], [0.0, 0.7071067811865436, -0.7071067811865515], [0.0, 0.7071067811865436, -0.7071067811865515], [0.0, 0.7071067811865436, -0.7071067811865515], [0.0, 0.7071067811865436, -0.7071067811865515], [-1.2627432790163887e-13, 0.7071067811865436, -0.7071067811865515], [-1.2627432790163887e-13, 0.7071067811865436, -0.7071067811865515], [-1.2627432790163887e-13, 0.7071067811865436, -0.7071067811865515], [-1.2627432790163887e-13, 0.7071067811865436, -0.7071067811865515], [0.0, 0.7071067811865436, -0.7071067811865515], [0.0, 0.7071067811865436, -0.7071067811865515], [0.0, 0.7071067811865436, -0.7071067811865515], [0.0, 0.7071067811865436, -0.7071067811865515], [0.0, 0.7071067811865436, -0.7071067811865515], [0.0, 0.7071067811865436, -0.7071067811865515], [0.0, 0.7071067811865436, -0.7071067811865515], [0.0, 0.7071067811865436, -0.7071067811865515], [-1.2627432790163887e-13, 0.7071067811865436, -0.7071067811865515], [-1.2627432790163887e-13, 0.7071067811865436, -0.7071067811865515], [-1.2627432790163887e-13, 0.7071067811865436, -0.7071067811865515], [-1.2627432790163887e-13, 0.7071067811865436, -0.7071067811865515], [-2.5254865580327774e-13, 0.7071067811865436, -0.7071067811865515], [-2.5254865580327774e-13, 0.7071067811865436, -0.7071067811865515], [-2.5254865580327774e-13, 0.7071067811865436, -0.7071067811865515], [-2.5254865580327774e-13, 0.7071067811865436, -0.7071067811865515], [-1.2627432790163887e-13, 0.7071067811865436, -0.7071067811865515], [-1.2627432790163887e-13, 0.7071067811865436, -0.7071067811865515], [-1.2627432790163887e-13, 0.7071067811865436, -0.7071067811865515], [-1.2627432790163887e-13, 0.7071067811865436, -0.7071067811865515], [-1.2627432790163887e-13, 0.7071067811865436, -0.7071067811865515], [-1.2627432790163887e-13, 0.7071067811865436, -0.7071067811865515], [-1.2627432790163887e-13, 0.7071067811865436, -0.7071067811865515], [-1.2627432790163887e-13, 0.7071067811865436, -0.7071067811865515], [1.2627432790163887e-13, 0.7071067811865436, -0.7071067811865515], [1.2627432790163887e-13, 0.7071067811865436, -0.7071067811865515], [1.2627432790163887e-13, 0.7071067811865436, -0.7071067811865515], [1.2627432790163887e-13, 0.7071067811865436, -0.7071067811865515], [0.0, 0.7071067811865436, -0.7071067811865515], [0.0, 0.7071067811865436, -0.7071067811865515], [0.0, 0.7071067811865436, -0.7071067811865515], [0.0, 0.7071067811865436, -0.7071067811865515], [-1.2627432790163816e-13, 0.7071067811865396, -0.7071067811865555], [-1.2627432790163816e-13, 0.7071067811865396, -0.7071067811865555], [-1.2627432790163816e-13, 0.7071067811865396, -0.7071067811865555], [-1.2627432790163816e-13, 0.7071067811865396, -0.7071067811865555], [0.0, 0.7071067811865396, -0.7071067811865555], [0.0, 0.7071067811865396, -0.7071067811865555], [0.0, 0.7071067811865396, -0.7071067811865555], [0.0, 0.7071067811865396, -0.7071067811865555], [0.0, 0.7071067811865396, -0.7071067811865555], [0.0, 0.7071067811865396, -0.7071067811865555], [0.0, 0.7071067811865396, -0.7071067811865555], [0.0, 0.7071067811865396, -0.7071067811865555], [-1.2627432790163816e-13, 0.7071067811865396, -0.7071067811865555], [-1.2627432790163816e-13, 0.7071067811865396, -0.7071067811865555], [-1.2627432790163816e-13, 0.7071067811865396, -0.7071067811865555], [-1.2627432790163816e-13, 0.7071067811865396, -0.7071067811865555], [0.0, 0.7071067811865396, -0.7071067811865555], [0.0, 0.7071067811865396, -0.7071067811865555], [0.0, 0.7071067811865396, -0.7071067811865555], [0.0, 0.7071067811865396, -0.7071067811865555], [-1.2627432790163816e-13, 0.7071067811865396, -0.7071067811865555], [-1.2627432790163816e-13, 0.7071067811865396, -0.7071067811865555], [-1.2627432790163816e-13, 0.7071067811865396, -0.7071067811865555], [-1.2627432790163816e-13, 0.7071067811865396, -0.7071067811865555], [0.0, 0.7071067811865396, -0.7071067811865555], [0.0, 0.7071067811865396, -0.7071067811865555], [0.0, 0.7071067811865396, -0.7071067811865555], [0.0, 0.7071067811865396, -0.7071067811865555], [0.0, 0.7071067811865396, -0.7071067811865555], [0.0, 0.7071067811865396, -0.7071067811865555], [0.0, 0.7071067811865396, -0.7071067811865555], [0.0, 0.7071067811865396, -0.7071067811865555], [1.2627432790163816e-13, 0.7071067811865396, -0.7071067811865555], [1.2627432790163816e-13, 0.7071067811865396, -0.7071067811865555], [1.2627432790163816e-13, 0.7071067811865396, -0.7071067811865555], [1.2627432790163816e-13, 0.7071067811865396, -0.7071067811865555], [0.0, 0.7071067811865396, -0.7071067811865555], [0.0, 0.7071067811865396, -0.7071067811865555], [0.0, 0.7071067811865396, -0.7071067811865555], [0.0, 0.7071067811865396, -0.7071067811865555], [0.0, 0.7071067811865396, -0.7071067811865555], [0.0, 0.7071067811865396, -0.7071067811865555], [0.0, 0.7071067811865396, -0.7071067811865555], [0.0, 0.7071067811865396, -0.7071067811865555], [-1.2627432790163816e-13, 0.7071067811865396, -0.7071067811865555], [-1.2627432790163816e-13, 0.7071067811865396, -0.7071067811865555], [0.0, 0.7071067811865396, -0.7071067811865555], [0.0, 0.7071067811865396, -0.7071067811865555]]]]
- Weldlines: <Compound object at 00000152F6AA22B0>
- _ElementMapVersion: 15.70200.5
- showweldvecs: True

----------------------------------------
WELD 8 of 18
Name: InternalWeldFeature005
Label: Weld6

DETAILED PROPERTIES:
- Type: Part::FeaturePython
- Angle: 0.0
- CorrectedNormals: {}
- Edgeidxs: [0]
- ExpressionEngine: []
- FinalWeldVecs: [[[-0.7071067811865476, 0.7071067811865476, -7.892145493852474e-15], [-0.7071067811865476, 0.7071067811865476, -7.892145493852474e-15], [-0.7071067811865476, 0.7071067811865476, -7.892145493852474e-15], [-0.7071067811865476, 0.7071067811865476, -7.892145493852474e-15], [-0.7071067811865476, 0.7071067811865476, -7.892145493852474e-15], [-0.7071067811865476, 0.7071067811865476, 0.0], [-0.7071067811865476, 0.7071067811865476, 0.0], [-0.7071067811865476, 0.7071067811865476, 0.0], [-0.7071067811865476, 0.7071067811865476, 0.0], [-0.7071067811865396, 0.7071067811865555, 7.892145493852385e-15], [-0.7071067811865396, 0.7071067811865555, 7.892145493852385e-15], [-0.7071067811865396, 0.7071067811865555, 7.892145493852385e-15], [-0.7071067811865396, 0.7071067811865555, 7.892145493852385e-15], [-0.7071067811866265, 0.7071067811864686, 0.0], [-0.7071067811866265, 0.7071067811864686, 0.0], [-0.7071067811866265, 0.7071067811864686, 0.0], [-0.7071067811866265, 0.7071067811864686, 0.0], [-0.7071067811866265, 0.7071067811864686, 7.892145493851945e-15], [-0.7071067811866265, 0.7071067811864686, 7.892145493851945e-15], [-0.7071067811866265, 0.7071067811864686, 7.892145493851945e-15], [-0.7071067811866265, 0.7071067811864686, 7.892145493851945e-15], [-0.7071067811866185, 0.7071067811864765, 0.0], [-0.7071067811866185, 0.7071067811864765, 0.0], [-0.7071067811866185, 0.7071067811864765, 1.5784290987703713e-14], [-0.7071067811866185, 0.7071067811864765, 1.5784290987703713e-14]]]
- HeatSource: None
- IntermittentBeadLength: 0.0 mm
- IntermittentBeadPitch: 0.0 mm
- IntermittentBeadQty: 0.0
- IntermittentLen: False
- IntermittentLenRound: False
- IntermittentPitch: False
- IntermittentQty: False
- IntermittentQtyRound: False
- IntermittentRBeadLength: 0.0 mm
- IntermittentRBeadPitch: 0.0 mm
- IntermittentResult: 0.0
- IntermittentResultLen: 0.0
- IntermittentTrimEachBead: False
- IntermittentTrimEachBeadLen: False
- IntermittentWeldedSection: 0.0 mm
- Interval: 4
- Label2: 
- Material: None
- MoveV1: False
- MoveV2: False
- PerEdgePts: [[[1295.0, 181.0, 106.000000001], [1295.0, 181.0, 107.04166666766668], [1295.0, 181.0, 108.08333333433333], [1295.0, 181.0, 109.125000001], [1295.0, 181.0, 110.16666666766668], [1295.0, 181.0, 111.20833333433333], [1295.0, 181.0, 112.250000001], [1295.0, 180.99999999999997, 113.29166666766666], [1295.0, 180.99999999999997, 114.33333333433333], [1295.0, 180.99999999999997, 115.375000001], [1295.0, 180.99999999999997, 116.41666666766666], [1295.0, 180.99999999999997, 117.45833333433333], [1295.0, 180.99999999999997, 118.50000000099999], [1295.0000000000002, 180.99999999999997, 119.54166666766666], [1295.0000000000002, 180.99999999999997, 120.58333333433333], [1295.0000000000002, 180.99999999999997, 121.62500000099999], [1295.0000000000002, 180.99999999999997, 122.66666666766666], [1295.0000000000002, 180.99999999999997, 123.70833333433333], [1295.0000000000002, 180.99999999999997, 124.75000000099999], [1295.0000000000002, 180.99999999999994, 125.79166666766665], [1295.0000000000002, 180.99999999999994, 126.83333333433332], [1295.0000000000002, 180.99999999999994, 127.87500000099999], [1295.0000000000002, 180.99999999999994, 128.91666666766665], [1295.0000000000002, 180.99999999999994, 129.9583333343333], [1295.0000000000002, 180.99999999999994, 131.000000001]]]
- PerEdgeTangs: [[[9.094947017729e-15, -2.273736754432e-15, 1.0], [9.094947017729e-15, -2.273736754432e-15, 1.0], [9.094947017729e-15, -2.273736754432e-15, 1.0], [9.094947017729e-15, -2.273736754432e-15, 1.0], [9.094947017729e-15, -2.273736754432e-15, 1.0], [9.094947017729e-15, -2.273736754432e-15, 1.0], [9.094947017729e-15, -2.273736754432e-15, 1.0], [9.094947017729e-15, -2.273736754432e-15, 1.0], [9.094947017729e-15, -2.273736754432e-15, 1.0], [9.094947017729e-15, -2.273736754432e-15, 1.0], [9.094947017729e-15, -2.273736754432e-15, 1.0], [9.094947017729e-15, -2.273736754432e-15, 1.0], [9.094947017729e-15, -2.273736754432e-15, 1.0], [9.094947017729e-15, -2.273736754432e-15, 1.0], [9.094947017729e-15, -2.273736754432e-15, 1.0], [9.094947017729e-15, -2.273736754432e-15, 1.0], [9.094947017729e-15, -2.273736754432e-15, 1.0], [9.094947017729e-15, -2.273736754432e-15, 1.0], [9.094947017729e-15, -2.273736754432e-15, 1.0], [9.094947017729e-15, -2.273736754432e-15, 1.0], [9.094947017729e-15, -2.273736754432e-15, 1.0], [9.094947017729e-15, -2.273736754432e-15, 1.0], [9.094947017729e-15, -2.273736754432e-15, 1.0], [9.094947017729e-15, -2.273736754432e-15, 1.0], [9.094947017729e-15, -2.273736754432e-15, 1.0]]]
- Placement: Placement [Pos=(0,0,0), Yaw-Pitch-Roll=(0,0,0)]
- PointEnd: Vector (0.0, 0.0, 0.0)
- PointStart: Vector (0.0, 0.0, 0.0)
- Process: None
- Proxy: <Functions.FPweldline.Path3D object at 0x00000152F2D39650>
- Pts: [[1295.0, 181.0, 106.000000001], [1295.0, 181.0, 107.04166666766668], [1295.0, 181.0, 108.08333333433333], [1295.0, 181.0, 109.125000001], [1295.0, 181.0, 110.16666666766668], [1295.0, 181.0, 111.20833333433333], [1295.0, 181.0, 112.250000001], [1295.0, 180.99999999999997, 113.29166666766666], [1295.0, 180.99999999999997, 114.33333333433333], [1295.0, 180.99999999999997, 115.375000001], [1295.0, 180.99999999999997, 116.41666666766666], [1295.0, 180.99999999999997, 117.45833333433333], [1295.0, 180.99999999999997, 118.50000000099999], [1295.0000000000002, 180.99999999999997, 119.54166666766666], [1295.0000000000002, 180.99999999999997, 120.58333333433333], [1295.0000000000002, 180.99999999999997, 121.62500000099999], [1295.0000000000002, 180.99999999999997, 122.66666666766666], [1295.0000000000002, 180.99999999999997, 123.70833333433333], [1295.0000000000002, 180.99999999999997, 124.75000000099999], [1295.0000000000002, 180.99999999999994, 125.79166666766665], [1295.0000000000002, 180.99999999999994, 126.83333333433332], [1295.0000000000002, 180.99999999999994, 127.87500000099999], [1295.0000000000002, 180.99999999999994, 128.91666666766665], [1295.0000000000002, 180.99999999999994, 129.9583333343333], [1295.0000000000002, 180.99999999999994, 131.000000001]]
- Radius: 2.0
- SeamSize: 2.0 mm
- Shape: <Compound object at 00000152F6AA2620>
- ShapeMaterial: <Material at 00000152F7164860>
- Sliderpos: 0
- TrimByLength: False
- TrimByMultipleLength: False
- TrimByPoint: False
- TrimLength: 0.0 mm
- TrimLengthV1: 0.0 mm
- TrimLengthV2: 0.0 mm
- TrimmedMLengths: {}
- Vectorlength: 10.0
- Visibility: True
- WeldVecs: [[[[-0.7071067811865476, 0.7071067811865476, -7.892145493852474e-15], [-0.7071067811865476, 0.7071067811865476, -7.892145493852474e-15], [-0.7071067811865476, 0.7071067811865476, -7.892145493852474e-15], [-0.7071067811865476, 0.7071067811865476, -7.892145493852474e-15], [-0.7071067811865476, 0.7071067811865476, -7.892145493852474e-15], [-0.7071067811865476, 0.7071067811865476, 0.0], [-0.7071067811865476, 0.7071067811865476, 0.0], [-0.7071067811865476, 0.7071067811865476, 0.0], [-0.7071067811865476, 0.7071067811865476, 0.0], [-0.7071067811865396, 0.7071067811865555, 7.892145493852385e-15], [-0.7071067811865396, 0.7071067811865555, 7.892145493852385e-15], [-0.7071067811865396, 0.7071067811865555, 7.892145493852385e-15], [-0.7071067811865396, 0.7071067811865555, 7.892145493852385e-15], [-0.7071067811866265, 0.7071067811864686, 0.0], [-0.7071067811866265, 0.7071067811864686, 0.0], [-0.7071067811866265, 0.7071067811864686, 0.0], [-0.7071067811866265, 0.7071067811864686, 0.0], [-0.7071067811866265, 0.7071067811864686, 7.892145493851945e-15], [-0.7071067811866265, 0.7071067811864686, 7.892145493851945e-15], [-0.7071067811866265, 0.7071067811864686, 7.892145493851945e-15], [-0.7071067811866265, 0.7071067811864686, 7.892145493851945e-15], [-0.7071067811866185, 0.7071067811864765, 0.0], [-0.7071067811866185, 0.7071067811864765, 0.0], [-0.7071067811866185, 0.7071067811864765, 1.5784290987703713e-14], [-0.7071067811866185, 0.7071067811864765, 1.5784290987703713e-14]]]]
- Weldlines: <Compound object at 00000152F6AA2DB0>
- _ElementMapVersion: 15.70200.5
- showweldvecs: True

----------------------------------------
WELD 9 of 18
Name: InternalWeldFeature006
Label: Weld7

DETAILED PROPERTIES:
- Type: Part::FeaturePython
- Angle: 0.0
- CorrectedNormals: {}
- Edgeidxs: [0]
- ExpressionEngine: []
- FinalWeldVecs: [[[0.0, 0.7071067811865476, 0.7071067811865476], [0.0, 0.7071067811865476, 0.7071067811865476], [0.0, 0.7071067811865476, 0.7071067811865476], [0.0, 0.7071067811865476, 0.7071067811865476], [0.0, 0.7071067811865476, 0.7071067811865476], [0.0, 0.7071067811865476, 0.7071067811865476], [0.0, 0.7071067811865476, 0.7071067811865476], [0.0, 0.7071067811865476, 0.7071067811865476], [0.0, 0.7071067811865476, 0.7071067811865476], [1.2627432790163675e-13, 0.7071067811865476, 0.7071067811865476], [1.2627432790163675e-13, 0.7071067811865476, 0.7071067811865476], [1.2627432790163675e-13, 0.7071067811865476, 0.7071067811865476], [1.2627432790163675e-13, 0.7071067811865476, 0.7071067811865476], [-1.2627432790163675e-13, 0.7071067811865476, 0.7071067811865476], [-1.2627432790163675e-13, 0.7071067811865476, 0.7071067811865476], [-1.2627432790163675e-13, 0.7071067811865476, 0.7071067811865476], [-1.2627432790163675e-13, 0.7071067811865476, 0.7071067811865476], [0.0, 0.7071067811865476, 0.7071067811865476], [0.0, 0.7071067811865476, 0.7071067811865476], [0.0, 0.7071067811865476, 0.7071067811865476], [0.0, 0.7071067811865476, 0.7071067811865476], [-1.2627432790163675e-13, 0.7071067811865476, 0.7071067811865476], [-1.2627432790163675e-13, 0.7071067811865476, 0.7071067811865476], [-1.2627432790163675e-13, 0.7071067811865476, 0.7071067811865476], [-1.2627432790163675e-13, 0.7071067811865476, 0.7071067811865476], [0.0, 0.7071067811865476, 0.7071067811865476], [0.0, 0.7071067811865476, 0.7071067811865476], [0.0, 0.7071067811865476, 0.7071067811865476], [0.0, 0.7071067811865476, 0.7071067811865476], [0.0, 0.7071067811865476, 0.7071067811865476], [0.0, 0.7071067811865476, 0.7071067811865476], [0.0, 0.7071067811865476, 0.7071067811865476], [0.0, 0.7071067811865476, 0.7071067811865476], [0.0, 0.7071067811865476, 0.7071067811865476], [0.0, 0.7071067811865476, 0.7071067811865476], [0.0, 0.7071067811865476, 0.7071067811865476], [0.0, 0.7071067811865476, 0.7071067811865476], [-1.2627432790163675e-13, 0.7071067811865476, 0.7071067811865476], [-1.2627432790163675e-13, 0.7071067811865476, 0.7071067811865476], [-1.2627432790163675e-13, 0.7071067811865476, 0.7071067811865476], [-1.2627432790163675e-13, 0.7071067811865476, 0.7071067811865476], [0.0, 0.7071067811865476, 0.7071067811865476], [0.0, 0.7071067811865476, 0.7071067811865476], [0.0, 0.7071067811865476, 0.7071067811865476], [0.0, 0.7071067811865476, 0.7071067811865476], [0.0, 0.7071067811865476, 0.7071067811865476], [0.0, 0.7071067811865476, 0.7071067811865476], [0.0, 0.7071067811865476, 0.7071067811865476], [0.0, 0.7071067811865476, 0.7071067811865476], [0.0, 0.7071067811865476, 0.7071067811865476], [0.0, 0.7071067811865476, 0.7071067811865476], [0.0, 0.7071067811865476, 0.7071067811865476], [0.0, 0.7071067811865476, 0.7071067811865476], [-1.2627432790163675e-13, 0.7071067811865476, 0.7071067811865476], [-1.2627432790163675e-13, 0.7071067811865476, 0.7071067811865476], [-1.2627432790163675e-13, 0.7071067811865476, 0.7071067811865476], [-1.2627432790163675e-13, 0.7071067811865476, 0.7071067811865476], [-1.2627432790163675e-13, 0.7071067811865476, 0.7071067811865476], [-1.2627432790163675e-13, 0.7071067811865476, 0.7071067811865476], [-1.2627432790163675e-13, 0.7071067811865476, 0.7071067811865476], [-1.2627432790163675e-13, 0.7071067811865476, 0.7071067811865476], [-1.2627432790163675e-13, 0.7071067811865476, 0.7071067811865476], [-1.2627432790163675e-13, 0.7071067811865476, 0.7071067811865476], [-1.2627432790163675e-13, 0.7071067811865476, 0.7071067811865476], [-1.2627432790163675e-13, 0.7071067811865476, 0.7071067811865476], [-1.2627432790163675e-13, 0.7071067811865476, 0.7071067811865476], [-1.2627432790163675e-13, 0.7071067811865476, 0.7071067811865476], [-1.2627432790163675e-13, 0.7071067811865476, 0.7071067811865476], [-1.2627432790163675e-13, 0.7071067811865476, 0.7071067811865476], [0.0, 0.7071067811865476, 0.7071067811865476], [0.0, 0.7071067811865476, 0.7071067811865476], [0.0, 0.7071067811865476, 0.7071067811865476], [0.0, 0.7071067811865476, 0.7071067811865476], [-2.525486558032735e-13, 0.7071067811865476, 0.7071067811865476], [-2.525486558032735e-13, 0.7071067811865476, 0.7071067811865476], [-2.525486558032735e-13, 0.7071067811865476, 0.7071067811865476], [-2.525486558032735e-13, 0.7071067811865476, 0.7071067811865476], [-1.2627432790163675e-13, 0.7071067811865476, 0.7071067811865476], [-1.2627432790163675e-13, 0.7071067811865476, 0.7071067811865476], [-1.2627432790163675e-13, 0.7071067811865476, 0.7071067811865476], [-1.2627432790163675e-13, 0.7071067811865476, 0.7071067811865476], [0.0, 0.7071067811865476, 0.7071067811865476], [0.0, 0.7071067811865476, 0.7071067811865476], [0.0, 0.7071067811865476, 0.7071067811865476], [0.0, 0.7071067811865476, 0.7071067811865476], [-1.2627432790163675e-13, 0.7071067811865476, 0.7071067811865476], [-1.2627432790163675e-13, 0.7071067811865476, 0.7071067811865476], [-1.2627432790163675e-13, 0.7071067811865476, 0.7071067811865476], [-1.2627432790163675e-13, 0.7071067811865476, 0.7071067811865476], [-1.2627432790163675e-13, 0.7071067811865476, 0.7071067811865476], [-1.2627432790163675e-13, 0.7071067811865476, 0.7071067811865476], [-1.2627432790163675e-13, 0.7071067811865476, 0.7071067811865476], [-1.2627432790163675e-13, 0.7071067811865476, 0.7071067811865476], [0.0, 0.7071067811865476, 0.7071067811865476], [0.0, 0.7071067811865476, 0.7071067811865476], [0.0, 0.7071067811865476, 0.7071067811865476], [0.0, 0.7071067811865476, 0.7071067811865476], [0.0, 0.7071067811865476, 0.7071067811865476], [0.0, 0.7071067811865476, 0.7071067811865476], [-1.2627432790163675e-13, 0.7071067811865476, 0.7071067811865476], [-1.2627432790163675e-13, 0.7071067811865476, 0.7071067811865476]]]
- HeatSource: None
- IntermittentBeadLength: 0.0 mm
- IntermittentBeadPitch: 0.0 mm
- IntermittentBeadQty: 0.0
- IntermittentLen: False
- IntermittentLenRound: False
- IntermittentPitch: False
- IntermittentQty: False
- IntermittentQtyRound: False
- IntermittentRBeadLength: 0.0 mm
- IntermittentRBeadPitch: 0.0 mm
- IntermittentResult: 0.0
- IntermittentResultLen: 0.0
- IntermittentTrimEachBead: False
- IntermittentTrimEachBeadLen: False
- IntermittentWeldedSection: 0.0 mm
- Interval: 4
- Label2: 
- Material: None
- MoveV1: False
- MoveV2: False
- PerEdgePts: [[[1295.0, 181.0, 131.000000001], [1296.0, 181.0, 131.000000001], [1297.0, 181.0, 131.000000001], [1298.0, 181.0, 131.000000001], [1299.0, 181.0, 131.000000001], [1300.0, 181.0, 131.000000001], [1301.0, 181.0, 131.000000001], [1302.0, 181.0, 131.000000001], [1303.0, 181.0, 131.000000001], [1304.0, 181.0, 131.000000001], [1305.0, 181.0, 131.000000001], [1306.0, 181.0, 131.000000001], [1307.0, 181.0, 131.000000001], [1308.0, 181.0, 131.000000001], [1309.0, 181.0, 131.000000001], [1310.0, 181.0, 131.000000001], [1311.0, 181.0, 131.000000001], [1312.0, 181.0, 131.000000001], [1313.0, 181.0, 131.000000001], [1314.0, 181.0, 131.000000001], [1315.0, 181.0, 131.000000001], [1316.0, 181.0, 131.000000001], [1317.0, 181.0, 131.000000001], [1318.0, 181.0, 131.000000001], [1319.0, 181.0, 131.000000001], [1320.0, 181.0, 131.000000001], [1321.0, 181.0, 131.000000001], [1322.0, 181.0, 131.000000001], [1323.0, 181.0, 131.000000001], [1324.0, 181.0, 131.000000001], [1325.0, 181.0, 131.000000001], [1326.0, 181.0, 131.000000001], [1327.0, 181.0, 131.000000001], [1328.0, 181.0, 131.000000001], [1329.0, 181.0, 131.000000001], [1330.0, 181.0, 131.000000001], [1331.0, 181.0, 131.000000001], [1332.0, 181.0, 131.000000001], [1333.0, 181.0, 131.000000001], [1334.0, 181.0, 131.000000001], [1335.0, 181.0, 131.000000001], [1336.0, 181.0, 131.000000001], [1337.0, 181.0, 131.000000001], [1338.0, 181.0, 131.000000001], [1339.0, 181.0, 131.000000001], [1340.0, 181.0, 131.000000001], [1341.0, 181.0, 131.000000001], [1342.0, 181.0, 131.000000001], [1343.0, 181.0, 131.000000001], [1344.0, 181.0, 131.000000001], [1345.0, 181.0, 131.000000001], [1346.0, 181.0, 131.000000001], [1347.0, 181.0, 131.000000001], [1348.0, 181.0, 131.000000001], [1349.0, 181.0, 131.000000001], [1350.0, 181.0, 131.000000001], [1351.0, 181.0, 131.000000001], [1352.0, 181.0, 131.000000001], [1353.0, 181.0, 131.000000001], [1354.0, 181.0, 131.000000001], [1355.0, 181.0, 131.000000001], [1356.0, 181.0, 131.000000001], [1357.0, 181.0, 131.000000001], [1358.0, 181.0, 131.000000001], [1359.0, 181.0, 131.000000001], [1360.0, 181.0, 131.000000001], [1361.0, 181.0, 131.000000001], [1362.0, 181.0, 131.000000001], [1363.0, 181.0, 131.000000001], [1364.0, 181.0, 131.000000001], [1365.0, 181.0, 131.000000001], [1366.0, 181.0, 131.000000001], [1367.0, 181.0, 131.000000001], [1368.0, 181.0, 131.000000001], [1369.0, 181.0, 131.000000001], [1370.0, 181.0, 131.000000001], [1371.0, 181.0, 131.000000001], [1372.0, 181.0, 131.000000001], [1373.0, 181.0, 131.000000001], [1374.0, 181.0, 131.000000001], [1375.0, 181.0, 131.000000001], [1376.0, 181.0, 131.000000001], [1377.0, 181.0, 131.000000001], [1378.0, 181.0, 131.000000001], [1379.0, 181.0, 131.000000001], [1380.0, 181.0, 131.000000001], [1381.0, 181.0, 131.000000001], [1382.0, 181.0, 131.000000001], [1383.0, 181.0, 131.000000001], [1384.0, 181.0, 131.000000001], [1385.0, 181.0, 131.000000001], [1386.0, 181.0, 131.000000001], [1387.0, 181.0, 131.000000001], [1388.0, 181.0, 131.000000001], [1389.0, 181.0, 131.000000001], [1390.0, 181.0, 131.000000001], [1391.0, 181.0, 131.000000001], [1392.0, 181.0, 131.000000001], [1393.0, 181.0, 131.000000001], [1394.0, 181.0, 131.000000001], [1395.0, 181.0, 131.000000001]]]
- PerEdgeTangs: [[[1.0, 0.0, 0.0], [1.0, 0.0, 0.0], [1.0, 0.0, 0.0], [1.0, 0.0, 0.0], [1.0, 0.0, 0.0], [1.0, 0.0, 0.0], [1.0, 0.0, 0.0], [1.0, 0.0, 0.0], [1.0, 0.0, 0.0], [1.0, 0.0, 0.0], [1.0, 0.0, 0.0], [1.0, 0.0, 0.0], [1.0, 0.0, 0.0], [1.0, 0.0, 0.0], [1.0, 0.0, 0.0], [1.0, 0.0, 0.0], [1.0, 0.0, 0.0], [1.0, 0.0, 0.0], [1.0, 0.0, 0.0], [1.0, 0.0, 0.0], [1.0, 0.0, 0.0], [1.0, 0.0, 0.0], [1.0, 0.0, 0.0], [1.0, 0.0, 0.0], [1.0, 0.0, 0.0], [1.0, 0.0, 0.0], [1.0, 0.0, 0.0], [1.0, 0.0, 0.0], [1.0, 0.0, 0.0], [1.0, 0.0, 0.0], [1.0, 0.0, 0.0], [1.0, 0.0, 0.0], [1.0, 0.0, 0.0], [1.0, 0.0, 0.0], [1.0, 0.0, 0.0], [1.0, 0.0, 0.0], [1.0, 0.0, 0.0], [1.0, 0.0, 0.0], [1.0, 0.0, 0.0], [1.0, 0.0, 0.0], [1.0, 0.0, 0.0], [1.0, 0.0, 0.0], [1.0, 0.0, 0.0], [1.0, 0.0, 0.0], [1.0, 0.0, 0.0], [1.0, 0.0, 0.0], [1.0, 0.0, 0.0], [1.0, 0.0, 0.0], [1.0, 0.0, 0.0], [1.0, 0.0, 0.0], [1.0, 0.0, 0.0], [1.0, 0.0, 0.0], [1.0, 0.0, 0.0], [1.0, 0.0, 0.0], [1.0, 0.0, 0.0], [1.0, 0.0, 0.0], [1.0, 0.0, 0.0], [1.0, 0.0, 0.0], [1.0, 0.0, 0.0], [1.0, 0.0, 0.0], [1.0, 0.0, 0.0], [1.0, 0.0, 0.0], [1.0, 0.0, 0.0], [1.0, 0.0, 0.0], [1.0, 0.0, 0.0], [1.0, 0.0, 0.0], [1.0, 0.0, 0.0], [1.0, 0.0, 0.0], [1.0, 0.0, 0.0], [1.0, 0.0, 0.0], [1.0, 0.0, 0.0], [1.0, 0.0, 0.0], [1.0, 0.0, 0.0], [1.0, 0.0, 0.0], [1.0, 0.0, 0.0], [1.0, 0.0, 0.0], [1.0, 0.0, 0.0], [1.0, 0.0, 0.0], [1.0, 0.0, 0.0], [1.0, 0.0, 0.0], [1.0, 0.0, 0.0], [1.0, 0.0, 0.0], [1.0, 0.0, 0.0], [1.0, 0.0, 0.0], [1.0, 0.0, 0.0], [1.0, 0.0, 0.0], [1.0, 0.0, 0.0], [1.0, 0.0, 0.0], [1.0, 0.0, 0.0], [1.0, 0.0, 0.0], [1.0, 0.0, 0.0], [1.0, 0.0, 0.0], [1.0, 0.0, 0.0], [1.0, 0.0, 0.0], [1.0, 0.0, 0.0], [1.0, 0.0, 0.0], [1.0, 0.0, 0.0], [1.0, 0.0, 0.0], [1.0, 0.0, 0.0], [1.0, 0.0, 0.0], [1.0, 0.0, 0.0]]]
- Placement: Placement [Pos=(0,0,0), Yaw-Pitch-Roll=(0,0,0)]
- PointEnd: Vector (0.0, 0.0, 0.0)
- PointStart: Vector (0.0, 0.0, 0.0)
- Process: None
- Proxy: <Functions.FPweldline.Path3D object at 0x00000152F2D47890>
- Pts: [[1295.0, 181.0, 131.000000001], [1296.0, 181.0, 131.000000001], [1297.0, 181.0, 131.000000001], [1298.0, 181.0, 131.000000001], [1299.0, 181.0, 131.000000001], [1300.0, 181.0, 131.000000001], [1301.0, 181.0, 131.000000001], [1302.0, 181.0, 131.000000001], [1303.0, 181.0, 131.000000001], [1304.0, 181.0, 131.000000001], [1305.0, 181.0, 131.000000001], [1306.0, 181.0, 131.000000001], [1307.0, 181.0, 131.000000001], [1308.0, 181.0, 131.000000001], [1309.0, 181.0, 131.000000001], [1310.0, 181.0, 131.000000001], [1311.0, 181.0, 131.000000001], [1312.0, 181.0, 131.000000001], [1313.0, 181.0, 131.000000001], [1314.0, 181.0, 131.000000001], [1315.0, 181.0, 131.000000001], [1316.0, 181.0, 131.000000001], [1317.0, 181.0, 131.000000001], [1318.0, 181.0, 131.000000001], [1319.0, 181.0, 131.000000001], [1320.0, 181.0, 131.000000001], [1321.0, 181.0, 131.000000001], [1322.0, 181.0, 131.000000001], [1323.0, 181.0, 131.000000001], [1324.0, 181.0, 131.000000001], [1325.0, 181.0, 131.000000001], [1326.0, 181.0, 131.000000001], [1327.0, 181.0, 131.000000001], [1328.0, 181.0, 131.000000001], [1329.0, 181.0, 131.000000001], [1330.0, 181.0, 131.000000001], [1331.0, 181.0, 131.000000001], [1332.0, 181.0, 131.000000001], [1333.0, 181.0, 131.000000001], [1334.0, 181.0, 131.000000001], [1335.0, 181.0, 131.000000001], [1336.0, 181.0, 131.000000001], [1337.0, 181.0, 131.000000001], [1338.0, 181.0, 131.000000001], [1339.0, 181.0, 131.000000001], [1340.0, 181.0, 131.000000001], [1341.0, 181.0, 131.000000001], [1342.0, 181.0, 131.000000001], [1343.0, 181.0, 131.000000001], [1344.0, 181.0, 131.000000001], [1345.0, 181.0, 131.000000001], [1346.0, 181.0, 131.000000001], [1347.0, 181.0, 131.000000001], [1348.0, 181.0, 131.000000001], [1349.0, 181.0, 131.000000001], [1350.0, 181.0, 131.000000001], [1351.0, 181.0, 131.000000001], [1352.0, 181.0, 131.000000001], [1353.0, 181.0, 131.000000001], [1354.0, 181.0, 131.000000001], [1355.0, 181.0, 131.000000001], [1356.0, 181.0, 131.000000001], [1357.0, 181.0, 131.000000001], [1358.0, 181.0, 131.000000001], [1359.0, 181.0, 131.000000001], [1360.0, 181.0, 131.000000001], [1361.0, 181.0, 131.000000001], [1362.0, 181.0, 131.000000001], [1363.0, 181.0, 131.000000001], [1364.0, 181.0, 131.000000001], [1365.0, 181.0, 131.000000001], [1366.0, 181.0, 131.000000001], [1367.0, 181.0, 131.000000001], [1368.0, 181.0, 131.000000001], [1369.0, 181.0, 131.000000001], [1370.0, 181.0, 131.000000001], [1371.0, 181.0, 131.000000001], [1372.0, 181.0, 131.000000001], [1373.0, 181.0, 131.000000001], [1374.0, 181.0, 131.000000001], [1375.0, 181.0, 131.000000001], [1376.0, 181.0, 131.000000001], [1377.0, 181.0, 131.000000001], [1378.0, 181.0, 131.000000001], [1379.0, 181.0, 131.000000001], [1380.0, 181.0, 131.000000001], [1381.0, 181.0, 131.000000001], [1382.0, 181.0, 131.000000001], [1383.0, 181.0, 131.000000001], [1384.0, 181.0, 131.000000001], [1385.0, 181.0, 131.000000001], [1386.0, 181.0, 131.000000001], [1387.0, 181.0, 131.000000001], [1388.0, 181.0, 131.000000001], [1389.0, 181.0, 131.000000001], [1390.0, 181.0, 131.000000001], [1391.0, 181.0, 131.000000001], [1392.0, 181.0, 131.000000001], [1393.0, 181.0, 131.000000001], [1394.0, 181.0, 131.000000001], [1395.0, 181.0, 131.000000001]]
- Radius: 2.0
- SeamSize: 2.0 mm
- Shape: <Compound object at 00000152F6AA2150>
- ShapeMaterial: <Material at 00000152F7164860>
- Sliderpos: 0
- TrimByLength: False
- TrimByMultipleLength: False
- TrimByPoint: False
- TrimLength: 0.0 mm
- TrimLengthV1: 0.0 mm
- TrimLengthV2: 0.0 mm
- TrimmedMLengths: {}
- Vectorlength: 10.0
- Visibility: True
- WeldVecs: [[[[0.0, 0.7071067811865476, 0.7071067811865476], [0.0, 0.7071067811865476, 0.7071067811865476], [0.0, 0.7071067811865476, 0.7071067811865476], [0.0, 0.7071067811865476, 0.7071067811865476], [0.0, 0.7071067811865476, 0.7071067811865476], [0.0, 0.7071067811865476, 0.7071067811865476], [0.0, 0.7071067811865476, 0.7071067811865476], [0.0, 0.7071067811865476, 0.7071067811865476], [0.0, 0.7071067811865476, 0.7071067811865476], [1.2627432790163675e-13, 0.7071067811865476, 0.7071067811865476], [1.2627432790163675e-13, 0.7071067811865476, 0.7071067811865476], [1.2627432790163675e-13, 0.7071067811865476, 0.7071067811865476], [1.2627432790163675e-13, 0.7071067811865476, 0.7071067811865476], [-1.2627432790163675e-13, 0.7071067811865476, 0.7071067811865476], [-1.2627432790163675e-13, 0.7071067811865476, 0.7071067811865476], [-1.2627432790163675e-13, 0.7071067811865476, 0.7071067811865476], [-1.2627432790163675e-13, 0.7071067811865476, 0.7071067811865476], [0.0, 0.7071067811865476, 0.7071067811865476], [0.0, 0.7071067811865476, 0.7071067811865476], [0.0, 0.7071067811865476, 0.7071067811865476], [0.0, 0.7071067811865476, 0.7071067811865476], [-1.2627432790163675e-13, 0.7071067811865476, 0.7071067811865476], [-1.2627432790163675e-13, 0.7071067811865476, 0.7071067811865476], [-1.2627432790163675e-13, 0.7071067811865476, 0.7071067811865476], [-1.2627432790163675e-13, 0.7071067811865476, 0.7071067811865476], [0.0, 0.7071067811865476, 0.7071067811865476], [0.0, 0.7071067811865476, 0.7071067811865476], [0.0, 0.7071067811865476, 0.7071067811865476], [0.0, 0.7071067811865476, 0.7071067811865476], [0.0, 0.7071067811865476, 0.7071067811865476], [0.0, 0.7071067811865476, 0.7071067811865476], [0.0, 0.7071067811865476, 0.7071067811865476], [0.0, 0.7071067811865476, 0.7071067811865476], [0.0, 0.7071067811865476, 0.7071067811865476], [0.0, 0.7071067811865476, 0.7071067811865476], [0.0, 0.7071067811865476, 0.7071067811865476], [0.0, 0.7071067811865476, 0.7071067811865476], [-1.2627432790163675e-13, 0.7071067811865476, 0.7071067811865476], [-1.2627432790163675e-13, 0.7071067811865476, 0.7071067811865476], [-1.2627432790163675e-13, 0.7071067811865476, 0.7071067811865476], [-1.2627432790163675e-13, 0.7071067811865476, 0.7071067811865476], [0.0, 0.7071067811865476, 0.7071067811865476], [0.0, 0.7071067811865476, 0.7071067811865476], [0.0, 0.7071067811865476, 0.7071067811865476], [0.0, 0.7071067811865476, 0.7071067811865476], [0.0, 0.7071067811865476, 0.7071067811865476], [0.0, 0.7071067811865476, 0.7071067811865476], [0.0, 0.7071067811865476, 0.7071067811865476], [0.0, 0.7071067811865476, 0.7071067811865476], [0.0, 0.7071067811865476, 0.7071067811865476], [0.0, 0.7071067811865476, 0.7071067811865476], [0.0, 0.7071067811865476, 0.7071067811865476], [0.0, 0.7071067811865476, 0.7071067811865476], [-1.2627432790163675e-13, 0.7071067811865476, 0.7071067811865476], [-1.2627432790163675e-13, 0.7071067811865476, 0.7071067811865476], [-1.2627432790163675e-13, 0.7071067811865476, 0.7071067811865476], [-1.2627432790163675e-13, 0.7071067811865476, 0.7071067811865476], [-1.2627432790163675e-13, 0.7071067811865476, 0.7071067811865476], [-1.2627432790163675e-13, 0.7071067811865476, 0.7071067811865476], [-1.2627432790163675e-13, 0.7071067811865476, 0.7071067811865476], [-1.2627432790163675e-13, 0.7071067811865476, 0.7071067811865476], [-1.2627432790163675e-13, 0.7071067811865476, 0.7071067811865476], [-1.2627432790163675e-13, 0.7071067811865476, 0.7071067811865476], [-1.2627432790163675e-13, 0.7071067811865476, 0.7071067811865476], [-1.2627432790163675e-13, 0.7071067811865476, 0.7071067811865476], [-1.2627432790163675e-13, 0.7071067811865476, 0.7071067811865476], [-1.2627432790163675e-13, 0.7071067811865476, 0.7071067811865476], [-1.2627432790163675e-13, 0.7071067811865476, 0.7071067811865476], [-1.2627432790163675e-13, 0.7071067811865476, 0.7071067811865476], [0.0, 0.7071067811865476, 0.7071067811865476], [0.0, 0.7071067811865476, 0.7071067811865476], [0.0, 0.7071067811865476, 0.7071067811865476], [0.0, 0.7071067811865476, 0.7071067811865476], [-2.525486558032735e-13, 0.7071067811865476, 0.7071067811865476], [-2.525486558032735e-13, 0.7071067811865476, 0.7071067811865476], [-2.525486558032735e-13, 0.7071067811865476, 0.7071067811865476], [-2.525486558032735e-13, 0.7071067811865476, 0.7071067811865476], [-1.2627432790163675e-13, 0.7071067811865476, 0.7071067811865476], [-1.2627432790163675e-13, 0.7071067811865476, 0.7071067811865476], [-1.2627432790163675e-13, 0.7071067811865476, 0.7071067811865476], [-1.2627432790163675e-13, 0.7071067811865476, 0.7071067811865476], [0.0, 0.7071067811865476, 0.7071067811865476], [0.0, 0.7071067811865476, 0.7071067811865476], [0.0, 0.7071067811865476, 0.7071067811865476], [0.0, 0.7071067811865476, 0.7071067811865476], [-1.2627432790163675e-13, 0.7071067811865476, 0.7071067811865476], [-1.2627432790163675e-13, 0.7071067811865476, 0.7071067811865476], [-1.2627432790163675e-13, 0.7071067811865476, 0.7071067811865476], [-1.2627432790163675e-13, 0.7071067811865476, 0.7071067811865476], [-1.2627432790163675e-13, 0.7071067811865476, 0.7071067811865476], [-1.2627432790163675e-13, 0.7071067811865476, 0.7071067811865476], [-1.2627432790163675e-13, 0.7071067811865476, 0.7071067811865476], [-1.2627432790163675e-13, 0.7071067811865476, 0.7071067811865476], [0.0, 0.7071067811865476, 0.7071067811865476], [0.0, 0.7071067811865476, 0.7071067811865476], [0.0, 0.7071067811865476, 0.7071067811865476], [0.0, 0.7071067811865476, 0.7071067811865476], [0.0, 0.7071067811865476, 0.7071067811865476], [0.0, 0.7071067811865476, 0.7071067811865476], [-1.2627432790163675e-13, 0.7071067811865476, 0.7071067811865476], [-1.2627432790163675e-13, 0.7071067811865476, 0.7071067811865476]]]]
- Weldlines: <Compound object at 00000152F6AA2360>
- _ElementMapVersion: 15.70200.5
- showweldvecs: True

----------------------------------------
WELD 10 of 18
Name: InternalWeldFeature007
Label: Weld8

DETAILED PROPERTIES:
- Type: Part::FeaturePython
- Angle: 0.0
- CorrectedNormals: {}
- Edgeidxs: [0]
- ExpressionEngine: []
- FinalWeldVecs: [[[0.7071067811865476, 0.7071067811865476, 0.0], [0.7071067811865476, 0.7071067811865476, 0.0], [0.7071067811865476, 0.7071067811865476, 0.0], [0.7071067811865476, 0.7071067811865476, 0.0], [0.7071067811865476, 0.7071067811865476, 0.0], [0.7071067811865476, 0.7071067811865476, 0.0], [0.7071067811865476, 0.7071067811865476, 0.0], [0.7071067811865476, 0.7071067811865476, 0.0], [0.7071067811865476, 0.7071067811865476, 0.0], [0.7071067811865396, 0.7071067811865555, 0.0], [0.7071067811865396, 0.7071067811865555, 0.0], [0.7071067811865396, 0.7071067811865555, 0.0], [0.7071067811865396, 0.7071067811865555, 0.0], [0.7071067811865396, 0.7071067811865555, 0.0], [0.7071067811865396, 0.7071067811865555, 0.0], [0.7071067811865396, 0.7071067811865555, 0.0], [0.7071067811865396, 0.7071067811865555, 0.0], [0.7071067811865396, 0.7071067811865555, 0.0], [0.7071067811865396, 0.7071067811865555, 0.0], [0.7071067811865396, 0.7071067811865555, 0.0], [0.7071067811865396, 0.7071067811865555, 0.0], [0.7071067811865318, 0.7071067811865633, 7.892145493852298e-15], [0.7071067811865318, 0.7071067811865633, 7.892145493852298e-15], [0.7071067811865318, 0.7071067811865633, -7.892145493852298e-15], [0.7071067811865318, 0.7071067811865633, -7.892145493852298e-15]]]
- HeatSource: None
- IntermittentBeadLength: 0.0 mm
- IntermittentBeadPitch: 0.0 mm
- IntermittentBeadQty: 0.0
- IntermittentLen: False
- IntermittentLenRound: False
- IntermittentPitch: False
- IntermittentQty: False
- IntermittentQtyRound: False
- IntermittentRBeadLength: 0.0 mm
- IntermittentRBeadPitch: 0.0 mm
- IntermittentResult: 0.0
- IntermittentResultLen: 0.0
- IntermittentTrimEachBead: False
- IntermittentTrimEachBeadLen: False
- IntermittentWeldedSection: 0.0 mm
- Interval: 4
- Label2: 
- Material: None
- MoveV1: False
- MoveV2: False
- PerEdgePts: [[[1395.0, 181.0, 131.000000001], [1395.0, 181.0, 129.95833333433333], [1395.0, 181.0, 128.91666666766665], [1395.0, 181.0, 127.87500000099999], [1395.0, 181.0, 126.83333333433333], [1395.0, 181.0, 125.79166666766666], [1395.0, 181.0, 124.75000000099999], [1395.0, 181.00000000000003, 123.70833333433333], [1395.0, 181.00000000000003, 122.66666666766666], [1395.0, 181.00000000000003, 121.62500000099999], [1395.0, 181.00000000000003, 120.58333333433333], [1395.0, 181.00000000000003, 119.54166666766666], [1395.0, 181.00000000000003, 118.50000000099999], [1395.0, 181.00000000000003, 117.45833333433333], [1395.0, 181.00000000000003, 116.41666666766666], [1395.0, 181.00000000000003, 115.375000001], [1395.0, 181.00000000000003, 114.33333333433333], [1395.0, 181.00000000000003, 113.29166666766668], [1395.0, 181.00000000000003, 112.250000001], [1395.0, 181.00000000000006, 111.20833333433333], [1395.0, 181.00000000000006, 110.16666666766668], [1395.0, 181.00000000000006, 109.12500000100002], [1395.0, 181.00000000000006, 108.08333333433335], [1395.0, 181.00000000000006, 107.04166666766668], [1395.0, 181.00000000000006, 106.000000001]]]
- PerEdgeTangs: [[[0.0, 2.273736754432e-15, -1.0], [0.0, 2.273736754432e-15, -1.0], [0.0, 2.273736754432e-15, -1.0], [0.0, 2.273736754432e-15, -1.0], [0.0, 2.273736754432e-15, -1.0], [0.0, 2.273736754432e-15, -1.0], [0.0, 2.273736754432e-15, -1.0], [0.0, 2.273736754432e-15, -1.0], [0.0, 2.273736754432e-15, -1.0], [0.0, 2.273736754432e-15, -1.0], [0.0, 2.273736754432e-15, -1.0], [0.0, 2.273736754432e-15, -1.0], [0.0, 2.273736754432e-15, -1.0], [0.0, 2.273736754432e-15, -1.0], [0.0, 2.273736754432e-15, -1.0], [0.0, 2.273736754432e-15, -1.0], [0.0, 2.273736754432e-15, -1.0], [0.0, 2.273736754432e-15, -1.0], [0.0, 2.273736754432e-15, -1.0], [0.0, 2.273736754432e-15, -1.0], [0.0, 2.273736754432e-15, -1.0], [0.0, 2.273736754432e-15, -1.0], [0.0, 2.273736754432e-15, -1.0], [0.0, 2.273736754432e-15, -1.0], [0.0, 2.273736754432e-15, -1.0]]]
- Placement: Placement [Pos=(0,0,0), Yaw-Pitch-Roll=(0,0,0)]
- PointEnd: Vector (0.0, 0.0, 0.0)
- PointStart: Vector (0.0, 0.0, 0.0)
- Process: None
- Proxy: <Functions.FPweldline.Path3D object at 0x00000152F2D58A50>
- Pts: [[1395.0, 181.0, 131.000000001], [1395.0, 181.0, 129.95833333433333], [1395.0, 181.0, 128.91666666766665], [1395.0, 181.0, 127.87500000099999], [1395.0, 181.0, 126.83333333433333], [1395.0, 181.0, 125.79166666766666], [1395.0, 181.0, 124.75000000099999], [1395.0, 181.00000000000003, 123.70833333433333], [1395.0, 181.00000000000003, 122.66666666766666], [1395.0, 181.00000000000003, 121.62500000099999], [1395.0, 181.00000000000003, 120.58333333433333], [1395.0, 181.00000000000003, 119.54166666766666], [1395.0, 181.00000000000003, 118.50000000099999], [1395.0, 181.00000000000003, 117.45833333433333], [1395.0, 181.00000000000003, 116.41666666766666], [1395.0, 181.00000000000003, 115.375000001], [1395.0, 181.00000000000003, 114.33333333433333], [1395.0, 181.00000000000003, 113.29166666766668], [1395.0, 181.00000000000003, 112.250000001], [1395.0, 181.00000000000006, 111.20833333433333], [1395.0, 181.00000000000006, 110.16666666766668], [1395.0, 181.00000000000006, 109.12500000100002], [1395.0, 181.00000000000006, 108.08333333433335], [1395.0, 181.00000000000006, 107.04166666766668], [1395.0, 181.00000000000006, 106.000000001]]
- Radius: 2.0
- SeamSize: 2.0 mm
- Shape: <Compound object at 00000152F6AA2150>
- ShapeMaterial: <Material at 00000152F7164860>
- Sliderpos: 0
- TrimByLength: False
- TrimByMultipleLength: False
- TrimByPoint: False
- TrimLength: 0.0 mm
- TrimLengthV1: 0.0 mm
- TrimLengthV2: 0.0 mm
- TrimmedMLengths: {}
- Vectorlength: 10.0
- Visibility: True
- WeldVecs: [[[[0.7071067811865476, 0.7071067811865476, 0.0], [0.7071067811865476, 0.7071067811865476, 0.0], [0.7071067811865476, 0.7071067811865476, 0.0], [0.7071067811865476, 0.7071067811865476, 0.0], [0.7071067811865476, 0.7071067811865476, 0.0], [0.7071067811865476, 0.7071067811865476, 0.0], [0.7071067811865476, 0.7071067811865476, 0.0], [0.7071067811865476, 0.7071067811865476, 0.0], [0.7071067811865476, 0.7071067811865476, 0.0], [0.7071067811865396, 0.7071067811865555, 0.0], [0.7071067811865396, 0.7071067811865555, 0.0], [0.7071067811865396, 0.7071067811865555, 0.0], [0.7071067811865396, 0.7071067811865555, 0.0], [0.7071067811865396, 0.7071067811865555, 0.0], [0.7071067811865396, 0.7071067811865555, 0.0], [0.7071067811865396, 0.7071067811865555, 0.0], [0.7071067811865396, 0.7071067811865555, 0.0], [0.7071067811865396, 0.7071067811865555, 0.0], [0.7071067811865396, 0.7071067811865555, 0.0], [0.7071067811865396, 0.7071067811865555, 0.0], [0.7071067811865396, 0.7071067811865555, 0.0], [0.7071067811865318, 0.7071067811865633, 7.892145493852298e-15], [0.7071067811865318, 0.7071067811865633, 7.892145493852298e-15], [0.7071067811865318, 0.7071067811865633, -7.892145493852298e-15], [0.7071067811865318, 0.7071067811865633, -7.892145493852298e-15]]]]
- Weldlines: <Compound object at 00000152F6AA2DB0>
- _ElementMapVersion: 15.70200.5
- showweldvecs: True

----------------------------------------
WELD 11 of 18
Name: InternalWeldFeature008
Label: Weld9

DETAILED PROPERTIES:
- Type: Part::FeaturePython
- Angle: 0.0
- CorrectedNormals: {}
- Edgeidxs: [0]
- ExpressionEngine: []
- FinalWeldVecs: [[[-0.3210197609649772, 0.7071067811795133, 0.6300367553404616], [-0.3210197609649772, 0.7071067811795133, 0.6300367553404616], [-0.3210197609649772, 0.7071067811795133, 0.6300367553404616], [-0.3210197609649772, 0.7071067811795133, 0.6300367553404616], [-0.3210197609649772, 0.7071067811795133, 0.6300367553404616], [-0.32101976096577767, 0.7071067811778853, 0.630036755341881], [-0.32101976096577767, 0.7071067811778853, 0.630036755341881], [-0.32101976096577767, 0.7071067811778853, 0.630036755341881], [-0.32101976096577767, 0.7071067811778853, 0.630036755341881], [-0.32101976096658635, 0.7071067811762813, 0.6300367553432691], [-0.32101976096658635, 0.7071067811762813, 0.6300367553432691], [-0.32101976096658635, 0.7071067811762813, 0.6300367553432691], [-0.32101976096658635, 0.7071067811762813, 0.6300367553432691], [-0.32101976096739004, 0.7071067811746603, 0.630036755344679], [-0.32101976096739004, 0.7071067811746603, 0.630036755344679], [-0.32101976096739004, 0.7071067811746603, 0.630036755344679], [-0.32101976096739004, 0.7071067811746603, 0.630036755344679], [-0.3210197609681868, 0.7071067811730123, 0.6300367553461226], [-0.3210197609681868, 0.7071067811730123, 0.6300367553461226], [-0.3210197609681868, 0.7071067811730123, 0.6300367553461226], [-0.3210197609681868, 0.7071067811730123, 0.6300367553461226], [-0.3210197609687681, 0.7071067811714815, 0.6300367553475444], [-0.3210197609687681, 0.7071067811714815, 0.6300367553475444], [-0.3210197609687681, 0.7071067811714815, 0.6300367553475444], [-0.3210197609687681, 0.7071067811714815, 0.6300367553475444], [-0.32101976096933654, 0.7071067811698947, 0.6300367553490357], [-0.32101976096933654, 0.7071067811698947, 0.6300367553490357], [-0.32101976096933654, 0.7071067811698947, 0.6300367553490357], [-0.32101976096933654, 0.7071067811698947, 0.6300367553490357], [-0.3210197609701372, 0.707106781168196, 0.6300367553505343], [-0.3210197609701372, 0.707106781168196, 0.6300367553505343], [-0.3210197609701372, 0.707106781168196, 0.6300367553505343], [-0.3210197609701372, 0.707106781168196, 0.6300367553505343], [-0.3210197609709443, 0.7071067811666517, 0.6300367553518562], [-0.3210197609709443, 0.7071067811666517, 0.6300367553518562], [-0.3210197609709443, 0.7071067811666517, 0.6300367553518562], [-0.3210197609709443, 0.7071067811666517, 0.6300367553518562], [-0.32101976097174384, 0.7071067811650257, 0.6300367553532739], [-0.32101976097174384, 0.7071067811650257, 0.6300367553532739], [-0.32101976097174384, 0.7071067811650257, 0.6300367553532739], [-0.32101976097174384, 0.7071067811650257, 0.6300367553532739], [-0.3210197609723194, 0.7071067811633953, 0.6300367553548104], [-0.3210197609723194, 0.7071067811633953, 0.6300367553548104], [-0.3210197609723194, 0.7071067811633953, 0.6300367553548104], [-0.3210197609723194, 0.7071067811633953, 0.6300367553548104], [-0.3210197609728956, 0.7071067811618336, 0.6300367553562696], [-0.3210197609728956, 0.7071067811618336, 0.6300367553562696], [-0.3210197609728956, 0.7071067811618336, 0.6300367553562696], [-0.3210197609728956, 0.7071067811618336, 0.6300367553562696], [-0.32101976097392304, 0.7071067811601472, 0.6300367553576386], [-0.32101976097392304, 0.7071067811601472, 0.6300367553576386], [-0.32101976097392304, 0.7071067811601472, 0.6300367553576386], [-0.3210197609745278, 0.7071067811589304, 0.6300367553586961], [-0.3210197609745278, 0.7071067811589304, 0.6300367553586961]]]
- HeatSource: None
- IntermittentBeadLength: 0.0 mm
- IntermittentBeadPitch: 0.0 mm
- IntermittentBeadQty: 0.0
- IntermittentLen: False
- IntermittentLenRound: False
- IntermittentPitch: False
- IntermittentQty: False
- IntermittentQtyRound: False
- IntermittentRBeadLength: 0.0 mm
- IntermittentRBeadPitch: 0.0 mm
- IntermittentResult: 0.0
- IntermittentResultLen: 0.0
- IntermittentTrimEachBead: False
- IntermittentTrimEachBeadLen: False
- IntermittentWeldedSection: 0.0 mm
- Interval: 4
- Label2: 
- Material: None
- MoveV1: False
- MoveV2: False
- PerEdgePts: [[[2398.871994038, 15.0, 251.4543471829], [2397.965407724642, 15.0, 250.99241838407733], [2397.058821411283, 15.0, 250.53048958525463], [2396.152235097925, 15.0, 250.06856078643196], [2395.245648784566, 15.0, 249.6066319876093], [2394.339062471208, 15.0, 249.1447031887866], [2393.432476157849, 15.0, 248.68277438996392], [2392.525889844491, 15.0, 248.22084559114126], [2391.6193035311326, 15.0, 247.7589167923186], [2390.712717217774, 15.0, 247.2969879934959], [2389.8061309044156, 15.0, 246.83505919467322], [2388.899544591057, 15.0, 246.37313039585055], [2387.9929582776986, 15.0, 245.91120159702785], [2387.08637196434, 15.0, 245.4492727982052], [2386.1797856509816, 15.0, 244.98734399938252], [2385.2731993376233, 15.0, 244.52541520055982], [2384.3666130242646, 15.0, 244.06348640173715], [2383.4600267109063, 15.0, 243.60155760291448], [2382.5534403975475, 15.0, 243.1396288040918], [2381.6468540841893, 15.0, 242.67770000526912], [2380.7402677708305, 15.0, 242.21577120644645], [2379.8336814574723, 15.0, 241.75384240762378], [2378.927095144114, 15.0, 241.29191360880108], [2378.0205088307553, 15.0, 240.8299848099784], [2377.113922517397, 15.0, 240.36805601115574], [2376.2073362040383, 15.0, 239.90612721233305], [2375.30074989068, 15.0, 239.44419841351038], [2374.3941635773213, 15.0, 238.9822696146877], [2373.487577263963, 15.0, 238.52034081586504], [2372.5809909506047, 15.0, 238.05841201704234], [2371.674404637246, 15.0, 237.59648321821967], [2370.7678183238877, 15.0, 237.134554419397], [2369.861232010529, 15.0, 236.6726256205743], [2368.9546456971707, 15.0, 236.21069682175164], [2368.048059383812, 15.0, 235.74876802292897], [2367.1414730704537, 15.0, 235.28683922410627], [2366.234886757095, 15.0, 234.8249104252836], [2365.3283004437367, 15.0, 234.36298162646094], [2364.4217141303784, 15.0, 233.90105282763824], [2363.5151278170197, 15.0, 233.43912402881557], [2362.6085415036614, 15.0, 232.9771952299929], [2361.7019551903027, 15.0, 232.51526643117023], [2360.7953688769444, 15.0, 232.05333763234754], [2359.8887825635857, 15.0, 231.59140883352487], [2358.9821962502274, 15.0, 231.1294800347022], [2358.075609936869, 15.0, 230.6675512358795], [2357.1690236235104, 15.0, 230.20562243705683], [2356.262437310152, 15.0, 229.74369363823416], [2355.3558509967934, 15.0, 229.2817648394115], [2354.449264683435, 15.0, 228.8198360405888], [2353.5426783700764, 15.0, 228.35790724176613], [2352.636092056718, 15.0, 227.89597844294346], [2351.72950574336, 15.0, 227.43404964412076], [2350.822919430001, 15.0, 226.9721208452981]]]
- PerEdgeTangs: [[[-0.8910065241870937, 0.0, -0.45399049974204775], [-0.8910065241870937, 0.0, -0.45399049974204775], [-0.8910065241870937, 0.0, -0.45399049974204775], [-0.8910065241870937, 0.0, -0.45399049974204775], [-0.8910065241870937, 0.0, -0.45399049974204775], [-0.8910065241870937, 0.0, -0.45399049974204775], [-0.8910065241870937, 0.0, -0.45399049974204775], [-0.8910065241870937, 0.0, -0.45399049974204775], [-0.8910065241870937, 0.0, -0.45399049974204775], [-0.8910065241870937, 0.0, -0.45399049974204775], [-0.8910065241870937, 0.0, -0.45399049974204775], [-0.8910065241870937, 0.0, -0.45399049974204775], [-0.8910065241870937, 0.0, -0.45399049974204775], [-0.8910065241870937, 0.0, -0.45399049974204775], [-0.8910065241870937, 0.0, -0.45399049974204775], [-0.8910065241870937, 0.0, -0.45399049974204775], [-0.8910065241870937, 0.0, -0.45399049974204775], [-0.8910065241870937, 0.0, -0.45399049974204775], [-0.8910065241870937, 0.0, -0.45399049974204775], [-0.8910065241870937, 0.0, -0.45399049974204775], [-0.8910065241870937, 0.0, -0.45399049974204775], [-0.8910065241870937, 0.0, -0.45399049974204775], [-0.8910065241870937, 0.0, -0.45399049974204775], [-0.8910065241870937, 0.0, -0.45399049974204775], [-0.8910065241870937, 0.0, -0.45399049974204775], [-0.8910065241870937, 0.0, -0.45399049974204775], [-0.8910065241870937, 0.0, -0.45399049974204775], [-0.8910065241870937, 0.0, -0.45399049974204775], [-0.8910065241870937, 0.0, -0.45399049974204775], [-0.8910065241870937, 0.0, -0.45399049974204775], [-0.8910065241870937, 0.0, -0.45399049974204775], [-0.8910065241870937, 0.0, -0.45399049974204775], [-0.8910065241870937, 0.0, -0.45399049974204775], [-0.8910065241870937, 0.0, -0.45399049974204775], [-0.8910065241870937, 0.0, -0.45399049974204775], [-0.8910065241870937, 0.0, -0.45399049974204775], [-0.8910065241870937, 0.0, -0.45399049974204775], [-0.8910065241870937, 0.0, -0.45399049974204775], [-0.8910065241870937, 0.0, -0.45399049974204775], [-0.8910065241870937, 0.0, -0.45399049974204775], [-0.8910065241870937, 0.0, -0.45399049974204775], [-0.8910065241870937, 0.0, -0.45399049974204775], [-0.8910065241870937, 0.0, -0.45399049974204775], [-0.8910065241870937, 0.0, -0.45399049974204775], [-0.8910065241870937, 0.0, -0.45399049974204775], [-0.8910065241870937, 0.0, -0.45399049974204775], [-0.8910065241870937, 0.0, -0.45399049974204775], [-0.8910065241870937, 0.0, -0.45399049974204775], [-0.8910065241870937, 0.0, -0.45399049974204775], [-0.8910065241870937, 0.0, -0.45399049974204775], [-0.8910065241870937, 0.0, -0.45399049974204775], [-0.8910065241870937, 0.0, -0.45399049974204775], [-0.8910065241870937, 0.0, -0.45399049974204775], [-0.8910065241870937, 0.0, -0.45399049974204775]]]
- Placement: Placement [Pos=(0,0,0), Yaw-Pitch-Roll=(0,0,0)]
- PointEnd: Vector (0.0, 0.0, 0.0)
- PointStart: Vector (0.0, 0.0, 0.0)
- Process: None
- Proxy: <Functions.FPweldline.Path3D object at 0x00000152F2D64A50>
- Pts: [[2398.871994038, 15.0, 251.4543471829], [2397.965407724642, 15.0, 250.99241838407733], [2397.058821411283, 15.0, 250.53048958525463], [2396.152235097925, 15.0, 250.06856078643196], [2395.245648784566, 15.0, 249.6066319876093], [2394.339062471208, 15.0, 249.1447031887866], [2393.432476157849, 15.0, 248.68277438996392], [2392.525889844491, 15.0, 248.22084559114126], [2391.6193035311326, 15.0, 247.7589167923186], [2390.712717217774, 15.0, 247.2969879934959], [2389.8061309044156, 15.0, 246.83505919467322], [2388.899544591057, 15.0, 246.37313039585055], [2387.9929582776986, 15.0, 245.91120159702785], [2387.08637196434, 15.0, 245.4492727982052], [2386.1797856509816, 15.0, 244.98734399938252], [2385.2731993376233, 15.0, 244.52541520055982], [2384.3666130242646, 15.0, 244.06348640173715], [2383.4600267109063, 15.0, 243.60155760291448], [2382.5534403975475, 15.0, 243.1396288040918], [2381.6468540841893, 15.0, 242.67770000526912], [2380.7402677708305, 15.0, 242.21577120644645], [2379.8336814574723, 15.0, 241.75384240762378], [2378.927095144114, 15.0, 241.29191360880108], [2378.0205088307553, 15.0, 240.8299848099784], [2377.113922517397, 15.0, 240.36805601115574], [2376.2073362040383, 15.0, 239.90612721233305], [2375.30074989068, 15.0, 239.44419841351038], [2374.3941635773213, 15.0, 238.9822696146877], [2373.487577263963, 15.0, 238.52034081586504], [2372.5809909506047, 15.0, 238.05841201704234], [2371.674404637246, 15.0, 237.59648321821967], [2370.7678183238877, 15.0, 237.134554419397], [2369.861232010529, 15.0, 236.6726256205743], [2368.9546456971707, 15.0, 236.21069682175164], [2368.048059383812, 15.0, 235.74876802292897], [2367.1414730704537, 15.0, 235.28683922410627], [2366.234886757095, 15.0, 234.8249104252836], [2365.3283004437367, 15.0, 234.36298162646094], [2364.4217141303784, 15.0, 233.90105282763824], [2363.5151278170197, 15.0, 233.43912402881557], [2362.6085415036614, 15.0, 232.9771952299929], [2361.7019551903027, 15.0, 232.51526643117023], [2360.7953688769444, 15.0, 232.05333763234754], [2359.8887825635857, 15.0, 231.59140883352487], [2358.9821962502274, 15.0, 231.1294800347022], [2358.075609936869, 15.0, 230.6675512358795], [2357.1690236235104, 15.0, 230.20562243705683], [2356.262437310152, 15.0, 229.74369363823416], [2355.3558509967934, 15.0, 229.2817648394115], [2354.449264683435, 15.0, 228.8198360405888], [2353.5426783700764, 15.0, 228.35790724176613], [2352.636092056718, 15.0, 227.89597844294346], [2351.72950574336, 15.0, 227.43404964412076], [2350.822919430001, 15.0, 226.9721208452981]]
- Radius: 2.0
- SeamSize: 2.0 mm
- Shape: <Compound object at 00000152F6AA2BA0>
- ShapeMaterial: <Material at 00000152F7164860>
- Sliderpos: 0
- TrimByLength: False
- TrimByMultipleLength: False
- TrimByPoint: False
- TrimLength: 0.0 mm
- TrimLengthV1: 0.0 mm
- TrimLengthV2: 0.0 mm
- TrimmedMLengths: {}
- Vectorlength: 10.0
- Visibility: True
- WeldVecs: [[[[-0.3210197609649772, 0.7071067811795133, 0.6300367553404616], [-0.3210197609649772, 0.7071067811795133, 0.6300367553404616], [-0.3210197609649772, 0.7071067811795133, 0.6300367553404616], [-0.3210197609649772, 0.7071067811795133, 0.6300367553404616], [-0.3210197609649772, 0.7071067811795133, 0.6300367553404616], [-0.32101976096577767, 0.7071067811778853, 0.630036755341881], [-0.32101976096577767, 0.7071067811778853, 0.630036755341881], [-0.32101976096577767, 0.7071067811778853, 0.630036755341881], [-0.32101976096577767, 0.7071067811778853, 0.630036755341881], [-0.32101976096658635, 0.7071067811762813, 0.6300367553432691], [-0.32101976096658635, 0.7071067811762813, 0.6300367553432691], [-0.32101976096658635, 0.7071067811762813, 0.6300367553432691], [-0.32101976096658635, 0.7071067811762813, 0.6300367553432691], [-0.32101976096739004, 0.7071067811746603, 0.630036755344679], [-0.32101976096739004, 0.7071067811746603, 0.630036755344679], [-0.32101976096739004, 0.7071067811746603, 0.630036755344679], [-0.32101976096739004, 0.7071067811746603, 0.630036755344679], [-0.3210197609681868, 0.7071067811730123, 0.6300367553461226], [-0.3210197609681868, 0.7071067811730123, 0.6300367553461226], [-0.3210197609681868, 0.7071067811730123, 0.6300367553461226], [-0.3210197609681868, 0.7071067811730123, 0.6300367553461226], [-0.3210197609687681, 0.7071067811714815, 0.6300367553475444], [-0.3210197609687681, 0.7071067811714815, 0.6300367553475444], [-0.3210197609687681, 0.7071067811714815, 0.6300367553475444], [-0.3210197609687681, 0.7071067811714815, 0.6300367553475444], [-0.32101976096933654, 0.7071067811698947, 0.6300367553490357], [-0.32101976096933654, 0.7071067811698947, 0.6300367553490357], [-0.32101976096933654, 0.7071067811698947, 0.6300367553490357], [-0.32101976096933654, 0.7071067811698947, 0.6300367553490357], [-0.3210197609701372, 0.707106781168196, 0.6300367553505343], [-0.3210197609701372, 0.707106781168196, 0.6300367553505343], [-0.3210197609701372, 0.707106781168196, 0.6300367553505343], [-0.3210197609701372, 0.707106781168196, 0.6300367553505343], [-0.3210197609709443, 0.7071067811666517, 0.6300367553518562], [-0.3210197609709443, 0.7071067811666517, 0.6300367553518562], [-0.3210197609709443, 0.7071067811666517, 0.6300367553518562], [-0.3210197609709443, 0.7071067811666517, 0.6300367553518562], [-0.32101976097174384, 0.7071067811650257, 0.6300367553532739], [-0.32101976097174384, 0.7071067811650257, 0.6300367553532739], [-0.32101976097174384, 0.7071067811650257, 0.6300367553532739], [-0.32101976097174384, 0.7071067811650257, 0.6300367553532739], [-0.3210197609723194, 0.7071067811633953, 0.6300367553548104], [-0.3210197609723194, 0.7071067811633953, 0.6300367553548104], [-0.3210197609723194, 0.7071067811633953, 0.6300367553548104], [-0.3210197609723194, 0.7071067811633953, 0.6300367553548104], [-0.3210197609728956, 0.7071067811618336, 0.6300367553562696], [-0.3210197609728956, 0.7071067811618336, 0.6300367553562696], [-0.3210197609728956, 0.7071067811618336, 0.6300367553562696], [-0.3210197609728956, 0.7071067811618336, 0.6300367553562696], [-0.32101976097392304, 0.7071067811601472, 0.6300367553576386], [-0.32101976097392304, 0.7071067811601472, 0.6300367553576386], [-0.32101976097392304, 0.7071067811601472, 0.6300367553576386], [-0.3210197609745278, 0.7071067811589304, 0.6300367553586961], [-0.3210197609745278, 0.7071067811589304, 0.6300367553586961]]]]
- Weldlines: <Compound object at 00000152F6AA2410>
- _ElementMapVersion: 15.70200.5
- showweldvecs: True

----------------------------------------
WELD 12 of 18
Name: InternalWeldFeature009
Label: Weld10

DETAILED PROPERTIES:
- Type: Part::FeaturePython
- Angle: 0.0
- CorrectedNormals: {}
- Edgeidxs: [0]
- ExpressionEngine: []
- FinalWeldVecs: [[[-0.3210197609609714, 0.7071067811868449, 0.6300367553342743], [-0.3210197609609714, 0.7071067811868449, 0.6300367553342743], [-0.3210197609609714, 0.7071067811868449, 0.6300367553342743], [-0.3210197609609714, 0.7071067811868449, 0.6300367553342743], [-0.3210197609609714, 0.7071067811868449, 0.6300367553342743], [-0.3210197609606919, 0.7071067811877404, 0.6300367553334116], [-0.3210197609606919, 0.7071067811877404, 0.6300367553334116], [-0.3210197609606919, 0.7071067811877404, 0.6300367553334116], [-0.3210197609606919, 0.7071067811877404, 0.6300367553334116], [-0.32101976096041457, 0.7071067811886663, 0.6300367553325138], [-0.32101976096041457, 0.7071067811886663, 0.6300367553325138], [-0.32101976096041457, 0.7071067811886663, 0.6300367553325138], [-0.32101976096041457, 0.7071067811886663, 0.6300367553325138], [-0.3210197609600249, 0.7071067811896189, 0.6300367553316433], [-0.3210197609600249, 0.7071067811896189, 0.6300367553316433], [-0.3210197609600249, 0.7071067811896189, 0.6300367553316433], [-0.3210197609600249, 0.7071067811896189, 0.6300367553316433], [-0.3210197609598585, 0.7071067811905072, 0.6300367553307312], [-0.3210197609598585, 0.7071067811905072, 0.6300367553307312], [-0.3210197609598585, 0.7071067811905072, 0.6300367553307312], [-0.3210197609598585, 0.7071067811905072, 0.6300367553307312], [-0.3210197609591246, 0.7071067811915026, 0.6300367553299878], [-0.3210197609591246, 0.7071067811915026, 0.6300367553299878], [-0.3210197609591246, 0.7071067811915026, 0.6300367553299878], [-0.3210197609591246, 0.7071067811915026, 0.6300367553299878], [-0.32101976095873386, 0.7071067811924471, 0.6300367553291271], [-0.32101976095873386, 0.7071067811924471, 0.6300367553291271], [-0.32101976095873386, 0.7071067811924471, 0.6300367553291271], [-0.32101976095873386, 0.7071067811924471, 0.6300367553291271], [-0.3210197609582315, 0.7071067811934375, 0.6300367553282713], [-0.3210197609582315, 0.7071067811934375, 0.6300367553282713], [-0.3210197609582315, 0.7071067811934375, 0.6300367553282713], [-0.3210197609582315, 0.7071067811934375, 0.6300367553282713], [-0.32101976095761264, 0.7071067811944496, 0.6300367553274507], [-0.32101976095761264, 0.7071067811944496, 0.6300367553274507], [-0.32101976095761264, 0.7071067811944496, 0.6300367553274507], [-0.32101976095761264, 0.7071067811944496, 0.6300367553274507], [-0.32101976095722085, 0.7071067811954035, 0.63003675532658], [-0.32101976095722085, 0.7071067811954035, 0.63003675532658], [-0.32101976095722085, 0.7071067811954035, 0.63003675532658], [-0.32101976095722085, 0.7071067811954035, 0.63003675532658], [-0.3210197609569428, 0.7071067811962886, 0.6300367553257282], [-0.3210197609569428, 0.7071067811962886, 0.6300367553257282], [-0.3210197609569428, 0.7071067811962886, 0.6300367553257282], [-0.3210197609569428, 0.7071067811962886, 0.6300367553257282], [-0.3210197609566644, 0.7071067811972062, 0.6300367553248402], [-0.3210197609566644, 0.7071067811972062, 0.6300367553248402], [-0.3210197609566644, 0.7071067811972062, 0.6300367553248402], [-0.3210197609566644, 0.7071067811972062, 0.6300367553248402], [-0.32101976095581763, 0.7071067811982646, 0.6300367553240835], [-0.32101976095581763, 0.7071067811982646, 0.6300367553240835], [-0.32101976095581763, 0.7071067811982646, 0.6300367553240835], [-0.32101976095581763, 0.7071067811982646, 0.6300367553240835], [-0.3210197609556529, 0.7071067811991248, 0.6300367553232022], [-0.3210197609556529, 0.7071067811991248, 0.6300367553232022], [-0.3210197609556529, 0.7071067811991248, 0.6300367553232022], [-0.3210197609556529, 0.7071067811991248, 0.6300367553232022], [-0.32101976095537527, 0.7071067812000442, 0.6300367553223118], [-0.32101976095537527, 0.7071067812000442, 0.6300367553223118], [-0.32101976095537527, 0.7071067812000442, 0.6300367553223118], [-0.32101976095537527, 0.7071067812000442, 0.6300367553223118], [-0.32101976095452833, 0.7071067812011101, 0.630036755321547], [-0.32101976095452833, 0.7071067812011101, 0.630036755321547], [-0.32101976095452833, 0.7071067812011101, 0.630036755321547], [-0.32101976095452833, 0.7071067812011101, 0.630036755321547], [-0.32101976095425533, 0.7071067812020476, 0.630036755320634], [-0.32101976095425533, 0.7071067812020476, 0.630036755320634], [-0.32101976095425533, 0.7071067812020476, 0.630036755320634], [-0.32101976095425533, 0.7071067812020476, 0.630036755320634], [-0.32101976095385837, 0.7071067812029528, 0.6300367553198203], [-0.32101976095385837, 0.7071067812029528, 0.6300367553198203], [-0.32101976095385837, 0.7071067812029528, 0.6300367553198203], [-0.32101976095385837, 0.7071067812029528, 0.6300367553198203], [-0.3210197609534703, 0.707106781203909, 0.630036755318945], [-0.3210197609534703, 0.707106781203909, 0.630036755318945], [-0.3210197609534703, 0.707106781203909, 0.630036755318945], [-0.3210197609534703, 0.707106781203909, 0.630036755318945], [-0.32101976095296364, 0.7071067812048841, 0.6300367553181087], [-0.32101976095296364, 0.7071067812048841, 0.6300367553181087], [-0.32101976095296364, 0.7071067812048841, 0.6300367553181087], [-0.32101976095296364, 0.7071067812048841, 0.6300367553181087], [-0.32101976095268764, 0.7071067812058071, 0.6300367553172134], [-0.32101976095268764, 0.7071067812058071, 0.6300367553172134], [-0.32101976095268764, 0.7071067812058071, 0.6300367553172134], [-0.32101976095268764, 0.7071067812058071, 0.6300367553172134], [-0.32101976095217927, 0.7071067812067509, 0.6300367553164131], [-0.32101976095217927, 0.7071067812067509, 0.6300367553164131], [-0.32101976095217927, 0.7071067812067509, 0.6300367553164131], [-0.32101976095217927, 0.7071067812067509, 0.6300367553164131], [-0.32101976095156615, 0.7071067812077894, 0.6300367553155601], [-0.32101976095156615, 0.7071067812077894, 0.6300367553155601], [-0.32101976095156615, 0.7071067812077894, 0.6300367553155601], [-0.32101976095156615, 0.7071067812077894, 0.6300367553155601], [-0.321019760951399, 0.7071067812086581, 0.6300367553146702], [-0.321019760951399, 0.7071067812086581, 0.6300367553146702], [-0.321019760951399, 0.7071067812086581, 0.6300367553146702], [-0.321019760951399, 0.7071067812086581, 0.6300367553146702], [-0.321019760951005, 0.7071067812095638, 0.6300367553138544], [-0.321019760951005, 0.7071067812095638, 0.6300367553138544], [-0.321019760951005, 0.7071067812095638, 0.6300367553138544], [-0.321019760951005, 0.7071067812095638, 0.6300367553138544], [-0.3210197609503891, 0.7071067812106081, 0.6300367553129962], [-0.3210197609503891, 0.7071067812106081, 0.6300367553129962], [-0.3210197609503891, 0.7071067812106081, 0.6300367553129962], [-0.3210197609503891, 0.7071067812106081, 0.6300367553129962], [-0.3210197609499935, 0.7071067812115318, 0.6300367553121613], [-0.3210197609499935, 0.7071067812115318, 0.6300367553121613], [-0.3210197609499935, 0.7071067812115318, 0.6300367553121613], [-0.3210197609499935, 0.7071067812115318, 0.6300367553121613], [-0.3210197609496088, 0.7071067812125152, 0.6300367553112534], [-0.3210197609496088, 0.7071067812125152, 0.6300367553112534], [-0.3210197609496088, 0.7071067812125152, 0.6300367553112534], [-0.3210197609496088, 0.7071067812125152, 0.6300367553112534], [-0.3210197609489884, 0.7071067812134922, 0.630036755310473], [-0.3210197609489884, 0.7071067812134922, 0.630036755310473], [-0.3210197609489884, 0.7071067812134922, 0.630036755310473], [-0.3210197609489884, 0.7071067812134922, 0.630036755310473], [-0.32101976094882134, 0.7071067812143397, 0.630036755309607], [-0.32101976094882134, 0.7071067812143397, 0.630036755309607], [-0.32101976094882134, 0.7071067812143397, 0.630036755309607], [-0.32101976094882134, 0.7071067812143397, 0.630036755309607], [-0.321019760948203, 0.7071067812153825, 0.6300367553087518], [-0.321019760948203, 0.7071067812153825, 0.6300367553087518], [-0.321019760948203, 0.7071067812153825, 0.6300367553087518], [-0.321019760948203, 0.7071067812153825, 0.6300367553087518], [-0.32101976094758256, 0.7071067812163594, 0.6300367553079713], [-0.32101976094758256, 0.7071067812163594, 0.6300367553079713], [-0.32101976094758256, 0.7071067812163594, 0.6300367553079713], [-0.32101976094758256, 0.7071067812163594, 0.6300367553079713], [-0.3210197609474199, 0.7071067812172185, 0.6300367553070902], [-0.3210197609474199, 0.7071067812172185, 0.6300367553070902], [-0.3210197609474199, 0.7071067812172185, 0.6300367553070902], [-0.3210197609474199, 0.7071067812172185, 0.6300367553070902], [-0.3210197609468027, 0.7071067812182656, 0.6300367553062294], [-0.3210197609468027, 0.7071067812182656, 0.6300367553062294], [-0.3210197609468027, 0.7071067812182656, 0.6300367553062294], [-0.3210197609468027, 0.7071067812182656, 0.6300367553062294], [-0.3210197609466377, 0.7071067812191156, 0.6300367553053595], [-0.3210197609466377, 0.7071067812191156, 0.6300367553053595], [-0.3210197609466377, 0.7071067812191156, 0.6300367553053595], [-0.3210197609466377, 0.7071067812191156, 0.6300367553053595], [-0.32101976094579426, 0.7071067812202266, 0.6300367553045424], [-0.32101976094579426, 0.7071067812202266, 0.6300367553045424], [-0.32101976094579426, 0.7071067812202266, 0.6300367553045424], [-0.32101976094579426, 0.7071067812202266, 0.6300367553045424], [-0.32101976094562806, 0.7071067812210721, 0.6300367553036781], [-0.32101976094562806, 0.7071067812210721, 0.6300367553036781], [-0.32101976094562806, 0.7071067812210721, 0.6300367553036781], [-0.32101976094562806, 0.7071067812210721, 0.6300367553036781], [-0.32101976094545864, 0.7071067812219319, 0.6300367553027995], [-0.32101976094545864, 0.7071067812219319, 0.6300367553027995], [-0.32101976094545864, 0.7071067812219319, 0.6300367553027995], [-0.32101976094545864, 0.7071067812219319, 0.6300367553027995], [-0.3210197609446213, 0.7071067812230505, 0.6300367553019707], [-0.3210197609446213, 0.7071067812230505, 0.6300367553019707], [-0.3210197609446213, 0.7071067812230505, 0.6300367553019707], [-0.3210197609446213, 0.7071067812230505, 0.6300367553019707], [-0.32101976094445084, 0.7071067812238844, 0.6300367553011216], [-0.32101976094445084, 0.7071067812238844, 0.6300367553011216], [-0.32101976094445084, 0.7071067812238844, 0.6300367553011216], [-0.32101976094445084, 0.7071067812238844, 0.6300367553011216], [-0.32101976094383666, 0.7071067812249462, 0.630036755300243], [-0.32101976094383666, 0.7071067812249462, 0.630036755300243], [-0.32101976094383666, 0.7071067812249462, 0.630036755300243], [-0.32101976094383666, 0.7071067812249462, 0.630036755300243], [-0.3210197609434451, 0.7071067812258535, 0.630036755299424], [-0.3210197609434451, 0.7071067812258535, 0.630036755299424], [-0.3210197609434451, 0.7071067812258535, 0.630036755299424], [-0.3210197609434451, 0.7071067812258535, 0.630036755299424], [-0.3210197609430513, 0.7071067812267732, 0.6300367552985927], [-0.3210197609430513, 0.7071067812267732, 0.6300367552985927], [-0.3210197609430513, 0.7071067812267732, 0.6300367552985927], [-0.3210197609430513, 0.7071067812267732, 0.6300367552985927], [-0.32101976094288376, 0.7071067812276215, 0.6300367552977258], [-0.32101976094288376, 0.7071067812276215, 0.6300367552977258], [-0.32101976094288376, 0.7071067812276215, 0.6300367552977258], [-0.32101976094288376, 0.7071067812276215, 0.6300367552977258], [-0.32101976094204004, 0.7071067812287261, 0.630036755296916], [-0.32101976094204004, 0.7071067812287261, 0.630036755296916], [-0.32101976094204004, 0.7071067812287261, 0.630036755296916], [-0.32101976094204004, 0.7071067812287261, 0.630036755296916], [-0.3210197609414216, 0.7071067812297056, 0.6300367552961318], [-0.3210197609414216, 0.7071067812297056, 0.6300367552961318], [-0.3210197609414216, 0.7071067812297056, 0.6300367552961318], [-0.3210197609414216, 0.7071067812297056, 0.6300367552961318], [-0.32101976094148477, 0.7071067812305509, 0.6300367552951508], [-0.32101976094148477, 0.7071067812305509, 0.6300367552951508], [-0.32101976094148477, 0.7071067812305509, 0.6300367552951508], [-0.32101976094148477, 0.7071067812305509, 0.6300367552951508], [-0.32101976094109297, 0.7071067812314872, 0.6300367552942998], [-0.32101976094109297, 0.7071067812314872, 0.6300367552942998], [-0.32101976094109297, 0.7071067812314872, 0.6300367552942998], [-0.32101976094109297, 0.7071067812314872, 0.6300367552942998], [-0.321019760940472, 0.7071067812324512, 0.6300367552935342], [-0.321019760940472, 0.7071067812324512, 0.6300367552935342], [-0.321019760940472, 0.7071067812324512, 0.6300367552935342], [-0.321019760940472, 0.7071067812324512, 0.6300367552935342], [-0.3210197609398548, 0.7071067812334985, 0.6300367552926733], [-0.3210197609398548, 0.7071067812334985, 0.6300367552926733], [-0.3210197609398548, 0.7071067812334985, 0.6300367552926733], [-0.3210197609398548, 0.7071067812334985, 0.6300367552926733], [-0.3210197609396917, 0.7071067812343583, 0.6300367552917913], [-0.3210197609396917, 0.7071067812343583, 0.6300367552917913], [-0.3210197609396917, 0.7071067812343583, 0.6300367552917913], [-0.3210197609396917, 0.7071067812343583, 0.6300367552917913], [-0.32101976093907375, 0.7071067812354, 0.630036755290937], [-0.32101976093907375, 0.7071067812354, 0.630036755290937], [-0.32101976093910556, 0.7071067812357661, 0.6300367552905101], [-0.32101976093910556, 0.7071067812357661, 0.6300367552905101]]]
- HeatSource: None
- IntermittentBeadLength: 0.0 mm
- IntermittentBeadPitch: 0.0 mm
- IntermittentBeadQty: 0.0
- IntermittentLen: False
- IntermittentLenRound: False
- IntermittentPitch: False
- IntermittentQty: False
- IntermittentQtyRound: False
- IntermittentRBeadLength: 0.0 mm
- IntermittentRBeadPitch: 0.0 mm
- IntermittentResult: 0.0
- IntermittentResultLen: 0.0
- IntermittentTrimEachBead: False
- IntermittentTrimEachBeadLen: False
- IntermittentWeldedSection: 0.0 mm
- Interval: 4
- Label2: 
- Material: None
- MoveV1: False
- MoveV2: False
- PerEdgePts: [[[1973.39950143, 15.0, 34.66528413903], [1974.2917745165716, 15.0, 35.119919984539266], [1975.184047603143, 15.0, 35.57455583004854], [1976.0763206897145, 15.0, 36.02919167555781], [1976.968593776286, 15.0, 36.48382752106708], [1977.8608668628576, 15.0, 36.93846336657634], [1978.753139949429, 15.0, 37.393099212085616], [1979.6454130360005, 15.0, 37.84773505759488], [1980.537686122572, 15.0, 38.302370903104155], [1981.4299592091434, 15.0, 38.75700674861342], [1982.322232295715, 15.0, 39.211642594122694], [1983.2145053822865, 15.0, 39.66627843963196], [1984.1067784688578, 15.0, 40.12091428514123], [1984.9990515554293, 15.0, 40.5755501306505], [1985.8913246420009, 15.0, 41.03018597615977], [1986.7835977285724, 15.0, 41.48482182166904], [1987.6758708151438, 15.0, 41.93945766717831], [1988.5681439017153, 15.0, 42.394093512687576], [1989.4604169882869, 15.0, 42.84872935819685], [1990.3526900748582, 15.0, 43.30336520370612], [1991.2449631614297, 15.0, 43.75800104921539], [1992.1372362480013, 15.0, 44.21263689472466], [1993.0295093345728, 15.0, 44.667272740233926], [1993.9217824211441, 15.0, 45.1219085857432], [1994.8140555077157, 15.0, 45.57654443125247], [1995.7063285942872, 15.0, 46.03118027676174], [1996.5986016808586, 15.0, 46.48581612227101], [1997.4908747674301, 15.0, 46.94045196778028], [1998.3831478540017, 15.0, 47.39508781328955], [1999.2754209405732, 15.0, 47.84972365879882], [2000.1676940271445, 15.0, 48.30435950430809], [2001.059967113716, 15.0, 48.75899534981736], [2001.9522402002876, 15.0, 49.21363119532663], [2002.844513286859, 15.0, 49.6682670408359], [2003.7367863734305, 15.0, 50.122902886345166], [2004.629059460002, 15.0, 50.57753873185444], [2005.5213325465736, 15.0, 51.032174577363705], [2006.413605633145, 15.0, 51.48681042287298], [2007.3058787197165, 15.0, 51.94144626838225], [2008.198151806288, 15.0, 52.396082113891524], [2009.0904248928593, 15.0, 52.85071795940079], [2009.982697979431, 15.0, 53.305353804910055], [2010.8749710660024, 15.0, 53.75998965041933], [2011.767244152574, 15.0, 54.2146254959286], [2012.6595172391453, 15.0, 54.669261341437874], [2013.5517903257169, 15.0, 55.12389718694714], [2014.4440634122884, 15.0, 55.578533032456406], [2015.3363364988597, 15.0, 56.03316887796568], [2016.2286095854313, 15.0, 56.48780472347495], [2017.1208826720028, 15.0, 56.942440568984225], [2018.0131557585744, 15.0, 57.39707641449349], [2018.9054288451457, 15.0, 57.851712260002756], [2019.7977019317173, 15.0, 58.30634810551203], [2020.6899750182888, 15.0, 58.7609839510213], [2021.5822481048601, 15.0, 59.21561979653057], [2022.4745211914317, 15.0, 59.67025564203984], [2023.3667942780032, 15.0, 60.12489148754911], [2024.2590673645748, 15.0, 60.57952733305838], [2025.151340451146, 15.0, 61.03416317856765], [2026.0436135377176, 15.0, 61.48879902407692], [2026.9358866242892, 15.0, 61.94343486958619], [2027.8281597108605, 15.0, 62.39807071509546], [2028.720432797432, 15.0, 62.85270656060473], [2029.6127058840036, 15.0, 63.307342406114], [2030.5049789705752, 15.0, 63.76197825162327], [2031.3972520571465, 15.0, 64.21661409713255], [2032.289525143718, 15.0, 64.67124994264181], [2033.1817982302896, 15.0, 65.12588578815108], [2034.074071316861, 15.0, 65.58052163366035], [2034.9663444034325, 15.0, 66.03515747916961], [2035.858617490004, 15.0, 66.48979332467889], [2036.7508905765753, 15.0, 66.94442917018816], [2037.6431636631469, 15.0, 67.39906501569743], [2038.5354367497184, 15.0, 67.8537008612067], [2039.42770983629, 15.0, 68.30833670671598], [2040.3199829228613, 15.0, 68.76297255222525], [2041.2122560094328, 15.0, 69.21760839773451], [2042.1045290960044, 15.0, 69.67224424324378], [2042.9968021825757, 15.0, 70.12688008875305], [2043.8890752691473, 15.0, 70.58151593426231], [2044.7813483557188, 15.0, 71.03615177977159], [2045.6736214422904, 15.0, 71.49078762528086], [2046.5658945288617, 15.0, 71.94542347079013], [2047.4581676154332, 15.0, 72.4000593162994], [2048.3504407020046, 15.0, 72.85469516180868], [2049.242713788576, 15.0, 73.30933100731795], [2050.1349868751477, 15.0, 73.76396685282721], [2051.027259961719, 15.0, 74.21860269833648], [2051.9195330482908, 15.0, 74.67323854384574], [2052.8118061348623, 15.0, 75.12787438935501], [2053.704079221434, 15.0, 75.58251023486429], [2054.596352308005, 15.0, 76.03714608037356], [2055.4886253945765, 15.0, 76.49178192588283], [2056.380898481148, 15.0, 76.9464177713921], [2057.2731715677196, 15.0, 77.40105361690138], [2058.165444654291, 15.0, 77.85568946241065], [2059.0577177408627, 15.0, 78.31032530791991], [2059.9499908274342, 15.0, 78.76496115342918], [2060.8422639140053, 15.0, 79.21959699893844], [2061.734537000577, 15.0, 79.67423284444772], [2062.6268100871484, 15.0, 80.12886868995699], [2063.51908317372, 15.0, 80.58350453546626], [2064.4113562602915, 15.0, 81.03814038097553], [2065.303629346863, 15.0, 81.4927762264848], [2066.1959024334346, 15.0, 81.94741207199408], [2067.0881755200057, 15.0, 82.40204791750335], [2067.9804486065773, 15.0, 82.85668376301261], [2068.872721693149, 15.0, 83.31131960852188], [2069.7649947797204, 15.0, 83.76595545403114], [2070.657267866292, 15.0, 84.22059129954042], [2071.5495409528635, 15.0, 84.67522714504969], [2072.4418140394346, 15.0, 85.12986299055896], [2073.334087126006, 15.0, 85.58449883606824], [2074.2263602125777, 15.0, 86.03913468157751], [2075.118633299149, 15.0, 86.49377052708678], [2076.010906385721, 15.0, 86.94840637259604], [2076.9031794722923, 15.0, 87.40304221810531], [2077.795452558864, 15.0, 87.85767806361459], [2078.6877256454354, 15.0, 88.31231390912384], [2079.5799987320065, 15.0, 88.76694975463312], [2080.472271818578, 15.0, 89.22158560014239], [2081.3645449051496, 15.0, 89.67622144565166], [2082.256817991721, 15.0, 90.13085729116094], [2083.1490910782927, 15.0, 90.58549313667021], [2084.0413641648643, 15.0, 91.04012898217948], [2084.9336372514354, 15.0, 91.49476482768874], [2085.825910338007, 15.0, 91.94940067319801], [2086.7181834245785, 15.0, 92.40403651870729], [2087.61045651115, 15.0, 92.85867236421655], [2088.5027295977216, 15.0, 93.31330820972582], [2089.395002684293, 15.0, 93.76794405523509], [2090.2872757708647, 15.0, 94.22257990074436], [2091.179548857436, 15.0, 94.67721574625364], [2092.0718219440073, 15.0, 95.13185159176291], [2092.964095030579, 15.0, 95.58648743727218], [2093.8563681171504, 15.0, 96.04112328278144], [2094.748641203722, 15.0, 96.49575912829071], [2095.6409142902935, 15.0, 96.95039497379999], [2096.533187376865, 15.0, 97.40503081930925], [2097.425460463436, 15.0, 97.85966666481852], [2098.3177335500077, 15.0, 98.31430251032779], [2099.2100066365792, 15.0, 98.76893835583707], [2100.102279723151, 15.0, 99.22357420134634], [2100.9945528097223, 15.0, 99.67821004685561], [2101.886825896294, 15.0, 100.13284589236488], [2102.7790989828654, 15.0, 100.58748173787416], [2103.671372069437, 15.0, 101.0421175833834], [2104.563645156008, 15.0, 101.49675342889267], [2105.4559182425796, 15.0, 101.95138927440195], [2106.348191329151, 15.0, 102.40602511991122], [2107.2404644157227, 15.0, 102.8606609654205], [2108.1327375022943, 15.0, 103.31529681092977], [2109.025010588866, 15.0, 103.76993265643904], [2109.917283675437, 15.0, 104.22456850194831], [2110.8095567620085, 15.0, 104.67920434745758], [2111.70182984858, 15.0, 105.13384019296686], [2112.5941029351516, 15.0, 105.5884760384761], [2113.486376021723, 15.0, 106.04311188398538], [2114.3786491082947, 15.0, 106.49774772949465], [2115.270922194866, 15.0, 106.95238357500392], [2116.1631952814378, 15.0, 107.4070194205132], [2117.055468368009, 15.0, 107.86165526602247], [2117.9477414545804, 15.0, 108.31629111153174], [2118.840014541152, 15.0, 108.77092695704101], [2119.7322876277235, 15.0, 109.22556280255029], [2120.624560714295, 15.0, 109.68019864805956], [2121.5168338008666, 15.0, 110.1348344935688], [2122.4091068874377, 15.0, 110.58947033907808], [2123.3013799740093, 15.0, 111.04410618458735], [2124.193653060581, 15.0, 111.49874203009662], [2125.0859261471523, 15.0, 111.9533778756059], [2125.978199233724, 15.0, 112.40801372111517], [2126.8704723202954, 15.0, 112.86264956662444], [2127.762745406867, 15.0, 113.31728541213371], [2128.6550184934385, 15.0, 113.77192125764299], [2129.5472915800096, 15.0, 114.22655710315226], [2130.439564666581, 15.0, 114.6811929486615], [2131.3318377531527, 15.0, 115.13582879417078], [2132.2241108397243, 15.0, 115.59046463968005], [2133.116383926296, 15.0, 116.04510048518932], [2134.0086570128674, 15.0, 116.4997363306986], [2134.9009300994385, 15.0, 116.95437217620787], [2135.79320318601, 15.0, 117.40900802171714], [2136.6854762725816, 15.0, 117.86364386722641], [2137.577749359153, 15.0, 118.31827971273569], [2138.4700224457247, 15.0, 118.77291555824496], [2139.3622955322962, 15.0, 119.2275514037542], [2140.254568618868, 15.0, 119.68218724926348], [2141.146841705439, 15.0, 120.13682309477275], [2142.0391147920104, 15.0, 120.59145894028202], [2142.931387878582, 15.0, 121.0460947857913], [2143.8236609651535, 15.0, 121.50073063130057], [2144.715934051725, 15.0, 121.95536647680984], [2145.6082071382966, 15.0, 122.41000232231912], [2146.500480224868, 15.0, 122.86463816782839], [2147.3927533114393, 15.0, 123.31927401333763], [2148.285026398011, 15.0, 123.7739098588469], [2149.1772994845824, 15.0, 124.22854570435618], [2150.069572571154, 15.0, 124.68318154986545], [2150.9618456577255, 15.0, 125.13781739537473], [2151.854118744297, 15.0, 125.592453240884], [2152.7463918308686, 15.0, 126.04708908639327], [2153.6386649174397, 15.0, 126.50172493190254], [2154.530938004011, 15.0, 126.95636077741182], [2155.4232110905828, 15.0, 127.41099662292109], [2156.3154841771543, 15.0, 127.86563246843033], [2157.207757263726, 15.0, 128.3202683139396], [2158.1000303502974, 15.0, 128.77490415944888], [2158.9923034368685, 15.0, 129.229540004958]]]
- PerEdgeTangs: [[[0.8910065241874982, 0.0, 0.45399049974125383], [0.8910065241874982, 0.0, 0.45399049974125383], [0.8910065241874982, 0.0, 0.45399049974125383], [0.8910065241874982, 0.0, 0.45399049974125383], [0.8910065241874982, 0.0, 0.45399049974125383], [0.8910065241874982, 0.0, 0.45399049974125383], [0.8910065241874982, 0.0, 0.45399049974125383], [0.8910065241874982, 0.0, 0.45399049974125383], [0.8910065241874982, 0.0, 0.45399049974125383], [0.8910065241874982, 0.0, 0.45399049974125383], [0.8910065241874982, 0.0, 0.45399049974125383], [0.8910065241874982, 0.0, 0.45399049974125383], [0.8910065241874982, 0.0, 0.45399049974125383], [0.8910065241874982, 0.0, 0.45399049974125383], [0.8910065241874982, 0.0, 0.45399049974125383], [0.8910065241874982, 0.0, 0.45399049974125383], [0.8910065241874982, 0.0, 0.45399049974125383], [0.8910065241874982, 0.0, 0.45399049974125383], [0.8910065241874982, 0.0, 0.45399049974125383], [0.8910065241874982, 0.0, 0.45399049974125383], [0.8910065241874982, 0.0, 0.45399049974125383], [0.8910065241874982, 0.0, 0.45399049974125383], [0.8910065241874982, 0.0, 0.45399049974125383], [0.8910065241874982, 0.0, 0.45399049974125383], [0.8910065241874982, 0.0, 0.45399049974125383], [0.8910065241874982, 0.0, 0.45399049974125383], [0.8910065241874982, 0.0, 0.45399049974125383], [0.8910065241874982, 0.0, 0.45399049974125383], [0.8910065241874982, 0.0, 0.45399049974125383], [0.8910065241874982, 0.0, 0.45399049974125383], [0.8910065241874982, 0.0, 0.45399049974125383], [0.8910065241874982, 0.0, 0.45399049974125383], [0.8910065241874982, 0.0, 0.45399049974125383], [0.8910065241874982, 0.0, 0.45399049974125383], [0.8910065241874982, 0.0, 0.45399049974125383], [0.8910065241874982, 0.0, 0.45399049974125383], [0.8910065241874982, 0.0, 0.45399049974125383], [0.8910065241874982, 0.0, 0.45399049974125383], [0.8910065241874982, 0.0, 0.45399049974125383], [0.8910065241874982, 0.0, 0.45399049974125383], [0.8910065241874982, 0.0, 0.45399049974125383], [0.8910065241874982, 0.0, 0.45399049974125383], [0.8910065241874982, 0.0, 0.45399049974125383], [0.8910065241874982, 0.0, 0.45399049974125383], [0.8910065241874982, 0.0, 0.45399049974125383], [0.8910065241874982, 0.0, 0.45399049974125383], [0.8910065241874982, 0.0, 0.45399049974125383], [0.8910065241874982, 0.0, 0.45399049974125383], [0.8910065241874982, 0.0, 0.45399049974125383], [0.8910065241874982, 0.0, 0.45399049974125383], [0.8910065241874982, 0.0, 0.45399049974125383], [0.8910065241874982, 0.0, 0.45399049974125383], [0.8910065241874982, 0.0, 0.45399049974125383], [0.8910065241874982, 0.0, 0.45399049974125383], [0.8910065241874982, 0.0, 0.45399049974125383], [0.8910065241874982, 0.0, 0.45399049974125383], [0.8910065241874982, 0.0, 0.45399049974125383], [0.8910065241874982, 0.0, 0.45399049974125383], [0.8910065241874982, 0.0, 0.45399049974125383], [0.8910065241874982, 0.0, 0.45399049974125383], [0.8910065241874982, 0.0, 0.45399049974125383], [0.8910065241874982, 0.0, 0.45399049974125383], [0.8910065241874982, 0.0, 0.45399049974125383], [0.8910065241874982, 0.0, 0.45399049974125383], [0.8910065241874982, 0.0, 0.45399049974125383], [0.8910065241874982, 0.0, 0.45399049974125383], [0.8910065241874982, 0.0, 0.45399049974125383], [0.8910065241874982, 0.0, 0.45399049974125383], [0.8910065241874982, 0.0, 0.45399049974125383], [0.8910065241874982, 0.0, 0.45399049974125383], [0.8910065241874982, 0.0, 0.45399049974125383], [0.8910065241874982, 0.0, 0.45399049974125383], [0.8910065241874982, 0.0, 0.45399049974125383], [0.8910065241874982, 0.0, 0.45399049974125383], [0.8910065241874982, 0.0, 0.45399049974125383], [0.8910065241874982, 0.0, 0.45399049974125383], [0.8910065241874982, 0.0, 0.45399049974125383], [0.8910065241874982, 0.0, 0.45399049974125383], [0.8910065241874982, 0.0, 0.45399049974125383], [0.8910065241874982, 0.0, 0.45399049974125383], [0.8910065241874982, 0.0, 0.45399049974125383], [0.8910065241874982, 0.0, 0.45399049974125383], [0.8910065241874982, 0.0, 0.45399049974125383], [0.8910065241874982, 0.0, 0.45399049974125383], [0.8910065241874982, 0.0, 0.45399049974125383], [0.8910065241874982, 0.0, 0.45399049974125383], [0.8910065241874982, 0.0, 0.45399049974125383], [0.8910065241874982, 0.0, 0.45399049974125383], [0.8910065241874982, 0.0, 0.45399049974125383], [0.8910065241874982, 0.0, 0.45399049974125383], [0.8910065241874982, 0.0, 0.45399049974125383], [0.8910065241874982, 0.0, 0.45399049974125383], [0.8910065241874982, 0.0, 0.45399049974125383], [0.8910065241874982, 0.0, 0.45399049974125383], [0.8910065241874982, 0.0, 0.45399049974125383], [0.8910065241874982, 0.0, 0.45399049974125383], [0.8910065241874982, 0.0, 0.45399049974125383], [0.8910065241874982, 0.0, 0.45399049974125383], [0.8910065241874982, 0.0, 0.45399049974125383], [0.8910065241874982, 0.0, 0.45399049974125383], [0.8910065241874982, 0.0, 0.45399049974125383], [0.8910065241874982, 0.0, 0.45399049974125383], [0.8910065241874982, 0.0, 0.45399049974125383], [0.8910065241874982, 0.0, 0.45399049974125383], [0.8910065241874982, 0.0, 0.45399049974125383], [0.8910065241874982, 0.0, 0.45399049974125383], [0.8910065241874982, 0.0, 0.45399049974125383], [0.8910065241874982, 0.0, 0.45399049974125383], [0.8910065241874982, 0.0, 0.45399049974125383], [0.8910065241874982, 0.0, 0.45399049974125383], [0.8910065241874982, 0.0, 0.45399049974125383], [0.8910065241874982, 0.0, 0.45399049974125383], [0.8910065241874982, 0.0, 0.45399049974125383], [0.8910065241874982, 0.0, 0.45399049974125383], [0.8910065241874982, 0.0, 0.45399049974125383], [0.8910065241874982, 0.0, 0.45399049974125383], [0.8910065241874982, 0.0, 0.45399049974125383], [0.8910065241874982, 0.0, 0.45399049974125383], [0.8910065241874982, 0.0, 0.45399049974125383], [0.8910065241874982, 0.0, 0.45399049974125383], [0.8910065241874982, 0.0, 0.45399049974125383], [0.8910065241874982, 0.0, 0.45399049974125383], [0.8910065241874982, 0.0, 0.45399049974125383], [0.8910065241874982, 0.0, 0.45399049974125383], [0.8910065241874982, 0.0, 0.45399049974125383], [0.8910065241874982, 0.0, 0.45399049974125383], [0.8910065241874982, 0.0, 0.45399049974125383], [0.8910065241874982, 0.0, 0.45399049974125383], [0.8910065241874982, 0.0, 0.45399049974125383], [0.8910065241874982, 0.0, 0.45399049974125383], [0.8910065241874982, 0.0, 0.45399049974125383], [0.8910065241874982, 0.0, 0.45399049974125383], [0.8910065241874982, 0.0, 0.45399049974125383], [0.8910065241874982, 0.0, 0.45399049974125383], [0.8910065241874982, 0.0, 0.45399049974125383], [0.8910065241874982, 0.0, 0.45399049974125383], [0.8910065241874982, 0.0, 0.45399049974125383], [0.8910065241874982, 0.0, 0.45399049974125383], [0.8910065241874982, 0.0, 0.45399049974125383], [0.8910065241874982, 0.0, 0.45399049974125383], [0.8910065241874982, 0.0, 0.45399049974125383], [0.8910065241874982, 0.0, 0.45399049974125383], [0.8910065241874982, 0.0, 0.45399049974125383], [0.8910065241874982, 0.0, 0.45399049974125383], [0.8910065241874982, 0.0, 0.45399049974125383], [0.8910065241874982, 0.0, 0.45399049974125383], [0.8910065241874982, 0.0, 0.45399049974125383], [0.8910065241874982, 0.0, 0.45399049974125383], [0.8910065241874982, 0.0, 0.45399049974125383], [0.8910065241874982, 0.0, 0.45399049974125383], [0.8910065241874982, 0.0, 0.45399049974125383], [0.8910065241874982, 0.0, 0.45399049974125383], [0.8910065241874982, 0.0, 0.45399049974125383], [0.8910065241874982, 0.0, 0.45399049974125383], [0.8910065241874982, 0.0, 0.45399049974125383], [0.8910065241874982, 0.0, 0.45399049974125383], [0.8910065241874982, 0.0, 0.45399049974125383], [0.8910065241874982, 0.0, 0.45399049974125383], [0.8910065241874982, 0.0, 0.45399049974125383], [0.8910065241874982, 0.0, 0.45399049974125383], [0.8910065241874982, 0.0, 0.45399049974125383], [0.8910065241874982, 0.0, 0.45399049974125383], [0.8910065241874982, 0.0, 0.45399049974125383], [0.8910065241874982, 0.0, 0.45399049974125383], [0.8910065241874982, 0.0, 0.45399049974125383], [0.8910065241874982, 0.0, 0.45399049974125383], [0.8910065241874982, 0.0, 0.45399049974125383], [0.8910065241874982, 0.0, 0.45399049974125383], [0.8910065241874982, 0.0, 0.45399049974125383], [0.8910065241874982, 0.0, 0.45399049974125383], [0.8910065241874982, 0.0, 0.45399049974125383], [0.8910065241874982, 0.0, 0.45399049974125383], [0.8910065241874982, 0.0, 0.45399049974125383], [0.8910065241874982, 0.0, 0.45399049974125383], [0.8910065241874982, 0.0, 0.45399049974125383], [0.8910065241874982, 0.0, 0.45399049974125383], [0.8910065241874982, 0.0, 0.45399049974125383], [0.8910065241874982, 0.0, 0.45399049974125383], [0.8910065241874982, 0.0, 0.45399049974125383], [0.8910065241874982, 0.0, 0.45399049974125383], [0.8910065241874982, 0.0, 0.45399049974125383], [0.8910065241874982, 0.0, 0.45399049974125383], [0.8910065241874982, 0.0, 0.45399049974125383], [0.8910065241874982, 0.0, 0.45399049974125383], [0.8910065241874982, 0.0, 0.45399049974125383], [0.8910065241874982, 0.0, 0.45399049974125383], [0.8910065241874982, 0.0, 0.45399049974125383], [0.8910065241874982, 0.0, 0.45399049974125383], [0.8910065241874982, 0.0, 0.45399049974125383], [0.8910065241874982, 0.0, 0.45399049974125383], [0.8910065241874982, 0.0, 0.45399049974125383], [0.8910065241874982, 0.0, 0.45399049974125383], [0.8910065241874982, 0.0, 0.45399049974125383], [0.8910065241874982, 0.0, 0.45399049974125383], [0.8910065241874982, 0.0, 0.45399049974125383], [0.8910065241874982, 0.0, 0.45399049974125383], [0.8910065241874982, 0.0, 0.45399049974125383], [0.8910065241874982, 0.0, 0.45399049974125383], [0.8910065241874982, 0.0, 0.45399049974125383], [0.8910065241874982, 0.0, 0.45399049974125383], [0.8910065241874982, 0.0, 0.45399049974125383], [0.8910065241874982, 0.0, 0.45399049974125383], [0.8910065241874982, 0.0, 0.45399049974125383], [0.8910065241874982, 0.0, 0.45399049974125383], [0.8910065241874982, 0.0, 0.45399049974125383], [0.8910065241874982, 0.0, 0.45399049974125383], [0.8910065241874982, 0.0, 0.45399049974125383], [0.8910065241874982, 0.0, 0.45399049974125383], [0.8910065241874982, 0.0, 0.45399049974125383]]]
- Placement: Placement [Pos=(0,0,0), Yaw-Pitch-Roll=(0,0,0)]
- PointEnd: Vector (0.0, 0.0, 0.0)
- PointStart: Vector (0.0, 0.0, 0.0)
- Process: None
- Proxy: <Functions.FPweldline.Path3D object at 0x00000152F2D89050>
- Pts: [[1973.39950143, 15.0, 34.66528413903], [1974.2917745165716, 15.0, 35.119919984539266], [1975.184047603143, 15.0, 35.57455583004854], [1976.0763206897145, 15.0, 36.02919167555781], [1976.968593776286, 15.0, 36.48382752106708], [1977.8608668628576, 15.0, 36.93846336657634], [1978.753139949429, 15.0, 37.393099212085616], [1979.6454130360005, 15.0, 37.84773505759488], [1980.537686122572, 15.0, 38.302370903104155], [1981.4299592091434, 15.0, 38.75700674861342], [1982.322232295715, 15.0, 39.211642594122694], [1983.2145053822865, 15.0, 39.66627843963196], [1984.1067784688578, 15.0, 40.12091428514123], [1984.9990515554293, 15.0, 40.5755501306505], [1985.8913246420009, 15.0, 41.03018597615977], [1986.7835977285724, 15.0, 41.48482182166904], [1987.6758708151438, 15.0, 41.93945766717831], [1988.5681439017153, 15.0, 42.394093512687576], [1989.4604169882869, 15.0, 42.84872935819685], [1990.3526900748582, 15.0, 43.30336520370612], [1991.2449631614297, 15.0, 43.75800104921539], [1992.1372362480013, 15.0, 44.21263689472466], [1993.0295093345728, 15.0, 44.667272740233926], [1993.9217824211441, 15.0, 45.1219085857432], [1994.8140555077157, 15.0, 45.57654443125247], [1995.7063285942872, 15.0, 46.03118027676174], [1996.5986016808586, 15.0, 46.48581612227101], [1997.4908747674301, 15.0, 46.94045196778028], [1998.3831478540017, 15.0, 47.39508781328955], [1999.2754209405732, 15.0, 47.84972365879882], [2000.1676940271445, 15.0, 48.30435950430809], [2001.059967113716, 15.0, 48.75899534981736], [2001.9522402002876, 15.0, 49.21363119532663], [2002.844513286859, 15.0, 49.6682670408359], [2003.7367863734305, 15.0, 50.122902886345166], [2004.629059460002, 15.0, 50.57753873185444], [2005.5213325465736, 15.0, 51.032174577363705], [2006.413605633145, 15.0, 51.48681042287298], [2007.3058787197165, 15.0, 51.94144626838225], [2008.198151806288, 15.0, 52.396082113891524], [2009.0904248928593, 15.0, 52.85071795940079], [2009.982697979431, 15.0, 53.305353804910055], [2010.8749710660024, 15.0, 53.75998965041933], [2011.767244152574, 15.0, 54.2146254959286], [2012.6595172391453, 15.0, 54.669261341437874], [2013.5517903257169, 15.0, 55.12389718694714], [2014.4440634122884, 15.0, 55.578533032456406], [2015.3363364988597, 15.0, 56.03316887796568], [2016.2286095854313, 15.0, 56.48780472347495], [2017.1208826720028, 15.0, 56.942440568984225], [2018.0131557585744, 15.0, 57.39707641449349], [2018.9054288451457, 15.0, 57.851712260002756], [2019.7977019317173, 15.0, 58.30634810551203], [2020.6899750182888, 15.0, 58.7609839510213], [2021.5822481048601, 15.0, 59.21561979653057], [2022.4745211914317, 15.0, 59.67025564203984], [2023.3667942780032, 15.0, 60.12489148754911], [2024.2590673645748, 15.0, 60.57952733305838], [2025.151340451146, 15.0, 61.03416317856765], [2026.0436135377176, 15.0, 61.48879902407692], [2026.9358866242892, 15.0, 61.94343486958619], [2027.8281597108605, 15.0, 62.39807071509546], [2028.720432797432, 15.0, 62.85270656060473], [2029.6127058840036, 15.0, 63.307342406114], [2030.5049789705752, 15.0, 63.76197825162327], [2031.3972520571465, 15.0, 64.21661409713255], [2032.289525143718, 15.0, 64.67124994264181], [2033.1817982302896, 15.0, 65.12588578815108], [2034.074071316861, 15.0, 65.58052163366035], [2034.9663444034325, 15.0, 66.03515747916961], [2035.858617490004, 15.0, 66.48979332467889], [2036.7508905765753, 15.0, 66.94442917018816], [2037.6431636631469, 15.0, 67.39906501569743], [2038.5354367497184, 15.0, 67.8537008612067], [2039.42770983629, 15.0, 68.30833670671598], [2040.3199829228613, 15.0, 68.76297255222525], [2041.2122560094328, 15.0, 69.21760839773451], [2042.1045290960044, 15.0, 69.67224424324378], [2042.9968021825757, 15.0, 70.12688008875305], [2043.8890752691473, 15.0, 70.58151593426231], [2044.7813483557188, 15.0, 71.03615177977159], [2045.6736214422904, 15.0, 71.49078762528086], [2046.5658945288617, 15.0, 71.94542347079013], [2047.4581676154332, 15.0, 72.4000593162994], [2048.3504407020046, 15.0, 72.85469516180868], [2049.242713788576, 15.0, 73.30933100731795], [2050.1349868751477, 15.0, 73.76396685282721], [2051.027259961719, 15.0, 74.21860269833648], [2051.9195330482908, 15.0, 74.67323854384574], [2052.8118061348623, 15.0, 75.12787438935501], [2053.704079221434, 15.0, 75.58251023486429], [2054.596352308005, 15.0, 76.03714608037356], [2055.4886253945765, 15.0, 76.49178192588283], [2056.380898481148, 15.0, 76.9464177713921], [2057.2731715677196, 15.0, 77.40105361690138], [2058.165444654291, 15.0, 77.85568946241065], [2059.0577177408627, 15.0, 78.31032530791991], [2059.9499908274342, 15.0, 78.76496115342918], [2060.8422639140053, 15.0, 79.21959699893844], [2061.734537000577, 15.0, 79.67423284444772], [2062.6268100871484, 15.0, 80.12886868995699], [2063.51908317372, 15.0, 80.58350453546626], [2064.4113562602915, 15.0, 81.03814038097553], [2065.303629346863, 15.0, 81.4927762264848], [2066.1959024334346, 15.0, 81.94741207199408], [2067.0881755200057, 15.0, 82.40204791750335], [2067.9804486065773, 15.0, 82.85668376301261], [2068.872721693149, 15.0, 83.31131960852188], [2069.7649947797204, 15.0, 83.76595545403114], [2070.657267866292, 15.0, 84.22059129954042], [2071.5495409528635, 15.0, 84.67522714504969], [2072.4418140394346, 15.0, 85.12986299055896], [2073.334087126006, 15.0, 85.58449883606824], [2074.2263602125777, 15.0, 86.03913468157751], [2075.118633299149, 15.0, 86.49377052708678], [2076.010906385721, 15.0, 86.94840637259604], [2076.9031794722923, 15.0, 87.40304221810531], [2077.795452558864, 15.0, 87.85767806361459], [2078.6877256454354, 15.0, 88.31231390912384], [2079.5799987320065, 15.0, 88.76694975463312], [2080.472271818578, 15.0, 89.22158560014239], [2081.3645449051496, 15.0, 89.67622144565166], [2082.256817991721, 15.0, 90.13085729116094], [2083.1490910782927, 15.0, 90.58549313667021], [2084.0413641648643, 15.0, 91.04012898217948], [2084.9336372514354, 15.0, 91.49476482768874], [2085.825910338007, 15.0, 91.94940067319801], [2086.7181834245785, 15.0, 92.40403651870729], [2087.61045651115, 15.0, 92.85867236421655], [2088.5027295977216, 15.0, 93.31330820972582], [2089.395002684293, 15.0, 93.76794405523509], [2090.2872757708647, 15.0, 94.22257990074436], [2091.179548857436, 15.0, 94.67721574625364], [2092.0718219440073, 15.0, 95.13185159176291], [2092.964095030579, 15.0, 95.58648743727218], [2093.8563681171504, 15.0, 96.04112328278144], [2094.748641203722, 15.0, 96.49575912829071], [2095.6409142902935, 15.0, 96.95039497379999], [2096.533187376865, 15.0, 97.40503081930925], [2097.425460463436, 15.0, 97.85966666481852], [2098.3177335500077, 15.0, 98.31430251032779], [2099.2100066365792, 15.0, 98.76893835583707], [2100.102279723151, 15.0, 99.22357420134634], [2100.9945528097223, 15.0, 99.67821004685561], [2101.886825896294, 15.0, 100.13284589236488], [2102.7790989828654, 15.0, 100.58748173787416], [2103.671372069437, 15.0, 101.0421175833834], [2104.563645156008, 15.0, 101.49675342889267], [2105.4559182425796, 15.0, 101.95138927440195], [2106.348191329151, 15.0, 102.40602511991122], [2107.2404644157227, 15.0, 102.8606609654205], [2108.1327375022943, 15.0, 103.31529681092977], [2109.025010588866, 15.0, 103.76993265643904], [2109.917283675437, 15.0, 104.22456850194831], [2110.8095567620085, 15.0, 104.67920434745758], [2111.70182984858, 15.0, 105.13384019296686], [2112.5941029351516, 15.0, 105.5884760384761], [2113.486376021723, 15.0, 106.04311188398538], [2114.3786491082947, 15.0, 106.49774772949465], [2115.270922194866, 15.0, 106.95238357500392], [2116.1631952814378, 15.0, 107.4070194205132], [2117.055468368009, 15.0, 107.86165526602247], [2117.9477414545804, 15.0, 108.31629111153174], [2118.840014541152, 15.0, 108.77092695704101], [2119.7322876277235, 15.0, 109.22556280255029], [2120.624560714295, 15.0, 109.68019864805956], [2121.5168338008666, 15.0, 110.1348344935688], [2122.4091068874377, 15.0, 110.58947033907808], [2123.3013799740093, 15.0, 111.04410618458735], [2124.193653060581, 15.0, 111.49874203009662], [2125.0859261471523, 15.0, 111.9533778756059], [2125.978199233724, 15.0, 112.40801372111517], [2126.8704723202954, 15.0, 112.86264956662444], [2127.762745406867, 15.0, 113.31728541213371], [2128.6550184934385, 15.0, 113.77192125764299], [2129.5472915800096, 15.0, 114.22655710315226], [2130.439564666581, 15.0, 114.6811929486615], [2131.3318377531527, 15.0, 115.13582879417078], [2132.2241108397243, 15.0, 115.59046463968005], [2133.116383926296, 15.0, 116.04510048518932], [2134.0086570128674, 15.0, 116.4997363306986], [2134.9009300994385, 15.0, 116.95437217620787], [2135.79320318601, 15.0, 117.40900802171714], [2136.6854762725816, 15.0, 117.86364386722641], [2137.577749359153, 15.0, 118.31827971273569], [2138.4700224457247, 15.0, 118.77291555824496], [2139.3622955322962, 15.0, 119.2275514037542], [2140.254568618868, 15.0, 119.68218724926348], [2141.146841705439, 15.0, 120.13682309477275], [2142.0391147920104, 15.0, 120.59145894028202], [2142.931387878582, 15.0, 121.0460947857913], [2143.8236609651535, 15.0, 121.50073063130057], [2144.715934051725, 15.0, 121.95536647680984], [2145.6082071382966, 15.0, 122.41000232231912], [2146.500480224868, 15.0, 122.86463816782839], [2147.3927533114393, 15.0, 123.31927401333763], [2148.285026398011, 15.0, 123.7739098588469], [2149.1772994845824, 15.0, 124.22854570435618], [2150.069572571154, 15.0, 124.68318154986545], [2150.9618456577255, 15.0, 125.13781739537473], [2151.854118744297, 15.0, 125.592453240884], [2152.7463918308686, 15.0, 126.04708908639327], [2153.6386649174397, 15.0, 126.50172493190254], [2154.530938004011, 15.0, 126.95636077741182], [2155.4232110905828, 15.0, 127.41099662292109], [2156.3154841771543, 15.0, 127.86563246843033], [2157.207757263726, 15.0, 128.3202683139396], [2158.1000303502974, 15.0, 128.77490415944888], [2158.9923034368685, 15.0, 129.229540004958]]
- Radius: 2.0
- SeamSize: 2.0 mm
- Shape: <Compound object at 00000152F6AA2BA0>
- ShapeMaterial: <Material at 00000152F7164860>
- Sliderpos: 0
- TrimByLength: False
- TrimByMultipleLength: False
- TrimByPoint: False
- TrimLength: 0.0 mm
- TrimLengthV1: 0.0 mm
- TrimLengthV2: 0.0 mm
- TrimmedMLengths: {}
- Vectorlength: 10.0
- Visibility: True
- WeldVecs: [[[[-0.3210197609609714, 0.7071067811868449, 0.6300367553342743], [-0.3210197609609714, 0.7071067811868449, 0.6300367553342743], [-0.3210197609609714, 0.7071067811868449, 0.6300367553342743], [-0.3210197609609714, 0.7071067811868449, 0.6300367553342743], [-0.3210197609609714, 0.7071067811868449, 0.6300367553342743], [-0.3210197609606919, 0.7071067811877404, 0.6300367553334116], [-0.3210197609606919, 0.7071067811877404, 0.6300367553334116], [-0.3210197609606919, 0.7071067811877404, 0.6300367553334116], [-0.3210197609606919, 0.7071067811877404, 0.6300367553334116], [-0.32101976096041457, 0.7071067811886663, 0.6300367553325138], [-0.32101976096041457, 0.7071067811886663, 0.6300367553325138], [-0.32101976096041457, 0.7071067811886663, 0.6300367553325138], [-0.32101976096041457, 0.7071067811886663, 0.6300367553325138], [-0.3210197609600249, 0.7071067811896189, 0.6300367553316433], [-0.3210197609600249, 0.7071067811896189, 0.6300367553316433], [-0.3210197609600249, 0.7071067811896189, 0.6300367553316433], [-0.3210197609600249, 0.7071067811896189, 0.6300367553316433], [-0.3210197609598585, 0.7071067811905072, 0.6300367553307312], [-0.3210197609598585, 0.7071067811905072, 0.6300367553307312], [-0.3210197609598585, 0.7071067811905072, 0.6300367553307312], [-0.3210197609598585, 0.7071067811905072, 0.6300367553307312], [-0.3210197609591246, 0.7071067811915026, 0.6300367553299878], [-0.3210197609591246, 0.7071067811915026, 0.6300367553299878], [-0.3210197609591246, 0.7071067811915026, 0.6300367553299878], [-0.3210197609591246, 0.7071067811915026, 0.6300367553299878], [-0.32101976095873386, 0.7071067811924471, 0.6300367553291271], [-0.32101976095873386, 0.7071067811924471, 0.6300367553291271], [-0.32101976095873386, 0.7071067811924471, 0.6300367553291271], [-0.32101976095873386, 0.7071067811924471, 0.6300367553291271], [-0.3210197609582315, 0.7071067811934375, 0.6300367553282713], [-0.3210197609582315, 0.7071067811934375, 0.6300367553282713], [-0.3210197609582315, 0.7071067811934375, 0.6300367553282713], [-0.3210197609582315, 0.7071067811934375, 0.6300367553282713], [-0.32101976095761264, 0.7071067811944496, 0.6300367553274507], [-0.32101976095761264, 0.7071067811944496, 0.6300367553274507], [-0.32101976095761264, 0.7071067811944496, 0.6300367553274507], [-0.32101976095761264, 0.7071067811944496, 0.6300367553274507], [-0.32101976095722085, 0.7071067811954035, 0.63003675532658], [-0.32101976095722085, 0.7071067811954035, 0.63003675532658], [-0.32101976095722085, 0.7071067811954035, 0.63003675532658], [-0.32101976095722085, 0.7071067811954035, 0.63003675532658], [-0.3210197609569428, 0.7071067811962886, 0.6300367553257282], [-0.3210197609569428, 0.7071067811962886, 0.6300367553257282], [-0.3210197609569428, 0.7071067811962886, 0.6300367553257282], [-0.3210197609569428, 0.7071067811962886, 0.6300367553257282], [-0.3210197609566644, 0.7071067811972062, 0.6300367553248402], [-0.3210197609566644, 0.7071067811972062, 0.6300367553248402], [-0.3210197609566644, 0.7071067811972062, 0.6300367553248402], [-0.3210197609566644, 0.7071067811972062, 0.6300367553248402], [-0.32101976095581763, 0.7071067811982646, 0.6300367553240835], [-0.32101976095581763, 0.7071067811982646, 0.6300367553240835], [-0.32101976095581763, 0.7071067811982646, 0.6300367553240835], [-0.32101976095581763, 0.7071067811982646, 0.6300367553240835], [-0.3210197609556529, 0.7071067811991248, 0.6300367553232022], [-0.3210197609556529, 0.7071067811991248, 0.6300367553232022], [-0.3210197609556529, 0.7071067811991248, 0.6300367553232022], [-0.3210197609556529, 0.7071067811991248, 0.6300367553232022], [-0.32101976095537527, 0.7071067812000442, 0.6300367553223118], [-0.32101976095537527, 0.7071067812000442, 0.6300367553223118], [-0.32101976095537527, 0.7071067812000442, 0.6300367553223118], [-0.32101976095537527, 0.7071067812000442, 0.6300367553223118], [-0.32101976095452833, 0.7071067812011101, 0.630036755321547], [-0.32101976095452833, 0.7071067812011101, 0.630036755321547], [-0.32101976095452833, 0.7071067812011101, 0.630036755321547], [-0.32101976095452833, 0.7071067812011101, 0.630036755321547], [-0.32101976095425533, 0.7071067812020476, 0.630036755320634], [-0.32101976095425533, 0.7071067812020476, 0.630036755320634], [-0.32101976095425533, 0.7071067812020476, 0.630036755320634], [-0.32101976095425533, 0.7071067812020476, 0.630036755320634], [-0.32101976095385837, 0.7071067812029528, 0.6300367553198203], [-0.32101976095385837, 0.7071067812029528, 0.6300367553198203], [-0.32101976095385837, 0.7071067812029528, 0.6300367553198203], [-0.32101976095385837, 0.7071067812029528, 0.6300367553198203], [-0.3210197609534703, 0.707106781203909, 0.630036755318945], [-0.3210197609534703, 0.707106781203909, 0.630036755318945], [-0.3210197609534703, 0.707106781203909, 0.630036755318945], [-0.3210197609534703, 0.707106781203909, 0.630036755318945], [-0.32101976095296364, 0.7071067812048841, 0.6300367553181087], [-0.32101976095296364, 0.7071067812048841, 0.6300367553181087], [-0.32101976095296364, 0.7071067812048841, 0.6300367553181087], [-0.32101976095296364, 0.7071067812048841, 0.6300367553181087], [-0.32101976095268764, 0.7071067812058071, 0.6300367553172134], [-0.32101976095268764, 0.7071067812058071, 0.6300367553172134], [-0.32101976095268764, 0.7071067812058071, 0.6300367553172134], [-0.32101976095268764, 0.7071067812058071, 0.6300367553172134], [-0.32101976095217927, 0.7071067812067509, 0.6300367553164131], [-0.32101976095217927, 0.7071067812067509, 0.6300367553164131], [-0.32101976095217927, 0.7071067812067509, 0.6300367553164131], [-0.32101976095217927, 0.7071067812067509, 0.6300367553164131], [-0.32101976095156615, 0.7071067812077894, 0.6300367553155601], [-0.32101976095156615, 0.7071067812077894, 0.6300367553155601], [-0.32101976095156615, 0.7071067812077894, 0.6300367553155601], [-0.32101976095156615, 0.7071067812077894, 0.6300367553155601], [-0.321019760951399, 0.7071067812086581, 0.6300367553146702], [-0.321019760951399, 0.7071067812086581, 0.6300367553146702], [-0.321019760951399, 0.7071067812086581, 0.6300367553146702], [-0.321019760951399, 0.7071067812086581, 0.6300367553146702], [-0.321019760951005, 0.7071067812095638, 0.6300367553138544], [-0.321019760951005, 0.7071067812095638, 0.6300367553138544], [-0.321019760951005, 0.7071067812095638, 0.6300367553138544], [-0.321019760951005, 0.7071067812095638, 0.6300367553138544], [-0.3210197609503891, 0.7071067812106081, 0.6300367553129962], [-0.3210197609503891, 0.7071067812106081, 0.6300367553129962], [-0.3210197609503891, 0.7071067812106081, 0.6300367553129962], [-0.3210197609503891, 0.7071067812106081, 0.6300367553129962], [-0.3210197609499935, 0.7071067812115318, 0.6300367553121613], [-0.3210197609499935, 0.7071067812115318, 0.6300367553121613], [-0.3210197609499935, 0.7071067812115318, 0.6300367553121613], [-0.3210197609499935, 0.7071067812115318, 0.6300367553121613], [-0.3210197609496088, 0.7071067812125152, 0.6300367553112534], [-0.3210197609496088, 0.7071067812125152, 0.6300367553112534], [-0.3210197609496088, 0.7071067812125152, 0.6300367553112534], [-0.3210197609496088, 0.7071067812125152, 0.6300367553112534], [-0.3210197609489884, 0.7071067812134922, 0.630036755310473], [-0.3210197609489884, 0.7071067812134922, 0.630036755310473], [-0.3210197609489884, 0.7071067812134922, 0.630036755310473], [-0.3210197609489884, 0.7071067812134922, 0.630036755310473], [-0.32101976094882134, 0.7071067812143397, 0.630036755309607], [-0.32101976094882134, 0.7071067812143397, 0.630036755309607], [-0.32101976094882134, 0.7071067812143397, 0.630036755309607], [-0.32101976094882134, 0.7071067812143397, 0.630036755309607], [-0.321019760948203, 0.7071067812153825, 0.6300367553087518], [-0.321019760948203, 0.7071067812153825, 0.6300367553087518], [-0.321019760948203, 0.7071067812153825, 0.6300367553087518], [-0.321019760948203, 0.7071067812153825, 0.6300367553087518], [-0.32101976094758256, 0.7071067812163594, 0.6300367553079713], [-0.32101976094758256, 0.7071067812163594, 0.6300367553079713], [-0.32101976094758256, 0.7071067812163594, 0.6300367553079713], [-0.32101976094758256, 0.7071067812163594, 0.6300367553079713], [-0.3210197609474199, 0.7071067812172185, 0.6300367553070902], [-0.3210197609474199, 0.7071067812172185, 0.6300367553070902], [-0.3210197609474199, 0.7071067812172185, 0.6300367553070902], [-0.3210197609474199, 0.7071067812172185, 0.6300367553070902], [-0.3210197609468027, 0.7071067812182656, 0.6300367553062294], [-0.3210197609468027, 0.7071067812182656, 0.6300367553062294], [-0.3210197609468027, 0.7071067812182656, 0.6300367553062294], [-0.3210197609468027, 0.7071067812182656, 0.6300367553062294], [-0.3210197609466377, 0.7071067812191156, 0.6300367553053595], [-0.3210197609466377, 0.7071067812191156, 0.6300367553053595], [-0.3210197609466377, 0.7071067812191156, 0.6300367553053595], [-0.3210197609466377, 0.7071067812191156, 0.6300367553053595], [-0.32101976094579426, 0.7071067812202266, 0.6300367553045424], [-0.32101976094579426, 0.7071067812202266, 0.6300367553045424], [-0.32101976094579426, 0.7071067812202266, 0.6300367553045424], [-0.32101976094579426, 0.7071067812202266, 0.6300367553045424], [-0.32101976094562806, 0.7071067812210721, 0.6300367553036781], [-0.32101976094562806, 0.7071067812210721, 0.6300367553036781], [-0.32101976094562806, 0.7071067812210721, 0.6300367553036781], [-0.32101976094562806, 0.7071067812210721, 0.6300367553036781], [-0.32101976094545864, 0.7071067812219319, 0.6300367553027995], [-0.32101976094545864, 0.7071067812219319, 0.6300367553027995], [-0.32101976094545864, 0.7071067812219319, 0.6300367553027995], [-0.32101976094545864, 0.7071067812219319, 0.6300367553027995], [-0.3210197609446213, 0.7071067812230505, 0.6300367553019707], [-0.3210197609446213, 0.7071067812230505, 0.6300367553019707], [-0.3210197609446213, 0.7071067812230505, 0.6300367553019707], [-0.3210197609446213, 0.7071067812230505, 0.6300367553019707], [-0.32101976094445084, 0.7071067812238844, 0.6300367553011216], [-0.32101976094445084, 0.7071067812238844, 0.6300367553011216], [-0.32101976094445084, 0.7071067812238844, 0.6300367553011216], [-0.32101976094445084, 0.7071067812238844, 0.6300367553011216], [-0.32101976094383666, 0.7071067812249462, 0.630036755300243], [-0.32101976094383666, 0.7071067812249462, 0.630036755300243], [-0.32101976094383666, 0.7071067812249462, 0.630036755300243], [-0.32101976094383666, 0.7071067812249462, 0.630036755300243], [-0.3210197609434451, 0.7071067812258535, 0.630036755299424], [-0.3210197609434451, 0.7071067812258535, 0.630036755299424], [-0.3210197609434451, 0.7071067812258535, 0.630036755299424], [-0.3210197609434451, 0.7071067812258535, 0.630036755299424], [-0.3210197609430513, 0.7071067812267732, 0.6300367552985927], [-0.3210197609430513, 0.7071067812267732, 0.6300367552985927], [-0.3210197609430513, 0.7071067812267732, 0.6300367552985927], [-0.3210197609430513, 0.7071067812267732, 0.6300367552985927], [-0.32101976094288376, 0.7071067812276215, 0.6300367552977258], [-0.32101976094288376, 0.7071067812276215, 0.6300367552977258], [-0.32101976094288376, 0.7071067812276215, 0.6300367552977258], [-0.32101976094288376, 0.7071067812276215, 0.6300367552977258], [-0.32101976094204004, 0.7071067812287261, 0.630036755296916], [-0.32101976094204004, 0.7071067812287261, 0.630036755296916], [-0.32101976094204004, 0.7071067812287261, 0.630036755296916], [-0.32101976094204004, 0.7071067812287261, 0.630036755296916], [-0.3210197609414216, 0.7071067812297056, 0.6300367552961318], [-0.3210197609414216, 0.7071067812297056, 0.6300367552961318], [-0.3210197609414216, 0.7071067812297056, 0.6300367552961318], [-0.3210197609414216, 0.7071067812297056, 0.6300367552961318], [-0.32101976094148477, 0.7071067812305509, 0.6300367552951508], [-0.32101976094148477, 0.7071067812305509, 0.6300367552951508], [-0.32101976094148477, 0.7071067812305509, 0.6300367552951508], [-0.32101976094148477, 0.7071067812305509, 0.6300367552951508], [-0.32101976094109297, 0.7071067812314872, 0.6300367552942998], [-0.32101976094109297, 0.7071067812314872, 0.6300367552942998], [-0.32101976094109297, 0.7071067812314872, 0.6300367552942998], [-0.32101976094109297, 0.7071067812314872, 0.6300367552942998], [-0.321019760940472, 0.7071067812324512, 0.6300367552935342], [-0.321019760940472, 0.7071067812324512, 0.6300367552935342], [-0.321019760940472, 0.7071067812324512, 0.6300367552935342], [-0.321019760940472, 0.7071067812324512, 0.6300367552935342], [-0.3210197609398548, 0.7071067812334985, 0.6300367552926733], [-0.3210197609398548, 0.7071067812334985, 0.6300367552926733], [-0.3210197609398548, 0.7071067812334985, 0.6300367552926733], [-0.3210197609398548, 0.7071067812334985, 0.6300367552926733], [-0.3210197609396917, 0.7071067812343583, 0.6300367552917913], [-0.3210197609396917, 0.7071067812343583, 0.6300367552917913], [-0.3210197609396917, 0.7071067812343583, 0.6300367552917913], [-0.3210197609396917, 0.7071067812343583, 0.6300367552917913], [-0.32101976093907375, 0.7071067812354, 0.630036755290937], [-0.32101976093907375, 0.7071067812354, 0.630036755290937], [-0.32101976093910556, 0.7071067812357661, 0.6300367552905101], [-0.32101976093910556, 0.7071067812357661, 0.6300367552905101]]]]
- Weldlines: <Compound object at 00000152F6AA22B0>
- _ElementMapVersion: 15.70200.5
- showweldvecs: True

----------------------------------------
WELD 13 of 18
Name: InternalWeldFeature010
Label: Weld11

DETAILED PROPERTIES:
- Type: Part::FeaturePython
- Angle: 0.0
- CorrectedNormals: {}
- Edgeidxs: [0]
- ExpressionEngine: []
- FinalWeldVecs: [[[-0.3210197720264164, 0.7071067784578845, 0.6300367527589323], [-0.3186036183260984, 0.7071067784578844, 0.6312620202803509], [-0.3161827881114383, 0.7071067784578845, 0.6324780220379123], [-0.3137573169157651, 0.7071067784578846, 0.63368474018295], [-0.3113272403405105, 0.7071067784578846, 0.6348821570030729], [-0.30889259867858326, 0.707106767873527, 0.6360702644433599], [-0.30645341838191287, 0.707106767873527, 0.6372490260404438], [-0.30400973991347685, 0.7071067678735271, 0.6384184339954432], [-0.30156159914195607, 0.7071067678735272, 0.639578471143612], [-0.29910903617687173, 0.7071067580023085, 0.6407291294024392], [-0.29665207863244614, 0.7071067580023086, 0.641870374009047], [-0.29419076678183403, 0.7071067580023086, 0.6430021971407106], [-0.2917251367525604, 0.7071067580023086, 0.6441245821843509], [-0.2892552284812667, 0.7071067488458518, 0.6452375210206701], [-0.28678107069828174, 0.7071067488458519, 0.6463409806176588], [-0.2843027034973271, 0.7071067488458519, 0.6474349531194314], [-0.28182016325628767, 0.7071067488458519, 0.6485194224684784], [-0.27933348974804595, 0.7071067404065547, 0.649594380499705], [-0.2768427127752019, 0.7071067404065549, 0.650659795941692], [-0.2743478722611978, 0.707106740406555, 0.6517156608962], [-0.27184900482567853, 0.707106740406555, 0.6527619598650839], [-0.2693461500881285, 0.7071067326867813, 0.6537986846283254], [-0.26683933887715305, 0.7071067326867814, 0.6548258057045622], [-0.26432861095612303, 0.7071067326867815, 0.6558433151439693], [-0.2618140031779003, 0.7071067326867816, 0.656851198011382], [-0.25929555501878593, 0.7071067256875772, 0.6578494460246154], [-0.25677329828705187, 0.7071067256875773, 0.6588380315177489], [-0.25424727259618124, 0.7071067256875773, 0.6598169464819743], [-0.25171751502359807, 0.7071067256875773, 0.6607861765486155], [-0.24918406491356196, 0.707106719410409, 0.6617457133656424], [-0.24664695500582887, 0.7071067194104091, 0.662695531108368], [-0.24410622477504798, 0.7071067194104093, 0.6636356217011886], [-0.24156191151444048, 0.7071067194104093, 0.6645659713453126], [-0.23901405444645454, 0.7071067138581838, 0.6654865716103878], [-0.23646268719576055, 0.7071067138581839, 0.6663973985399707], [-0.23390784910831378, 0.7071067138581841, 0.6672984439830525], [-0.23134957768443207, 0.7071067138581844, 0.6681896947139455], [-0.22878791203650736, 0.7071067090311843, 0.6690711422181227], [-0.22622288662422835, 0.7071067090311846, 0.6699427644287903], [-0.2236545406766102, 0.7071067090311848, 0.6708045531135151], [-0.22108291189224127, 0.707106709031185, 0.6716564956228263], [-0.21850803928496026, 0.7071067049306554, 0.6724985833516332], [-0.21592995810009444, 0.7071067049306556, 0.6733307961448094], [-0.21334870746112367, 0.7071067049306559, 0.6741531256819769], [-0.2107643252560534, 0.7071067049306561, 0.6749655598928527], [-0.20817685041160275, 0.7071067015581236, 0.6757680900755051], [-0.20558631890929993, 0.7071067015581238, 0.6765606980078834], [-0.2029927697784655, 0.707106701558124, 0.6773433752752424], [-0.20039624108762416, 0.7071067015581243, 0.678116110389321], [-0.19779677168910303, 0.707106698912658, 0.6788788945476303], [-0.19519439824844448, 0.7071066989126581, 0.6796317114770847], [-0.19258915971351068, 0.7071066989126582, 0.6803745526646976], [-0.18998109432442503, 0.7071066989126584, 0.6811074072069231], [-0.18737024087038118, 0.7071066969971136, 0.6818302661938729], [-0.18475663665157332, 0.7071066969971137, 0.6825431153231498], [-0.18214032054560717, 0.7071066969971138, 0.6832459459765389], [-0.17952133095520453, 0.707106696997114, 0.6839387478377753], [-0.17689970661905244, 0.7071066958102838, 0.6846215118869374], [-0.17427548541984134, 0.7071066958102841, 0.685294225805195], [-0.17164870617744893, 0.7071066958102842, 0.6859568808663344], [-0.1690194074481766, 0.7071066958102843, 0.686609467343795], [-0.16638762793272638, 0.7071066953533218, 0.6872519761029613], [-0.16375340604421557, 0.707106695353322, 0.6878843968250937], [-0.16111678055728998, 0.7071066953533223, 0.688506720671163], [-0.1584777901727359, 0.7071066953533224, 0.6891189385066057], [-0.1558364735659303, 0.7071066956259505, 0.689721041079279], [-0.1531928696278979, 0.7071066956259507, 0.690313020083005], [-0.15054701710067592, 0.707106695625951, 0.6908948665629513], [-0.14789895482052662, 0.7071066956259511, 0.6914665719786788], [-0.14524872145004258, 0.7071066966288108, 0.6920281269571482], [-0.14259635630563672, 0.707106696628811, 0.6925795252178965], [-0.13994189810934113, 0.7071066966288112, 0.6931207576867437], [-0.13728538582371344, 0.7071066966288114, 0.6936518164193943], [-0.134626858111626, 0.7071066983603264, 0.6941726919210742], [-0.1319663546615502, 0.7071066983603266, 0.6946833799446339], [-0.1293039141884113, 0.7071066983603267, 0.6951838712955836], [-0.12663957577195215, 0.7071066983603268, 0.6956741586276282], [-0.12397337808829774, 0.7071067008214168, 0.6961542323212776], [-0.1213053611445317, 0.707106700821417, 0.6966240901742102], [-0.11863556366147314, 0.7071067008214172, 0.6970837228684773], [-0.11596402482685231, 0.7071067008214174, 0.6975331236575141], [-0.11329078334294897, 0.7071067040105382, 0.6979722827970278], [-0.11061587948196053, 0.7071067040105383, 0.6984012001348404], [-0.10793935198360365, 0.7071067040105384, 0.6988198662292827], [-0.10526124013437269, 0.7071067040105387, 0.699228274935108], [-0.10258158267561894, 0.7071067079271018, 0.6996264163825302], [-0.09990042009137705, 0.7071067079271021, 0.7000142924755628], [-0.0972177911529353, 0.7071067079271022, 0.7003918936480065], [-0.0945337352363662, 0.7071067079271023, 0.7007592143573687], [-0.09184829113541387, 0.7071067125713618, 0.7011162446071448], [-0.08916149949161715, 0.707106712571362, 0.701462988364267], [-0.08647339912121735, 0.7071067125713623, 0.7017994359366101], [-0.08378402948055684, 0.7071067125713624, 0.7021255823857456], [-0.08109342942903991, 0.7071067179405001, 0.7024414175907137], [-0.07840163971136878, 0.7071067179405002, 0.7027469475806939], [-0.07570869920201961, 0.7071067179405003, 0.7030421625397383], [-0.07301464742839947, 0.7071067179405004, 0.7033270581346349], [-0.07031952332804292, 0.707106724034258, 0.70360162412011], [-0.0676233676960019, 0.7071067240342581, 0.7038658685907356], [-0.06492621947746559, 0.7071067240342582, 0.7041197816067257], [-0.06222811826160248, 0.7071067240342583, 0.7043633594411047], [-0.0595291030778249, 0.7071067308510225, 0.704596591726024], [-0.0568292147162337, 0.7071067308510227, 0.7048194886209631], [-0.054128492206433294, 0.7071067308510229, 0.705032040063881], [-0.05142697519005618, 0.7071067308510232, 0.7052342429349139], [-0.048724702800819926, 0.7071067383892502, 0.7054260867457967], [-0.046021715771088476, 0.7071067383892503, 0.7056075837191673], [-0.04331805322732808, 0.7071067383892504, 0.7057787236727322], [-0.0406137548542846, 0.7071067383892505, 0.7059395040944744], [-0.03790885990300083, 0.7071067466473824, 0.7060899143781969], [-0.03520340899419863, 0.7071067466473826, 0.7062299688068624], [-0.03249744136418681, 0.7071067466473828, 0.7063596570802554], [-0.029790996731566075, 0.7071067466473829, 0.7064789772947914], [-0.02708411447862216, 0.7071067556228771, 0.7065879187301449], [-0.024376835058475436, 0.7071067556228772, 0.7066864977237223], [-0.021669197831285066, 0.7071067556228773, 0.7067747038610233], [-0.01896124254019935, 0.7071067556228775, 0.7068525358473436], [-0.016253008710079415, 0.7071067653137145, 0.7069199828519813], [-0.013544536575755805, 0.7071067653137147, 0.7069770632605583], [-0.010835865632580346, 0.707106765313715, 0.707023766547892], [-0.0081270356388539, 0.7071067653137152, 0.7070600920284641], [-0.005418086275411485, 0.7071067757182344, 0.70708602876487], [-0.0027090574935163193, 0.7071067784303545, 0.707101594472352], [1.1031398298305684e-08, 0.7071067784303546, 0.7071067839427404]]]
- HeatSource: None
- IntermittentBeadLength: 0.0 mm
- IntermittentBeadPitch: 0.0 mm
- IntermittentBeadQty: 0.0
- IntermittentLen: False
- IntermittentLenRound: False
- IntermittentPitch: False
- IntermittentQty: False
- IntermittentQtyRound: False
- IntermittentRBeadLength: 0.0 mm
- IntermittentRBeadPitch: 0.0 mm
- IntermittentResult: 0.0
- IntermittentResultLen: 0.0
- IntermittentTrimEachBead: False
- IntermittentTrimEachBeadLen: False
- IntermittentWeldedSection: 0.0 mm
- Interval: 4
- Label2: 
- Material: None
- MoveV1: False
- MoveV2: False
- PerEdgePts: [[[1973.399501430298, 14.999999999998167, 34.665284139026795], [1972.5008417139054, 14.999999999998167, 34.20956041451433], [1971.6004426234606, 14.999999999998165, 33.75728298098872], [1970.698317375164, 14.999999999998163, 33.30845847704978], [1969.7944792105527, 14.999999999998161, 32.86309349061449], [1968.8889413963063, 14.99999999999816, 32.42119455882076], [1967.9817172240525, 14.999999999998158, 31.982768167931027], [1967.072820010171, 14.999999999998156, 31.547820753237204], [1966.162263095599, 14.999999999998154, 31.116358698966337], [1965.2500598456352, 14.99999999999815, 30.688388338186712], [1964.3362236497433, 14.999999999998147, 30.263915952715053], [1963.4207679213555, 14.999999999998144, 29.842947773024264], [1962.5037060976756, 14.99999999999814, 29.425489978151944], [1961.5850516394828, 14.999999999998137, 29.011548695609548], [1960.6648180309326, 14.999999999998133, 28.60113000129286], [1959.743018779359, 14.999999999998128, 28.194239919392373], [1958.819667415078, 14.999999999998124, 27.79088442230517], [1957.8947774911865, 14.999999999998119, 27.391069430547077], [1956.9683625833654, 14.999999999998114, 26.99480081266583], [1956.0404362896797, 14.999999999998108, 26.602084385154882], [1955.111012230378, 14.999999999998103, 26.212925912368206], [1954.1801040476942, 14.999999999998096, 25.827331106435395], [1953.2477254056455, 14.99999999999809, 25.445305627178072], [1952.3138899898333, 14.999999999998083, 25.066855082026734], [1951.3786115072419, 14.999999999998076, 24.691985025938266], [1950.4419036860365, 14.999999999998069, 24.3207009613148], [1949.5037802753632, 14.999999999998062, 23.953008337922626], [1948.5642550451457, 14.999999999998055, 23.58891255281219], [1947.6233417858841, 14.999999999998046, 23.22841895023913], [1946.6810543084523, 14.999999999998039, 22.871532821585504], [1945.7374064438948, 14.99999999999803, 22.51825940528252], [1944.7924120432244, 14.999999999998021, 22.16860388673325], [1943.8460849772184, 14.999999999998012, 21.822571398236732], [1942.8984391362155, 14.999999999998003, 21.480167018912596], [1941.9494884299115, 14.999999999997994, 21.141395774626574], [1940.9992467871546, 14.999999999997984, 20.806262637916603], [1940.0477281557423, 14.999999999997973, 20.474772527919868], [1939.0949465022156, 14.999999999997964, 20.146930310300718], [1938.1409158116546, 14.999999999997954, 19.82274079717908], [1937.1856500874726, 14.999999999997943, 19.502208747059967], [1936.2291633512114, 14.99999999999793, 19.185338864763594], [1935.2714696423343, 14.99999999999792, 18.872135801356194], [1934.3125830180215, 14.99999999999791, 18.562604154081868], [1933.3525175529626, 14.999999999997897, 18.256748466295278], [1932.3912873391503, 14.999999999997884, 17.95457322739449], [1931.428906485674, 14.999999999997872, 17.656082872755462], [1930.465389118512, 14.99999999999786, 17.36128178366704], [1929.500749380325, 14.999999999997847, 17.070174287266127], [1928.5350014302476, 14.999999999997833, 16.782764656474683], [1927.568159443681, 14.99999999999782, 16.499057109936757], [1926.6002376120853, 14.999999999997806, 16.21905581195665], [1925.6312501427699, 14.999999999997792, 15.942764872437664], [1924.6612112586865, 14.999999999997778, 15.670188346822073], [1923.6901351982194, 14.999999999997764, 15.401330236031185], [1922.7180362149768, 14.99999999999775, 15.136194486406879], [1921.744928577581, 14.999999999997733, 14.874784989653676], [1920.7708265694607, 14.99999999999772, 14.61710558278159], [1919.7957444886388, 14.999999999997703, 14.363160048049707], [1918.8196966475243, 14.999999999997687, 14.11295211291079], [1917.8426973727026, 14.999999999997671, 13.866485449956542], [1916.8647610047228, 14.999999999997655, 13.623763676863632], [1915.8859018978906, 14.99999999999764, 13.384790356340687], [1914.9061344200545, 14.999999999997621, 13.149568996075857], [1913.9254729523964, 14.999999999997605, 12.918103048685566], [1912.943931889221, 14.999999999997588, 12.6903959116637], [1911.961525637743, 14.99999999999757, 12.466450927331493], [1910.9782686178771, 14.999999999997552, 12.246271382789075], [1909.9941752620257, 14.999999999997534, 12.02986050986641], [1909.0092600148664, 14.999999999997517, 11.8172214850768], [1908.0235373331411, 14.999999999997497, 11.60835742956931], [1907.037021685444, 14.99999999999748, 11.403271409083686], [1906.049727552007, 14.99999999999746, 11.201966433905056], [1905.0616694244904, 14.99999999999744, 11.004445458819589], [1904.0728618057676, 14.99999999999742, 10.810711383071578], [1903.0833192097132, 14.999999999997401, 10.620767050320296], [1902.09305616099, 14.99999999999738, 10.434615248598845], [1901.1020871948363, 14.99999999999736, 10.252258710272713], [1900.1104268568508, 14.999999999997339, 10.07370011200021], [1899.1180897027814, 14.999999999997318, 9.898942074692513], [1898.1250902983097, 14.999999999997298, 9.727987163475916], [1897.131443218838, 14.999999999997275, 9.560837887653577], [1896.1371630492756, 14.999999999997254, 9.397496700669024], [1895.1422643838243, 14.999999999997232, 9.237966000070116], [1894.1467618257643, 14.99999999999721, 9.08224812747369], [1893.1506699872393, 14.999999999997188, 8.930345368531334], [1892.1540034890431, 14.999999999997165, 8.7822599528958], [1891.1567769604046, 14.999999999997142, 8.637994054188198], [1890.1590050387724, 14.999999999997119, 8.497549789966286], [1889.1607023696008, 14.999999999997096, 8.360929221693198], [1888.1618836061346, 14.999999999997073, 8.228134354707265], [1887.1625634091931, 14.999999999997048, 8.09916713819257], [1886.162756446957, 14.999999999997025, 7.974029465150238], [1885.1624773947508, 14.999999999997, 7.852723172371043], [1884.161740934829, 14.999999999996975, 7.735250040407777], [1883.1605617561593, 14.99999999999695, 7.621611793549732], [1882.1589545542088, 14.999999999996925, 7.511810099797003], [1881.156934030726, 14.999999999996898, 7.4058465708363315], [1880.154514893527, 14.999999999996874, 7.303722762017173], [1879.1517118562788, 14.999999999996847, 7.205440172328906], [1878.1485396382825, 14.999999999996822, 7.111000244378943], [1877.1450129642594, 14.999999999996795, 7.0204043643715295], [1876.1411465641324, 14.999999999996769, 6.933653862087283], [1875.1369551728117, 14.999999999996742, 6.850750010863862], [1874.1324535299773, 14.999999999996714, 6.771694027577098], [1873.1276563798635, 14.999999999996687, 6.696487072623199], [1872.1225784710418, 14.999999999996659, 6.625130249901815], [1871.1172345562047, 14.999999999996632, 6.557624606799607], [1870.1116393919497, 14.999999999996604, 6.493971134175126], [1869.1058077385615, 14.999999999996575, 6.4341707663441525], [1868.0997543597964, 14.999999999996547, 6.378224381065934], [1867.0934940226653, 14.999999999996517, 6.326132799530342], [1866.0870414972162, 14.999999999996488, 6.2778967863458774], [1865.0804115563192, 14.99999999999646, 6.233517049528359], [1864.0736189754477, 14.99999999999643, 6.192994240490577], [1863.0666785324624, 14.9999999999964, 6.1563289540328014], [1862.0596050073948, 14.99999999999637, 6.123521728333856], [1861.0524131822292, 14.999999999996339, 6.094573044943388], [1860.0451178406868, 14.999999999996309, 6.069483328774822], [1859.0377337680081, 14.999999999996279, 6.048252948098934], [1858.0302757507359, 14.999999999996247, 6.030882214538565], [1857.0227585764985, 14.999999999996216, 6.017371383064187], [1856.0151970337924, 14.999999999996184, 6.007720651989871], [1855.0076059117657, 14.999999999996152, 6.001930162970552], [1854.0, 14.99999999999612, 6.000000000999989]]]
- PerEdgeTangs: [[[-0.8910065171068031, -5.554458762970575e-16, -0.4539905136378997], [-0.8927393070464563, -8.200805003009383e-16, -0.45057355631929047], [-0.8944589932172471, -1.0847030870334184e-15, -0.44714998541069934], [-0.8961655503773496, -1.349309752322291e-15, -0.44371985116384205], [-0.8978589534776474, -1.6138966122290183e-15, -0.440283203926772], [-0.8995391776621026, -1.878459783105843e-15, -0.43684009414314107], [-0.9012061982681173, -2.1429953816525677e-15, -0.43339057235146056], [-0.9028599908269005, -2.407499524973913e-15, -0.42993468918435607], [-0.9045005310638228, -2.671968330636146e-15, -0.42647249536782844], [-0.9061277948987745, -2.9363979167242438e-15, -0.4230040417205069], [-0.9077417584465197, -3.20078440189889e-15, -0.419529379152903], [-0.909342398017046, -3.465123905453426e-15, -0.41604855866666374], [-0.9109296901159128, -3.729412547370852e-15, -0.41256163135382207], [-0.9125036114445948, -3.9936464483805194e-15, -0.40906864839605084], [-0.9140641389008256, -4.257821730015406e-15, -0.40556966106390674], [-0.9156112495789366, -4.521934514669013e-15, -0.40206472071607824], [-0.9171449207701924, -4.785980925652023e-15, -0.3985538787986356], [-0.9186651299631243, -5.049957087249431e-15, -0.3950371868442718], [-0.920171854843861, -5.31385912477736e-15, -0.39151469647154796], [-0.9216650732964561, -5.5776831646398635e-15, -0.38798645938413634], [-0.9231447634032134, -5.841425334386026e-15, -0.3844525273700579], [-0.9246109034450065, -6.105081762766417e-15, -0.3809129523009278], [-0.9260634719016003, -6.368648579790336e-15, -0.3773677861311879], [-0.9275024474519651, -6.6321219167822985e-15, -0.3738170808973486], [-0.9289278089745896, -6.895497906438954e-15, -0.3702608887172237], [-0.9303395355477924, -7.158772682885864e-15, -0.3666992617891644], [-0.9317376064500266, -7.421942381734142e-15, -0.36313225239129515], [-0.9331220011601866, -7.685003140137281e-15, -0.35955991288074457], [-0.9344926993579078, -7.947951096847868e-15, -0.3559822956928772], [-0.9358496809238648, -8.210782392274133e-15, -0.3523994533405246], [-0.9371929259400675, -8.47349316853676e-15, -0.3488114384132135], [-0.9385224146901529, -8.736079569525356e-15, -0.34521830357639555], [-0.9398381276596751, -8.998537740955228e-15, -0.3416201015706717], [-0.9411400455363903, -9.260863830423713e-15, -0.3380168852110215], [-0.9424281492105419, -9.523053987466915e-15, -0.33440870738602574], [-0.9437024197751407, -9.78510436361634e-15, -0.33079562105708754], [-0.944962838526241, -1.0047011112454972e-14, -0.3271776792576616], [-0.9462093869632174, -1.0308770389674162e-14, -0.3235549350924694], [-0.9474420467890344, -1.0570378353129757e-14, -0.31992744173672405], [-0.9486607999105163, -1.083183116289871e-14, -0.3162952524353464], [-0.949865628438611, -1.1093124981335206e-14, -0.3126584205021872], [-0.9510565146886555, -1.1354255973127312e-14, -0.30901699931923987], [-0.9522334411806326, -1.1615220305352924e-14, -0.30537104233586204], [-0.9533963906394288, -1.1876014147536295e-14, -0.301720603067987], [-0.9545453459950882, -1.2136633671704154e-14, -0.29806573509733963], [-0.9556802903830619, -1.2397075052441838e-14, -0.2944064920706512], [-0.9568012071444568, -1.265733446694956e-14, -0.2907429276988697], [-0.9579080798262789, -1.2917408095098356e-14, -0.2870750957563742], [-0.9590008921816761, -1.3177292119486463e-14, -0.28340305008018035], [-0.9600796281701757, -1.3436982725494992e-14, -0.27972684456915686], [-0.9611442719579195, -1.3696476101344053e-14, -0.27604653318323097], [-0.9621948079178982, -1.39557684381489e-14, -0.2723621699425944], [-0.9632312206301785, -1.4214855929975506e-14, -0.2686738089269148], [-0.9642534948821302, -1.4473734773896672e-14, -0.2649815042745389], [-0.9652616156686502, -1.473240117004772e-14, -0.26128531018169915], [-0.9662555681923826, -1.4990851321682434e-14, -0.2575852809017161], [-0.9672353378639336, -1.524908143522843e-14, -0.25388147074420764], [-0.9682009103020901, -1.5507087720343355e-14, -0.25017393407428334], [-0.9691522713340267, -1.5764866389970105e-14, -0.24646272531175367], [-0.9700894069955153, -1.6022413660392457e-14, -0.2427478989303298], [-0.9710123035311304, -1.6279725751290966e-14, -0.23902950945681914], [-0.9719209473944507, -1.6536798885797875e-14, -0.23530761147033313], [-0.9728153252482574, -1.6793629290553066e-14, -0.23158225960147888], [-0.9736954239647317, -1.7050213195759333e-14, -0.22785350853155936], [-0.9745612306256441, -1.7306546835237316e-14, -0.2241214129917751], [-0.9754127325225485, -1.756262644648139e-14, -0.22038602776241398], [-0.9762499171569644, -1.7818448270714475e-14, -0.21664740767205165], [-0.9770727722405633, -1.8074008552943267e-14, -0.2129056075967468], [-0.9778812856953489, -1.8329303542013572e-14, -0.2091606824592319], [-0.9786754456538319, -1.8584329490665155e-14, -0.20541268722811062], [-0.9794552404592067, -1.8839082655586623e-14, -0.20166167691705245], [-0.9802206586655223, -1.9093559297470893e-14, -0.19790770658397733], [-0.9809716890378485, -1.9347755681069362e-14, -0.1941508313302591], [-0.9817083205524428, -1.9601668075247352e-14, -0.1903911062999058], [-0.9824305423969115, -1.9855292753038566e-14, -0.1866285866787565], [-0.983138343970368, -2.0108625991699842e-14, -0.18286332769366964], [-0.9838317148835883, -2.036166407276572e-14, -0.17909538461171393], [-0.984510644959165, -2.0614403282103267e-14, -0.1753248127393532], [-0.9851751242316543, -2.086683990996633e-14, -0.17155166742163863], [-0.9858251429477247, -2.1118970251050125e-14, -0.16777600404139464], [-0.9864606915662987, -2.1370790604545638e-14, -0.16399787801840515], [-0.9870817607586929, -2.162229727419386e-14, -0.16021734480860206], [-0.9876883414087553, -2.1873486568339998e-14, -0.15643445990325153], [-0.9882804246129991, -2.212435479998786e-14, -0.15264927882813661], [-0.9888580016807335, -2.23748982868539e-14, -0.14886185714274316], [-0.9894210641341908, -2.2625113351421134e-14, -0.1450722504394466], [-0.989969603708651, -2.287499632099319e-14, -0.1412805143426948], [-0.9905036123525637, -2.312454352774832e-14, -0.13748670450818967], [-0.9910230822276652, -2.3373751308793125e-14, -0.13369087662207266], [-0.9915280057090946, -2.362261600621629e-14, -0.129893086400107], [-0.9920183753855051, -2.3871133967142502e-14, -0.12609338958685723], [-0.9924941840591729, -2.411930154378569e-14, -0.12229184195487612], [-0.9929554247461031, -2.4367115093502938e-14, -0.11848849930388079], [-0.9934020906761318, -2.4614570978847704e-14, -0.11468341745993701], [-0.993834175293026, -2.4861665567623395e-14, -0.11087665227463764], [-0.9942516722545789, -2.5108395232936415e-14, -0.10706825962428622], [-0.9946545754327042, -2.5354756353249786e-14, -0.10325829540907126], [-0.9950428789135253, -2.5600745312435958e-14, -0.09944681555225122], [-0.9954165769974621, -2.584635849982997e-14, -0.09563387599933176], [-0.9957756641993153, -2.609159231028274e-14, -0.09181953271724087], [-0.9961201352483458, -2.6336443144213402e-14, -0.0880038416935158], [-0.996449985088353, -2.658090740766279e-14, -0.08418685893547118], [-0.996765208877749, -2.682498151234569e-14, -0.08036864046938517], [-0.9970658019896291, -2.7068661875703772e-14, -0.07654924233967268], [-0.9973517600118396, -2.7311944920958033e-14, -0.07272872060806453], [-0.9976230787470439, -2.7554827077161526e-14, -0.06890713135278245], [-0.9978797542127822, -2.7797304779251483e-14, -0.0650845306677184], [-0.9981217826415318, -2.8039374468101755e-14, -0.06126097466161139], [-0.9983491604807609, -2.8281032590575195e-14, -0.05743651945722113], [-0.9985618843929818, -2.852227559957559e-14, -0.05361122119050671], [-0.9987599512557989, -2.876309995409987e-14, -0.04978513600980151], [-0.9989433581619556, -2.900350211929011e-14, -0.04595832007498838], [-0.9991121024193762, -2.924347856648516e-14, -0.04213082955667917], [-0.999266181551206, -2.9483025773272776e-14, -0.03830272063538512], [-0.9994055932958468, -2.9722140223541204e-14, -0.03447404950069394], [-0.9995303356069913, -2.996081840753063e-14, -0.03064487235044749], [-0.9996404066536521, -3.019905682188493e-14, -0.026815245389913558], [-0.9997358048201884, -3.043685196970292e-14, -0.02298522483096306], [-0.9998165287063316, -3.067420036058977e-14, -0.019154866891244474], [-0.9998825771272031, -3.091109851070826e-14, -0.015324227793357107], [-0.9999339491133341, -3.114754294282982e-14, -0.011493363764028866], [-0.9999706439106782, -3.138353018638567e-14, -0.007662331033287566], [-0.9999926609806233, -3.1619056777517604e-14, -0.0038311858336394582], [-0.9999999999999998, -3.18541192591292e-14, 1.560076177482579e-08]]]
- Placement: Placement [Pos=(0,0,0), Yaw-Pitch-Roll=(0,0,0)]
- PointEnd: Vector (0.0, 0.0, 0.0)
- PointStart: Vector (0.0, 0.0, 0.0)
- Process: None
- Proxy: <Functions.FPweldline.Path3D object at 0x00000152F2DA9E10>
- Pts: [[1973.399501430298, 14.999999999998167, 34.665284139026795], [1972.5008417139054, 14.999999999998167, 34.20956041451433], [1971.6004426234606, 14.999999999998165, 33.75728298098872], [1970.698317375164, 14.999999999998163, 33.30845847704978], [1969.7944792105527, 14.999999999998161, 32.86309349061449], [1968.8889413963063, 14.99999999999816, 32.42119455882076], [1967.9817172240525, 14.999999999998158, 31.982768167931027], [1967.072820010171, 14.999999999998156, 31.547820753237204], [1966.162263095599, 14.999999999998154, 31.116358698966337], [1965.2500598456352, 14.99999999999815, 30.688388338186712], [1964.3362236497433, 14.999999999998147, 30.263915952715053], [1963.4207679213555, 14.999999999998144, 29.842947773024264], [1962.5037060976756, 14.99999999999814, 29.425489978151944], [1961.5850516394828, 14.999999999998137, 29.011548695609548], [1960.6648180309326, 14.999999999998133, 28.60113000129286], [1959.743018779359, 14.999999999998128, 28.194239919392373], [1958.819667415078, 14.999999999998124, 27.79088442230517], [1957.8947774911865, 14.999999999998119, 27.391069430547077], [1956.9683625833654, 14.999999999998114, 26.99480081266583], [1956.0404362896797, 14.999999999998108, 26.602084385154882], [1955.111012230378, 14.999999999998103, 26.212925912368206], [1954.1801040476942, 14.999999999998096, 25.827331106435395], [1953.2477254056455, 14.99999999999809, 25.445305627178072], [1952.3138899898333, 14.999999999998083, 25.066855082026734], [1951.3786115072419, 14.999999999998076, 24.691985025938266], [1950.4419036860365, 14.999999999998069, 24.3207009613148], [1949.5037802753632, 14.999999999998062, 23.953008337922626], [1948.5642550451457, 14.999999999998055, 23.58891255281219], [1947.6233417858841, 14.999999999998046, 23.22841895023913], [1946.6810543084523, 14.999999999998039, 22.871532821585504], [1945.7374064438948, 14.99999999999803, 22.51825940528252], [1944.7924120432244, 14.999999999998021, 22.16860388673325], [1943.8460849772184, 14.999999999998012, 21.822571398236732], [1942.8984391362155, 14.999999999998003, 21.480167018912596], [1941.9494884299115, 14.999999999997994, 21.141395774626574], [1940.9992467871546, 14.999999999997984, 20.806262637916603], [1940.0477281557423, 14.999999999997973, 20.474772527919868], [1939.0949465022156, 14.999999999997964, 20.146930310300718], [1938.1409158116546, 14.999999999997954, 19.82274079717908], [1937.1856500874726, 14.999999999997943, 19.502208747059967], [1936.2291633512114, 14.99999999999793, 19.185338864763594], [1935.2714696423343, 14.99999999999792, 18.872135801356194], [1934.3125830180215, 14.99999999999791, 18.562604154081868], [1933.3525175529626, 14.999999999997897, 18.256748466295278], [1932.3912873391503, 14.999999999997884, 17.95457322739449], [1931.428906485674, 14.999999999997872, 17.656082872755462], [1930.465389118512, 14.99999999999786, 17.36128178366704], [1929.500749380325, 14.999999999997847, 17.070174287266127], [1928.5350014302476, 14.999999999997833, 16.782764656474683], [1927.568159443681, 14.99999999999782, 16.499057109936757], [1926.6002376120853, 14.999999999997806, 16.21905581195665], [1925.6312501427699, 14.999999999997792, 15.942764872437664], [1924.6612112586865, 14.999999999997778, 15.670188346822073], [1923.6901351982194, 14.999999999997764, 15.401330236031185], [1922.7180362149768, 14.99999999999775, 15.136194486406879], [1921.744928577581, 14.999999999997733, 14.874784989653676], [1920.7708265694607, 14.99999999999772, 14.61710558278159], [1919.7957444886388, 14.999999999997703, 14.363160048049707], [1918.8196966475243, 14.999999999997687, 14.11295211291079], [1917.8426973727026, 14.999999999997671, 13.866485449956542], [1916.8647610047228, 14.999999999997655, 13.623763676863632], [1915.8859018978906, 14.99999999999764, 13.384790356340687], [1914.9061344200545, 14.999999999997621, 13.149568996075857], [1913.9254729523964, 14.999999999997605, 12.918103048685566], [1912.943931889221, 14.999999999997588, 12.6903959116637], [1911.961525637743, 14.99999999999757, 12.466450927331493], [1910.9782686178771, 14.999999999997552, 12.246271382789075], [1909.9941752620257, 14.999999999997534, 12.02986050986641], [1909.0092600148664, 14.999999999997517, 11.8172214850768], [1908.0235373331411, 14.999999999997497, 11.60835742956931], [1907.037021685444, 14.99999999999748, 11.403271409083686], [1906.049727552007, 14.99999999999746, 11.201966433905056], [1905.0616694244904, 14.99999999999744, 11.004445458819589], [1904.0728618057676, 14.99999999999742, 10.810711383071578], [1903.0833192097132, 14.999999999997401, 10.620767050320296], [1902.09305616099, 14.99999999999738, 10.434615248598845], [1901.1020871948363, 14.99999999999736, 10.252258710272713], [1900.1104268568508, 14.999999999997339, 10.07370011200021], [1899.1180897027814, 14.999999999997318, 9.898942074692513], [1898.1250902983097, 14.999999999997298, 9.727987163475916], [1897.131443218838, 14.999999999997275, 9.560837887653577], [1896.1371630492756, 14.999999999997254, 9.397496700669024], [1895.1422643838243, 14.999999999997232, 9.237966000070116], [1894.1467618257643, 14.99999999999721, 9.08224812747369], [1893.1506699872393, 14.999999999997188, 8.930345368531334], [1892.1540034890431, 14.999999999997165, 8.7822599528958], [1891.1567769604046, 14.999999999997142, 8.637994054188198], [1890.1590050387724, 14.999999999997119, 8.497549789966286], [1889.1607023696008, 14.999999999997096, 8.360929221693198], [1888.1618836061346, 14.999999999997073, 8.228134354707265], [1887.1625634091931, 14.999999999997048, 8.09916713819257], [1886.162756446957, 14.999999999997025, 7.974029465150238], [1885.1624773947508, 14.999999999997, 7.852723172371043], [1884.161740934829, 14.999999999996975, 7.735250040407777], [1883.1605617561593, 14.99999999999695, 7.621611793549732], [1882.1589545542088, 14.999999999996925, 7.511810099797003], [1881.156934030726, 14.999999999996898, 7.4058465708363315], [1880.154514893527, 14.999999999996874, 7.303722762017173], [1879.1517118562788, 14.999999999996847, 7.205440172328906], [1878.1485396382825, 14.999999999996822, 7.111000244378943], [1877.1450129642594, 14.999999999996795, 7.0204043643715295], [1876.1411465641324, 14.999999999996769, 6.933653862087283], [1875.1369551728117, 14.999999999996742, 6.850750010863862], [1874.1324535299773, 14.999999999996714, 6.771694027577098], [1873.1276563798635, 14.999999999996687, 6.696487072623199], [1872.1225784710418, 14.999999999996659, 6.625130249901815], [1871.1172345562047, 14.999999999996632, 6.557624606799607], [1870.1116393919497, 14.999999999996604, 6.493971134175126], [1869.1058077385615, 14.999999999996575, 6.4341707663441525], [1868.0997543597964, 14.999999999996547, 6.378224381065934], [1867.0934940226653, 14.999999999996517, 6.326132799530342], [1866.0870414972162, 14.999999999996488, 6.2778967863458774], [1865.0804115563192, 14.99999999999646, 6.233517049528359], [1864.0736189754477, 14.99999999999643, 6.192994240490577], [1863.0666785324624, 14.9999999999964, 6.1563289540328014], [1862.0596050073948, 14.99999999999637, 6.123521728333856], [1861.0524131822292, 14.999999999996339, 6.094573044943388], [1860.0451178406868, 14.999999999996309, 6.069483328774822], [1859.0377337680081, 14.999999999996279, 6.048252948098934], [1858.0302757507359, 14.999999999996247, 6.030882214538565], [1857.0227585764985, 14.999999999996216, 6.017371383064187], [1856.0151970337924, 14.999999999996184, 6.007720651989871], [1855.0076059117657, 14.999999999996152, 6.001930162970552], [1854.0, 14.99999999999612, 6.000000000999989]]
- Radius: 2.0
- SeamSize: 2.0 mm
- Shape: <Compound object at 00000152F6AA2570>
- ShapeMaterial: <Material at 00000152F7164860>
- Sliderpos: 0
- TrimByLength: False
- TrimByMultipleLength: False
- TrimByPoint: False
- TrimLength: 0.0 mm
- TrimLengthV1: 0.0 mm
- TrimLengthV2: 0.0 mm
- TrimmedMLengths: {}
- Vectorlength: 10.0
- Visibility: True
- WeldVecs: [[[[-0.3210197720264164, 0.7071067784578845, 0.6300367527589323], [-0.3186036183260984, 0.7071067784578844, 0.6312620202803509], [-0.3161827881114383, 0.7071067784578845, 0.6324780220379123], [-0.3137573169157651, 0.7071067784578846, 0.63368474018295], [-0.3113272403405105, 0.7071067784578846, 0.6348821570030729], [-0.30889259867858326, 0.707106767873527, 0.6360702644433599], [-0.30645341838191287, 0.707106767873527, 0.6372490260404438], [-0.30400973991347685, 0.7071067678735271, 0.6384184339954432], [-0.30156159914195607, 0.7071067678735272, 0.639578471143612], [-0.29910903617687173, 0.7071067580023085, 0.6407291294024392], [-0.29665207863244614, 0.7071067580023086, 0.641870374009047], [-0.29419076678183403, 0.7071067580023086, 0.6430021971407106], [-0.2917251367525604, 0.7071067580023086, 0.6441245821843509], [-0.2892552284812667, 0.7071067488458518, 0.6452375210206701], [-0.28678107069828174, 0.7071067488458519, 0.6463409806176588], [-0.2843027034973271, 0.7071067488458519, 0.6474349531194314], [-0.28182016325628767, 0.7071067488458519, 0.6485194224684784], [-0.27933348974804595, 0.7071067404065547, 0.649594380499705], [-0.2768427127752019, 0.7071067404065549, 0.650659795941692], [-0.2743478722611978, 0.707106740406555, 0.6517156608962], [-0.27184900482567853, 0.707106740406555, 0.6527619598650839], [-0.2693461500881285, 0.7071067326867813, 0.6537986846283254], [-0.26683933887715305, 0.7071067326867814, 0.6548258057045622], [-0.26432861095612303, 0.7071067326867815, 0.6558433151439693], [-0.2618140031779003, 0.7071067326867816, 0.656851198011382], [-0.25929555501878593, 0.7071067256875772, 0.6578494460246154], [-0.25677329828705187, 0.7071067256875773, 0.6588380315177489], [-0.25424727259618124, 0.7071067256875773, 0.6598169464819743], [-0.25171751502359807, 0.7071067256875773, 0.6607861765486155], [-0.24918406491356196, 0.707106719410409, 0.6617457133656424], [-0.24664695500582887, 0.7071067194104091, 0.662695531108368], [-0.24410622477504798, 0.7071067194104093, 0.6636356217011886], [-0.24156191151444048, 0.7071067194104093, 0.6645659713453126], [-0.23901405444645454, 0.7071067138581838, 0.6654865716103878], [-0.23646268719576055, 0.7071067138581839, 0.6663973985399707], [-0.23390784910831378, 0.7071067138581841, 0.6672984439830525], [-0.23134957768443207, 0.7071067138581844, 0.6681896947139455], [-0.22878791203650736, 0.7071067090311843, 0.6690711422181227], [-0.22622288662422835, 0.7071067090311846, 0.6699427644287903], [-0.2236545406766102, 0.7071067090311848, 0.6708045531135151], [-0.22108291189224127, 0.707106709031185, 0.6716564956228263], [-0.21850803928496026, 0.7071067049306554, 0.6724985833516332], [-0.21592995810009444, 0.7071067049306556, 0.6733307961448094], [-0.21334870746112367, 0.7071067049306559, 0.6741531256819769], [-0.2107643252560534, 0.7071067049306561, 0.6749655598928527], [-0.20817685041160275, 0.7071067015581236, 0.6757680900755051], [-0.20558631890929993, 0.7071067015581238, 0.6765606980078834], [-0.2029927697784655, 0.707106701558124, 0.6773433752752424], [-0.20039624108762416, 0.7071067015581243, 0.678116110389321], [-0.19779677168910303, 0.707106698912658, 0.6788788945476303], [-0.19519439824844448, 0.7071066989126581, 0.6796317114770847], [-0.19258915971351068, 0.7071066989126582, 0.6803745526646976], [-0.18998109432442503, 0.7071066989126584, 0.6811074072069231], [-0.18737024087038118, 0.7071066969971136, 0.6818302661938729], [-0.18475663665157332, 0.7071066969971137, 0.6825431153231498], [-0.18214032054560717, 0.7071066969971138, 0.6832459459765389], [-0.17952133095520453, 0.707106696997114, 0.6839387478377753], [-0.17689970661905244, 0.7071066958102838, 0.6846215118869374], [-0.17427548541984134, 0.7071066958102841, 0.685294225805195], [-0.17164870617744893, 0.7071066958102842, 0.6859568808663344], [-0.1690194074481766, 0.7071066958102843, 0.686609467343795], [-0.16638762793272638, 0.7071066953533218, 0.6872519761029613], [-0.16375340604421557, 0.707106695353322, 0.6878843968250937], [-0.16111678055728998, 0.7071066953533223, 0.688506720671163], [-0.1584777901727359, 0.7071066953533224, 0.6891189385066057], [-0.1558364735659303, 0.7071066956259505, 0.689721041079279], [-0.1531928696278979, 0.7071066956259507, 0.690313020083005], [-0.15054701710067592, 0.707106695625951, 0.6908948665629513], [-0.14789895482052662, 0.7071066956259511, 0.6914665719786788], [-0.14524872145004258, 0.7071066966288108, 0.6920281269571482], [-0.14259635630563672, 0.707106696628811, 0.6925795252178965], [-0.13994189810934113, 0.7071066966288112, 0.6931207576867437], [-0.13728538582371344, 0.7071066966288114, 0.6936518164193943], [-0.134626858111626, 0.7071066983603264, 0.6941726919210742], [-0.1319663546615502, 0.7071066983603266, 0.6946833799446339], [-0.1293039141884113, 0.7071066983603267, 0.6951838712955836], [-0.12663957577195215, 0.7071066983603268, 0.6956741586276282], [-0.12397337808829774, 0.7071067008214168, 0.6961542323212776], [-0.1213053611445317, 0.707106700821417, 0.6966240901742102], [-0.11863556366147314, 0.7071067008214172, 0.6970837228684773], [-0.11596402482685231, 0.7071067008214174, 0.6975331236575141], [-0.11329078334294897, 0.7071067040105382, 0.6979722827970278], [-0.11061587948196053, 0.7071067040105383, 0.6984012001348404], [-0.10793935198360365, 0.7071067040105384, 0.6988198662292827], [-0.10526124013437269, 0.7071067040105387, 0.699228274935108], [-0.10258158267561894, 0.7071067079271018, 0.6996264163825302], [-0.09990042009137705, 0.7071067079271021, 0.7000142924755628], [-0.0972177911529353, 0.7071067079271022, 0.7003918936480065], [-0.0945337352363662, 0.7071067079271023, 0.7007592143573687], [-0.09184829113541387, 0.7071067125713618, 0.7011162446071448], [-0.08916149949161715, 0.707106712571362, 0.701462988364267], [-0.08647339912121735, 0.7071067125713623, 0.7017994359366101], [-0.08378402948055684, 0.7071067125713624, 0.7021255823857456], [-0.08109342942903991, 0.7071067179405001, 0.7024414175907137], [-0.07840163971136878, 0.7071067179405002, 0.7027469475806939], [-0.07570869920201961, 0.7071067179405003, 0.7030421625397383], [-0.07301464742839947, 0.7071067179405004, 0.7033270581346349], [-0.07031952332804292, 0.707106724034258, 0.70360162412011], [-0.0676233676960019, 0.7071067240342581, 0.7038658685907356], [-0.06492621947746559, 0.7071067240342582, 0.7041197816067257], [-0.06222811826160248, 0.7071067240342583, 0.7043633594411047], [-0.0595291030778249, 0.7071067308510225, 0.704596591726024], [-0.0568292147162337, 0.7071067308510227, 0.7048194886209631], [-0.054128492206433294, 0.7071067308510229, 0.705032040063881], [-0.05142697519005618, 0.7071067308510232, 0.7052342429349139], [-0.048724702800819926, 0.7071067383892502, 0.7054260867457967], [-0.046021715771088476, 0.7071067383892503, 0.7056075837191673], [-0.04331805322732808, 0.7071067383892504, 0.7057787236727322], [-0.0406137548542846, 0.7071067383892505, 0.7059395040944744], [-0.03790885990300083, 0.7071067466473824, 0.7060899143781969], [-0.03520340899419863, 0.7071067466473826, 0.7062299688068624], [-0.03249744136418681, 0.7071067466473828, 0.7063596570802554], [-0.029790996731566075, 0.7071067466473829, 0.7064789772947914], [-0.02708411447862216, 0.7071067556228771, 0.7065879187301449], [-0.024376835058475436, 0.7071067556228772, 0.7066864977237223], [-0.021669197831285066, 0.7071067556228773, 0.7067747038610233], [-0.01896124254019935, 0.7071067556228775, 0.7068525358473436], [-0.016253008710079415, 0.7071067653137145, 0.7069199828519813], [-0.013544536575755805, 0.7071067653137147, 0.7069770632605583], [-0.010835865632580346, 0.707106765313715, 0.707023766547892], [-0.0081270356388539, 0.7071067653137152, 0.7070600920284641], [-0.005418086275411485, 0.7071067757182344, 0.70708602876487], [-0.0027090574935163193, 0.7071067784303545, 0.707101594472352], [1.1031398298305684e-08, 0.7071067784303546, 0.7071067839427404]]]]
- Weldlines: <Compound object at 00000152F6AA2BA0>
- _ElementMapVersion: 15.70200.5
- showweldvecs: True

----------------------------------------
WELD 14 of 18
Name: InternalWeldFeature011
Label: Weld12

DETAILED PROPERTIES:
- Type: Part::FeaturePython
- Angle: 0.0
- CorrectedNormals: {}
- Edgeidxs: [0]
- ExpressionEngine: []
- FinalWeldVecs: [[[0.0, 0.7071067811865507, 0.7071067811865444], [0.0, 0.7071067811865507, 0.7071067811865444], [0.0, 0.7071067811865507, 0.7071067811865444], [0.0, 0.7071067811865507, 0.7071067811865444], [0.0, 0.7071067811865507, 0.7071067811865444], [0.0, 0.707106781186566, 0.707106781186529], [0.0, 0.707106781186566, 0.707106781186529], [0.0, 0.707106781186566, 0.707106781186529], [0.0, 0.707106781186566, 0.707106781186529], [-1.2627432790163513e-13, 0.7071067811865799, 0.7071067811865153], [-1.2627432790163513e-13, 0.7071067811865799, 0.7071067811865153], [-1.2627432790163513e-13, 0.7071067811865799, 0.7071067811865153], [-1.2627432790163513e-13, 0.7071067811865799, 0.7071067811865153], [-1.262743279016343e-13, 0.7071067811865949, 0.7071067811865002], [-1.262743279016343e-13, 0.7071067811865949, 0.7071067811865002], [-1.262743279016343e-13, 0.7071067811865949, 0.7071067811865002], [-1.262743279016343e-13, 0.7071067811865949, 0.7071067811865002], [2.525486558032669e-13, 0.70710678118661, 0.7071067811864852], [2.525486558032669e-13, 0.70710678118661, 0.7071067811864852], [2.525486558032669e-13, 0.70710678118661, 0.7071067811864852], [2.525486558032669e-13, 0.70710678118661, 0.7071067811864852], [0.0, 0.7071067811866233, 0.7071067811864719], [0.0, 0.7071067811866233, 0.7071067811864719], [0.0, 0.7071067811866233, 0.7071067811864719], [0.0, 0.7071067811866233, 0.7071067811864719], [0.0, 0.7071067811866376, 0.7071067811864575], [0.0, 0.7071067811866376, 0.7071067811864575], [0.0, 0.7071067811866376, 0.7071067811864575], [0.0, 0.7071067811866376, 0.7071067811864575], [0.0, 0.7071067811866516, 0.7071067811864434], [0.0, 0.7071067811866516, 0.7071067811864434], [0.0, 0.7071067811866516, 0.7071067811864434], [0.0, 0.7071067811866516, 0.7071067811864434], [1.26274327901631e-13, 0.7071067811866671, 0.7071067811864279], [1.26274327901631e-13, 0.7071067811866671, 0.7071067811864279], [1.26274327901631e-13, 0.7071067811866671, 0.7071067811864279], [1.26274327901631e-13, 0.7071067811866671, 0.7071067811864279], [0.0, 0.7071067811866809, 0.7071067811864141], [0.0, 0.7071067811866809, 0.7071067811864141], [0.0, 0.7071067811866809, 0.7071067811864141], [0.0, 0.7071067811866809, 0.7071067811864141], [0.0, 0.7071067811866948, 0.7071067811864004], [0.0, 0.7071067811866948, 0.7071067811864004], [0.0, 0.7071067811866948, 0.7071067811864004], [0.0, 0.7071067811866948, 0.7071067811864004], [0.0, 0.7071067811867103, 0.7071067811863848], [0.0, 0.7071067811867103, 0.7071067811863848], [0.0, 0.7071067811867103, 0.7071067811863848], [0.0, 0.7071067811867103, 0.7071067811863848], [0.0, 0.7071067811867243, 0.7071067811863707], [0.0, 0.7071067811867243, 0.7071067811863707], [0.0, 0.7071067811867243, 0.7071067811863707], [0.0, 0.7071067811867243, 0.7071067811863707], [0.0, 0.7071067811867394, 0.7071067811863557], [0.0, 0.7071067811867394, 0.7071067811863557], [0.0, 0.7071067811867394, 0.7071067811863557], [0.0, 0.7071067811867394, 0.7071067811863557], [0.0, 0.7071067811867542, 0.7071067811863408], [0.0, 0.7071067811867542, 0.7071067811863408], [0.0, 0.7071067811867542, 0.7071067811863408], [0.0, 0.7071067811867542, 0.7071067811863408], [1.2627432790162597e-13, 0.7071067811867683, 0.7071067811863269], [1.2627432790162597e-13, 0.7071067811867683, 0.7071067811863269], [1.2627432790162597e-13, 0.7071067811867683, 0.7071067811863269], [1.2627432790162597e-13, 0.7071067811867683, 0.7071067811863269], [0.0, 0.707106781186783, 0.707106781186312], [0.0, 0.707106781186783, 0.707106781186312], [0.0, 0.707106781186783, 0.707106781186312], [0.0, 0.707106781186783, 0.707106781186312], [-1.2627432790162446e-13, 0.7071067811867974, 0.7071067811862977], [-1.2627432790162446e-13, 0.7071067811867974, 0.7071067811862977], [-1.2627432790162446e-13, 0.7071067811867974, 0.7071067811862977], [-1.2627432790162446e-13, 0.7071067811867974, 0.7071067811862977], [0.0, 0.7071067811868114, 0.7071067811862837], [0.0, 0.7071067811868114, 0.7071067811862837], [0.0, 0.7071067811868114, 0.7071067811862837], [0.0, 0.7071067811868114, 0.7071067811862837], [0.0, 0.7071067811868255, 0.7071067811862696], [0.0, 0.7071067811868255, 0.7071067811862696], [0.0, 0.7071067811868255, 0.7071067811862696], [0.0, 0.7071067811868255, 0.7071067811862696], [0.0, 0.7071067811868406, 0.7071067811862546], [0.0, 0.7071067811868406, 0.7071067811862546], [0.0, 0.7071067811868406, 0.7071067811862546], [0.0, 0.7071067811868406, 0.7071067811862546], [-1.2627432790162175e-13, 0.7071067811868551, 0.7071067811862399], [-1.2627432790162175e-13, 0.7071067811868551, 0.7071067811862399], [-1.2627432790162175e-13, 0.7071067811868551, 0.7071067811862399], [-1.2627432790162175e-13, 0.7071067811868551, 0.7071067811862399], [-1.26274327901621e-13, 0.7071067811868686, 0.7071067811862264], [-1.26274327901621e-13, 0.7071067811868686, 0.7071067811862264], [-1.26274327901621e-13, 0.7071067811868686, 0.7071067811862264], [-1.26274327901621e-13, 0.7071067811868686, 0.7071067811862264], [1.2627432790162024e-13, 0.7071067811868842, 0.7071067811862108], [1.2627432790162024e-13, 0.7071067811868842, 0.7071067811862108], [1.2627432790162024e-13, 0.7071067811868842, 0.7071067811862108], [1.2627432790162024e-13, 0.7071067811868842, 0.7071067811862108], [0.0, 0.7071067811868983, 0.7071067811861969], [0.0, 0.7071067811868983, 0.7071067811861969], [0.0, 0.7071067811869054, 0.7071067811861896], [0.0, 0.7071067811869054, 0.7071067811861896]]]
- HeatSource: None
- IntermittentBeadLength: 0.0 mm
- IntermittentBeadPitch: 0.0 mm
- IntermittentBeadQty: 0.0
- IntermittentLen: False
- IntermittentLenRound: False
- IntermittentPitch: False
- IntermittentQty: False
- IntermittentQtyRound: False
- IntermittentRBeadLength: 0.0 mm
- IntermittentRBeadPitch: 0.0 mm
- IntermittentResult: 0.0
- IntermittentResultLen: 0.0
- IntermittentTrimEachBead: False
- IntermittentTrimEachBeadLen: False
- IntermittentWeldedSection: 0.0 mm
- Interval: 4
- Label2: 
- Material: None
- MoveV1: False
- MoveV2: False
- PerEdgePts: [[[1754.0, 15.0, 6.00000000075], [1755.0, 14.999999999999979, 6.0000000007524825], [1756.0, 14.99999999999996, 6.000000000754965], [1757.0, 14.999999999999938, 6.000000000757447], [1758.0, 14.999999999999918, 6.000000000759929], [1759.0, 14.999999999999897, 6.0000000007624115], [1760.0, 14.999999999999877, 6.000000000764894], [1761.0, 14.999999999999856, 6.000000000767376], [1762.0, 14.999999999999837, 6.000000000769859], [1763.0, 14.999999999999815, 6.000000000772341], [1764.0, 14.999999999999796, 6.000000000774824], [1765.0, 14.999999999999774, 6.000000000777305], [1766.0, 14.999999999999755, 6.000000000779788], [1767.0, 14.999999999999734, 6.00000000078227], [1768.0, 14.999999999999714, 6.000000000784753], [1769.0, 14.999999999999693, 6.000000000787235], [1770.0, 14.999999999999673, 6.000000000789718], [1771.0, 14.999999999999652, 6.0000000007922], [1772.0, 14.999999999999632, 6.000000000794682], [1773.0, 14.999999999999611, 6.000000000797164], [1774.0, 14.999999999999591, 6.000000000799647], [1775.0, 14.99999999999957, 6.000000000802129], [1776.0, 14.99999999999955, 6.0000000008046115], [1777.0, 14.99999999999953, 6.000000000807094], [1778.0, 14.99999999999951, 6.000000000809576], [1779.0, 14.999999999999488, 6.000000000812058], [1780.0, 14.999999999999467, 6.00000000081454], [1781.0, 14.999999999999448, 6.000000000817023], [1782.0, 14.999999999999426, 6.000000000819505], [1783.0, 14.999999999999407, 6.000000000821988], [1784.0, 14.999999999999385, 6.00000000082447], [1785.0, 14.999999999999366, 6.000000000826953], [1786.0, 14.999999999999345, 6.000000000829435], [1787.0, 14.999999999999325, 6.000000000831917], [1788.0, 14.999999999999304, 6.000000000834399], [1789.0, 14.999999999999284, 6.000000000836882], [1790.0, 14.999999999999263, 6.000000000839364], [1791.0, 14.999999999999243, 6.000000000841847], [1792.0, 14.999999999999222, 6.000000000844329], [1793.0, 14.999999999999202, 6.0000000008468115], [1794.0, 14.999999999999181, 6.000000000849293], [1795.0, 14.999999999999162, 6.0000000008517755], [1796.0, 14.99999999999914, 6.000000000854258], [1797.0, 14.99999999999912, 6.0000000008567405], [1798.0, 14.9999999999991, 6.000000000859223], [1799.0, 14.99999999999908, 6.000000000861705], [1800.0, 14.999999999999059, 6.000000000864188], [1801.0, 14.999999999999039, 6.000000000866669], [1802.0, 14.999999999999018, 6.000000000869152], [1803.0, 14.999999999998998, 6.000000000871634], [1804.0, 14.999999999998977, 6.000000000874117], [1805.0, 14.999999999998956, 6.000000000876599], [1806.0, 14.999999999998936, 6.000000000879082], [1807.0, 14.999999999998915, 6.000000000881564], [1808.0, 14.999999999998895, 6.000000000884046], [1809.0, 14.999999999998874, 6.000000000886528], [1810.0, 14.999999999998854, 6.000000000889011], [1811.0, 14.999999999998833, 6.000000000891493], [1812.0, 14.999999999998813, 6.000000000893976], [1813.0, 14.999999999998792, 6.000000000896458], [1814.0, 14.999999999998773, 6.0000000008989405], [1815.0, 14.999999999998751, 6.000000000901422], [1816.0, 14.999999999998732, 6.0000000009039045], [1817.0, 14.99999999999871, 6.000000000906387], [1818.0, 14.99999999999869, 6.000000000908869], [1819.0, 14.99999999999867, 6.000000000911352], [1820.0, 14.99999999999865, 6.000000000913834], [1821.0, 14.999999999998629, 6.000000000916317], [1822.0, 14.99999999999861, 6.000000000918798], [1823.0, 14.999999999998588, 6.000000000921281], [1824.0, 14.999999999998568, 6.000000000923763], [1825.0, 14.999999999998547, 6.000000000926246], [1826.0, 14.999999999998527, 6.000000000928728], [1827.0, 14.999999999998506, 6.000000000931211], [1828.0, 14.999999999998487, 6.000000000933693], [1829.0, 14.999999999998465, 6.000000000936175], [1830.0, 14.999999999998444, 6.000000000938657], [1831.0, 14.999999999998424, 6.00000000094114], [1832.0, 14.999999999998403, 6.000000000943622], [1833.0, 14.999999999998384, 6.0000000009461045], [1834.0, 14.999999999998362, 6.000000000948587], [1835.0, 14.999999999998343, 6.0000000009510694], [1836.0, 14.999999999998321, 6.000000000953552], [1837.0, 14.999999999998302, 6.0000000009560335], [1838.0, 14.99999999999828, 6.000000000958516], [1839.0, 14.999999999998261, 6.000000000960998], [1840.0, 14.99999999999824, 6.000000000963481], [1841.0, 14.99999999999822, 6.000000000965963], [1842.0, 14.999999999998199, 6.000000000968446], [1843.0, 14.99999999999818, 6.000000000970928], [1844.0, 14.999999999998158, 6.00000000097341], [1845.0, 14.999999999998138, 6.000000000975892], [1846.0, 14.999999999998117, 6.000000000978375], [1847.0, 14.999999999998098, 6.000000000980857], [1848.0, 14.999999999998076, 6.00000000098334], [1849.0, 14.999999999998057, 6.000000000985822], [1850.0, 14.999999999998035, 6.0000000009883045], [1851.0, 14.999999999998016, 6.000000000990786], [1852.0, 14.999999999997994, 6.000000000993269], [1853.0, 14.999999999997975, 6.000000000995751], [1854.0, 14.999999999997954, 6.0000000009982335]]]
- PerEdgeTangs: [[[1.0, -2.046363078989e-14, 2.482334338083e-12], [1.0, -2.046363078989e-14, 2.482334338083e-12], [1.0, -2.046363078989e-14, 2.482334338083e-12], [1.0, -2.046363078989e-14, 2.482334338083e-12], [1.0, -2.046363078989e-14, 2.482334338083e-12], [1.0, -2.046363078989e-14, 2.482334338083e-12], [1.0, -2.046363078989e-14, 2.482334338083e-12], [1.0, -2.046363078989e-14, 2.482334338083e-12], [1.0, -2.046363078989e-14, 2.482334338083e-12], [1.0, -2.046363078989e-14, 2.482334338083e-12], [1.0, -2.046363078989e-14, 2.482334338083e-12], [1.0, -2.046363078989e-14, 2.482334338083e-12], [1.0, -2.046363078989e-14, 2.482334338083e-12], [1.0, -2.046363078989e-14, 2.482334338083e-12], [1.0, -2.046363078989e-14, 2.482334338083e-12], [1.0, -2.046363078989e-14, 2.482334338083e-12], [1.0, -2.046363078989e-14, 2.482334338083e-12], [1.0, -2.046363078989e-14, 2.482334338083e-12], [1.0, -2.046363078989e-14, 2.482334338083e-12], [1.0, -2.046363078989e-14, 2.482334338083e-12], [1.0, -2.046363078989e-14, 2.482334338083e-12], [1.0, -2.046363078989e-14, 2.482334338083e-12], [1.0, -2.046363078989e-14, 2.482334338083e-12], [1.0, -2.046363078989e-14, 2.482334338083e-12], [1.0, -2.046363078989e-14, 2.482334338083e-12], [1.0, -2.046363078989e-14, 2.482334338083e-12], [1.0, -2.046363078989e-14, 2.482334338083e-12], [1.0, -2.046363078989e-14, 2.482334338083e-12], [1.0, -2.046363078989e-14, 2.482334338083e-12], [1.0, -2.046363078989e-14, 2.482334338083e-12], [1.0, -2.046363078989e-14, 2.482334338083e-12], [1.0, -2.046363078989e-14, 2.482334338083e-12], [1.0, -2.046363078989e-14, 2.482334338083e-12], [1.0, -2.046363078989e-14, 2.482334338083e-12], [1.0, -2.046363078989e-14, 2.482334338083e-12], [1.0, -2.046363078989e-14, 2.482334338083e-12], [1.0, -2.046363078989e-14, 2.482334338083e-12], [1.0, -2.046363078989e-14, 2.482334338083e-12], [1.0, -2.046363078989e-14, 2.482334338083e-12], [1.0, -2.046363078989e-14, 2.482334338083e-12], [1.0, -2.046363078989e-14, 2.482334338083e-12], [1.0, -2.046363078989e-14, 2.482334338083e-12], [1.0, -2.046363078989e-14, 2.482334338083e-12], [1.0, -2.046363078989e-14, 2.482334338083e-12], [1.0, -2.046363078989e-14, 2.482334338083e-12], [1.0, -2.046363078989e-14, 2.482334338083e-12], [1.0, -2.046363078989e-14, 2.482334338083e-12], [1.0, -2.046363078989e-14, 2.482334338083e-12], [1.0, -2.046363078989e-14, 2.482334338083e-12], [1.0, -2.046363078989e-14, 2.482334338083e-12], [1.0, -2.046363078989e-14, 2.482334338083e-12], [1.0, -2.046363078989e-14, 2.482334338083e-12], [1.0, -2.046363078989e-14, 2.482334338083e-12], [1.0, -2.046363078989e-14, 2.482334338083e-12], [1.0, -2.046363078989e-14, 2.482334338083e-12], [1.0, -2.046363078989e-14, 2.482334338083e-12], [1.0, -2.046363078989e-14, 2.482334338083e-12], [1.0, -2.046363078989e-14, 2.482334338083e-12], [1.0, -2.046363078989e-14, 2.482334338083e-12], [1.0, -2.046363078989e-14, 2.482334338083e-12], [1.0, -2.046363078989e-14, 2.482334338083e-12], [1.0, -2.046363078989e-14, 2.482334338083e-12], [1.0, -2.046363078989e-14, 2.482334338083e-12], [1.0, -2.046363078989e-14, 2.482334338083e-12], [1.0, -2.046363078989e-14, 2.482334338083e-12], [1.0, -2.046363078989e-14, 2.482334338083e-12], [1.0, -2.046363078989e-14, 2.482334338083e-12], [1.0, -2.046363078989e-14, 2.482334338083e-12], [1.0, -2.046363078989e-14, 2.482334338083e-12], [1.0, -2.046363078989e-14, 2.482334338083e-12], [1.0, -2.046363078989e-14, 2.482334338083e-12], [1.0, -2.046363078989e-14, 2.482334338083e-12], [1.0, -2.046363078989e-14, 2.482334338083e-12], [1.0, -2.046363078989e-14, 2.482334338083e-12], [1.0, -2.046363078989e-14, 2.482334338083e-12], [1.0, -2.046363078989e-14, 2.482334338083e-12], [1.0, -2.046363078989e-14, 2.482334338083e-12], [1.0, -2.046363078989e-14, 2.482334338083e-12], [1.0, -2.046363078989e-14, 2.482334338083e-12], [1.0, -2.046363078989e-14, 2.482334338083e-12], [1.0, -2.046363078989e-14, 2.482334338083e-12], [1.0, -2.046363078989e-14, 2.482334338083e-12], [1.0, -2.046363078989e-14, 2.482334338083e-12], [1.0, -2.046363078989e-14, 2.482334338083e-12], [1.0, -2.046363078989e-14, 2.482334338083e-12], [1.0, -2.046363078989e-14, 2.482334338083e-12], [1.0, -2.046363078989e-14, 2.482334338083e-12], [1.0, -2.046363078989e-14, 2.482334338083e-12], [1.0, -2.046363078989e-14, 2.482334338083e-12], [1.0, -2.046363078989e-14, 2.482334338083e-12], [1.0, -2.046363078989e-14, 2.482334338083e-12], [1.0, -2.046363078989e-14, 2.482334338083e-12], [1.0, -2.046363078989e-14, 2.482334338083e-12], [1.0, -2.046363078989e-14, 2.482334338083e-12], [1.0, -2.046363078989e-14, 2.482334338083e-12], [1.0, -2.046363078989e-14, 2.482334338083e-12], [1.0, -2.046363078989e-14, 2.482334338083e-12], [1.0, -2.046363078989e-14, 2.482334338083e-12], [1.0, -2.046363078989e-14, 2.482334338083e-12], [1.0, -2.046363078989e-14, 2.482334338083e-12], [1.0, -2.046363078989e-14, 2.482334338083e-12]]]
- Placement: Placement [Pos=(0,0,0), Yaw-Pitch-Roll=(0,0,0)]
- PointEnd: Vector (0.0, 0.0, 0.0)
- PointStart: Vector (0.0, 0.0, 0.0)
- Process: None
- Proxy: <Functions.FPweldline.Path3D object at 0x00000152F2DC31D0>
- Pts: [[1754.0, 15.0, 6.00000000075], [1755.0, 14.999999999999979, 6.0000000007524825], [1756.0, 14.99999999999996, 6.000000000754965], [1757.0, 14.999999999999938, 6.000000000757447], [1758.0, 14.999999999999918, 6.000000000759929], [1759.0, 14.999999999999897, 6.0000000007624115], [1760.0, 14.999999999999877, 6.000000000764894], [1761.0, 14.999999999999856, 6.000000000767376], [1762.0, 14.999999999999837, 6.000000000769859], [1763.0, 14.999999999999815, 6.000000000772341], [1764.0, 14.999999999999796, 6.000000000774824], [1765.0, 14.999999999999774, 6.000000000777305], [1766.0, 14.999999999999755, 6.000000000779788], [1767.0, 14.999999999999734, 6.00000000078227], [1768.0, 14.999999999999714, 6.000000000784753], [1769.0, 14.999999999999693, 6.000000000787235], [1770.0, 14.999999999999673, 6.000000000789718], [1771.0, 14.999999999999652, 6.0000000007922], [1772.0, 14.999999999999632, 6.000000000794682], [1773.0, 14.999999999999611, 6.000000000797164], [1774.0, 14.999999999999591, 6.000000000799647], [1775.0, 14.99999999999957, 6.000000000802129], [1776.0, 14.99999999999955, 6.0000000008046115], [1777.0, 14.99999999999953, 6.000000000807094], [1778.0, 14.99999999999951, 6.000000000809576], [1779.0, 14.999999999999488, 6.000000000812058], [1780.0, 14.999999999999467, 6.00000000081454], [1781.0, 14.999999999999448, 6.000000000817023], [1782.0, 14.999999999999426, 6.000000000819505], [1783.0, 14.999999999999407, 6.000000000821988], [1784.0, 14.999999999999385, 6.00000000082447], [1785.0, 14.999999999999366, 6.000000000826953], [1786.0, 14.999999999999345, 6.000000000829435], [1787.0, 14.999999999999325, 6.000000000831917], [1788.0, 14.999999999999304, 6.000000000834399], [1789.0, 14.999999999999284, 6.000000000836882], [1790.0, 14.999999999999263, 6.000000000839364], [1791.0, 14.999999999999243, 6.000000000841847], [1792.0, 14.999999999999222, 6.000000000844329], [1793.0, 14.999999999999202, 6.0000000008468115], [1794.0, 14.999999999999181, 6.000000000849293], [1795.0, 14.999999999999162, 6.0000000008517755], [1796.0, 14.99999999999914, 6.000000000854258], [1797.0, 14.99999999999912, 6.0000000008567405], [1798.0, 14.9999999999991, 6.000000000859223], [1799.0, 14.99999999999908, 6.000000000861705], [1800.0, 14.999999999999059, 6.000000000864188], [1801.0, 14.999999999999039, 6.000000000866669], [1802.0, 14.999999999999018, 6.000000000869152], [1803.0, 14.999999999998998, 6.000000000871634], [1804.0, 14.999999999998977, 6.000000000874117], [1805.0, 14.999999999998956, 6.000000000876599], [1806.0, 14.999999999998936, 6.000000000879082], [1807.0, 14.999999999998915, 6.000000000881564], [1808.0, 14.999999999998895, 6.000000000884046], [1809.0, 14.999999999998874, 6.000000000886528], [1810.0, 14.999999999998854, 6.000000000889011], [1811.0, 14.999999999998833, 6.000000000891493], [1812.0, 14.999999999998813, 6.000000000893976], [1813.0, 14.999999999998792, 6.000000000896458], [1814.0, 14.999999999998773, 6.0000000008989405], [1815.0, 14.999999999998751, 6.000000000901422], [1816.0, 14.999999999998732, 6.0000000009039045], [1817.0, 14.99999999999871, 6.000000000906387], [1818.0, 14.99999999999869, 6.000000000908869], [1819.0, 14.99999999999867, 6.000000000911352], [1820.0, 14.99999999999865, 6.000000000913834], [1821.0, 14.999999999998629, 6.000000000916317], [1822.0, 14.99999999999861, 6.000000000918798], [1823.0, 14.999999999998588, 6.000000000921281], [1824.0, 14.999999999998568, 6.000000000923763], [1825.0, 14.999999999998547, 6.000000000926246], [1826.0, 14.999999999998527, 6.000000000928728], [1827.0, 14.999999999998506, 6.000000000931211], [1828.0, 14.999999999998487, 6.000000000933693], [1829.0, 14.999999999998465, 6.000000000936175], [1830.0, 14.999999999998444, 6.000000000938657], [1831.0, 14.999999999998424, 6.00000000094114], [1832.0, 14.999999999998403, 6.000000000943622], [1833.0, 14.999999999998384, 6.0000000009461045], [1834.0, 14.999999999998362, 6.000000000948587], [1835.0, 14.999999999998343, 6.0000000009510694], [1836.0, 14.999999999998321, 6.000000000953552], [1837.0, 14.999999999998302, 6.0000000009560335], [1838.0, 14.99999999999828, 6.000000000958516], [1839.0, 14.999999999998261, 6.000000000960998], [1840.0, 14.99999999999824, 6.000000000963481], [1841.0, 14.99999999999822, 6.000000000965963], [1842.0, 14.999999999998199, 6.000000000968446], [1843.0, 14.99999999999818, 6.000000000970928], [1844.0, 14.999999999998158, 6.00000000097341], [1845.0, 14.999999999998138, 6.000000000975892], [1846.0, 14.999999999998117, 6.000000000978375], [1847.0, 14.999999999998098, 6.000000000980857], [1848.0, 14.999999999998076, 6.00000000098334], [1849.0, 14.999999999998057, 6.000000000985822], [1850.0, 14.999999999998035, 6.0000000009883045], [1851.0, 14.999999999998016, 6.000000000990786], [1852.0, 14.999999999997994, 6.000000000993269], [1853.0, 14.999999999997975, 6.000000000995751], [1854.0, 14.999999999997954, 6.0000000009982335]]
- Radius: 2.0
- SeamSize: 2.0 mm
- Shape: <Compound object at 00000152F6AA22B0>
- ShapeMaterial: <Material at 00000152F7164860>
- Sliderpos: 0
- TrimByLength: False
- TrimByMultipleLength: False
- TrimByPoint: False
- TrimLength: 0.0 mm
- TrimLengthV1: 0.0 mm
- TrimLengthV2: 0.0 mm
- TrimmedMLengths: {}
- Vectorlength: 10.0
- Visibility: True
- WeldVecs: [[[[0.0, 0.7071067811865507, 0.7071067811865444], [0.0, 0.7071067811865507, 0.7071067811865444], [0.0, 0.7071067811865507, 0.7071067811865444], [0.0, 0.7071067811865507, 0.7071067811865444], [0.0, 0.7071067811865507, 0.7071067811865444], [0.0, 0.707106781186566, 0.707106781186529], [0.0, 0.707106781186566, 0.707106781186529], [0.0, 0.707106781186566, 0.707106781186529], [0.0, 0.707106781186566, 0.707106781186529], [-1.2627432790163513e-13, 0.7071067811865799, 0.7071067811865153], [-1.2627432790163513e-13, 0.7071067811865799, 0.7071067811865153], [-1.2627432790163513e-13, 0.7071067811865799, 0.7071067811865153], [-1.2627432790163513e-13, 0.7071067811865799, 0.7071067811865153], [-1.262743279016343e-13, 0.7071067811865949, 0.7071067811865002], [-1.262743279016343e-13, 0.7071067811865949, 0.7071067811865002], [-1.262743279016343e-13, 0.7071067811865949, 0.7071067811865002], [-1.262743279016343e-13, 0.7071067811865949, 0.7071067811865002], [2.525486558032669e-13, 0.70710678118661, 0.7071067811864852], [2.525486558032669e-13, 0.70710678118661, 0.7071067811864852], [2.525486558032669e-13, 0.70710678118661, 0.7071067811864852], [2.525486558032669e-13, 0.70710678118661, 0.7071067811864852], [0.0, 0.7071067811866233, 0.7071067811864719], [0.0, 0.7071067811866233, 0.7071067811864719], [0.0, 0.7071067811866233, 0.7071067811864719], [0.0, 0.7071067811866233, 0.7071067811864719], [0.0, 0.7071067811866376, 0.7071067811864575], [0.0, 0.7071067811866376, 0.7071067811864575], [0.0, 0.7071067811866376, 0.7071067811864575], [0.0, 0.7071067811866376, 0.7071067811864575], [0.0, 0.7071067811866516, 0.7071067811864434], [0.0, 0.7071067811866516, 0.7071067811864434], [0.0, 0.7071067811866516, 0.7071067811864434], [0.0, 0.7071067811866516, 0.7071067811864434], [1.26274327901631e-13, 0.7071067811866671, 0.7071067811864279], [1.26274327901631e-13, 0.7071067811866671, 0.7071067811864279], [1.26274327901631e-13, 0.7071067811866671, 0.7071067811864279], [1.26274327901631e-13, 0.7071067811866671, 0.7071067811864279], [0.0, 0.7071067811866809, 0.7071067811864141], [0.0, 0.7071067811866809, 0.7071067811864141], [0.0, 0.7071067811866809, 0.7071067811864141], [0.0, 0.7071067811866809, 0.7071067811864141], [0.0, 0.7071067811866948, 0.7071067811864004], [0.0, 0.7071067811866948, 0.7071067811864004], [0.0, 0.7071067811866948, 0.7071067811864004], [0.0, 0.7071067811866948, 0.7071067811864004], [0.0, 0.7071067811867103, 0.7071067811863848], [0.0, 0.7071067811867103, 0.7071067811863848], [0.0, 0.7071067811867103, 0.7071067811863848], [0.0, 0.7071067811867103, 0.7071067811863848], [0.0, 0.7071067811867243, 0.7071067811863707], [0.0, 0.7071067811867243, 0.7071067811863707], [0.0, 0.7071067811867243, 0.7071067811863707], [0.0, 0.7071067811867243, 0.7071067811863707], [0.0, 0.7071067811867394, 0.7071067811863557], [0.0, 0.7071067811867394, 0.7071067811863557], [0.0, 0.7071067811867394, 0.7071067811863557], [0.0, 0.7071067811867394, 0.7071067811863557], [0.0, 0.7071067811867542, 0.7071067811863408], [0.0, 0.7071067811867542, 0.7071067811863408], [0.0, 0.7071067811867542, 0.7071067811863408], [0.0, 0.7071067811867542, 0.7071067811863408], [1.2627432790162597e-13, 0.7071067811867683, 0.7071067811863269], [1.2627432790162597e-13, 0.7071067811867683, 0.7071067811863269], [1.2627432790162597e-13, 0.7071067811867683, 0.7071067811863269], [1.2627432790162597e-13, 0.7071067811867683, 0.7071067811863269], [0.0, 0.707106781186783, 0.707106781186312], [0.0, 0.707106781186783, 0.707106781186312], [0.0, 0.707106781186783, 0.707106781186312], [0.0, 0.707106781186783, 0.707106781186312], [-1.2627432790162446e-13, 0.7071067811867974, 0.7071067811862977], [-1.2627432790162446e-13, 0.7071067811867974, 0.7071067811862977], [-1.2627432790162446e-13, 0.7071067811867974, 0.7071067811862977], [-1.2627432790162446e-13, 0.7071067811867974, 0.7071067811862977], [0.0, 0.7071067811868114, 0.7071067811862837], [0.0, 0.7071067811868114, 0.7071067811862837], [0.0, 0.7071067811868114, 0.7071067811862837], [0.0, 0.7071067811868114, 0.7071067811862837], [0.0, 0.7071067811868255, 0.7071067811862696], [0.0, 0.7071067811868255, 0.7071067811862696], [0.0, 0.7071067811868255, 0.7071067811862696], [0.0, 0.7071067811868255, 0.7071067811862696], [0.0, 0.7071067811868406, 0.7071067811862546], [0.0, 0.7071067811868406, 0.7071067811862546], [0.0, 0.7071067811868406, 0.7071067811862546], [0.0, 0.7071067811868406, 0.7071067811862546], [-1.2627432790162175e-13, 0.7071067811868551, 0.7071067811862399], [-1.2627432790162175e-13, 0.7071067811868551, 0.7071067811862399], [-1.2627432790162175e-13, 0.7071067811868551, 0.7071067811862399], [-1.2627432790162175e-13, 0.7071067811868551, 0.7071067811862399], [-1.26274327901621e-13, 0.7071067811868686, 0.7071067811862264], [-1.26274327901621e-13, 0.7071067811868686, 0.7071067811862264], [-1.26274327901621e-13, 0.7071067811868686, 0.7071067811862264], [-1.26274327901621e-13, 0.7071067811868686, 0.7071067811862264], [1.2627432790162024e-13, 0.7071067811868842, 0.7071067811862108], [1.2627432790162024e-13, 0.7071067811868842, 0.7071067811862108], [1.2627432790162024e-13, 0.7071067811868842, 0.7071067811862108], [1.2627432790162024e-13, 0.7071067811868842, 0.7071067811862108], [0.0, 0.7071067811868983, 0.7071067811861969], [0.0, 0.7071067811868983, 0.7071067811861969], [0.0, 0.7071067811869054, 0.7071067811861896], [0.0, 0.7071067811869054, 0.7071067811861896]]]]
- Weldlines: <Compound object at 00000152F6AA2570>
- _ElementMapVersion: 15.70200.5
- showweldvecs: True

----------------------------------------
WELD 15 of 18
Name: InternalWeldFeature012
Label: Weld13

DETAILED PROPERTIES:
- Type: Part::FeaturePython
- Angle: 0.0
- CorrectedNormals: {}
- Edgeidxs: [0]
- ExpressionEngine: []
- FinalWeldVecs: [[[-0.707106781186658, 0.0, 0.7071067811864371], [-0.707106781186658, 0.0, 0.7071067811864371], [-0.707106781186658, 0.0, 0.7071067811864371], [-0.707106781186658, 0.0, 0.7071067811864371], [-0.707106781186658, 0.0, 0.7071067811864371], [-0.707106781186658, 0.0, 0.7071067811864371], [-0.707106781186658, 0.0, 0.7071067811864371], [-0.707106781186658, 0.0, 0.7071067811864371], [-0.707106781186658, 0.0, 0.7071067811864371], [-0.707106781186658, 0.0, 0.7071067811864371], [-0.707106781186658, 0.0, 0.7071067811864371], [-0.707106781186658, 0.0, 0.7071067811864371], [-0.707106781186658, 0.0, 0.7071067811864371], [-0.707106781186658, 0.0, 0.7071067811864371], [-0.707106781186658, 0.0, 0.7071067811864371], [-0.707106781186658, 0.0, 0.7071067811864371], [-0.707106781186658, 0.0, 0.7071067811864371], [-0.707106781186658, 0.0, 0.7071067811864371], [-0.707106781186658, 0.0, 0.7071067811864371], [-0.707106781186658, 0.0, 0.7071067811864371], [-0.707106781186658, 0.0, 0.7071067811864371], [-0.707106781186658, 0.0, 0.7071067811864371], [-0.707106781186658, 0.0, 0.7071067811864371], [-0.707106781186658, 0.0, 0.7071067811864371], [-0.707106781186658, 0.0, 0.7071067811864371], [-0.707106781186658, 0.0, 0.7071067811864371], [-0.707106781186658, 0.0, 0.7071067811864371], [-0.707106781186658, 0.0, 0.7071067811864371], [-0.707106781186658, 0.0, 0.7071067811864371], [-0.707106781186658, 0.0, 0.7071067811864371], [-0.707106781186658, 0.0, 0.7071067811864371], [-0.707106781186658, 0.0, 0.7071067811864371], [-0.707106781186658, 0.0, 0.7071067811864371], [-0.707106781186658, -7.89214549385089e-15, 0.7071067811864371], [-0.707106781186658, -7.89214549385089e-15, 0.7071067811864371], [-0.707106781186658, -7.89214549385089e-15, 0.7071067811864371], [-0.707106781186658, -7.89214549385089e-15, 0.7071067811864371], [-0.707106781186658, 0.0, 0.7071067811864371], [-0.707106781186658, 0.0, 0.7071067811864371], [-0.707106781186658, 0.0, 0.7071067811864371], [-0.707106781186658, 0.0, 0.7071067811864371], [-0.707106781186658, -2.3676436481552665e-14, 0.7071067811864371], [-0.707106781186658, -2.3676436481552665e-14, 0.7071067811864371], [-0.707106781186658, -2.3676436481552665e-14, 0.7071067811864371], [-0.707106781186658, -2.3676436481552665e-14, 0.7071067811864371], [-0.707106781186658, -1.578429098770178e-14, 0.7071067811864371], [-0.707106781186658, -1.578429098770178e-14, 0.7071067811864371], [-0.707106781186658, -1.578429098770178e-14, 0.7071067811864371], [-0.707106781186658, -1.578429098770178e-14, 0.7071067811864371], [-0.707106781186658, 7.89214549385089e-15, 0.7071067811864371], [-0.707106781186658, 7.89214549385089e-15, 0.7071067811864371], [-0.707106781186658, 7.89214549385089e-15, 0.7071067811864371], [-0.707106781186658, 7.89214549385089e-15, 0.7071067811864371], [-0.707106781186658, 0.0, 0.7071067811864371], [-0.707106781186658, 0.0, 0.7071067811864371], [-0.707106781186658, 0.0, 0.7071067811864371], [-0.707106781186658, 0.0, 0.7071067811864371], [-0.707106781186658, 7.89214549385089e-15, 0.7071067811864371], [-0.707106781186658, 7.89214549385089e-15, 0.7071067811864371], [-0.707106781186658, 7.89214549385089e-15, 0.7071067811864371], [-0.707106781186658, 7.89214549385089e-15, 0.7071067811864371], [-0.707106781186658, 0.0, 0.7071067811864371], [-0.707106781186658, 0.0, 0.7071067811864371], [-0.707106781186658, 0.0, 0.7071067811864371], [-0.707106781186658, 0.0, 0.7071067811864371], [-0.707106781186658, -7.89214549385089e-15, 0.7071067811864371], [-0.707106781186658, -7.89214549385089e-15, 0.7071067811864371], [-0.707106781186658, -7.89214549385089e-15, 0.7071067811864371], [-0.707106781186658, -7.89214549385089e-15, 0.7071067811864371], [-0.707106781186658, 0.0, 0.7071067811864371], [-0.707106781186658, 0.0, 0.7071067811864371], [-0.707106781186658, 0.0, 0.7071067811864371], [-0.707106781186658, 0.0, 0.7071067811864371], [-0.707106781186658, 0.0, 0.7071067811864371], [-0.707106781186658, 0.0, 0.7071067811864371], [-0.707106781186658, 0.0, 0.7071067811864371], [-0.707106781186658, 0.0, 0.7071067811864371], [-0.707106781186658, 0.0, 0.7071067811864371], [-0.707106781186658, 0.0, 0.7071067811864371], [-0.707106781186658, 0.0, 0.7071067811864371], [-0.707106781186658, 0.0, 0.7071067811864371], [-0.707106781186658, 0.0, 0.7071067811864371], [-0.707106781186658, 0.0, 0.7071067811864371], [-0.707106781186658, 0.0, 0.7071067811864371], [-0.707106781186658, 0.0, 0.7071067811864371], [-0.707106781186658, 0.0, 0.7071067811864371], [-0.707106781186658, 0.0, 0.7071067811864371], [-0.707106781186658, 0.0, 0.7071067811864371], [-0.707106781186658, 0.0, 0.7071067811864371], [-0.707106781186658, 0.0, 0.7071067811864371], [-0.707106781186658, 0.0, 0.7071067811864371], [-0.707106781186658, 0.0, 0.7071067811864371], [-0.707106781186658, 0.0, 0.7071067811864371], [-0.707106781186658, -3.946072746925445e-15, 0.7071067811864371], [-0.707106781186658, -3.946072746925445e-15, 0.7071067811864371], [-0.707106781186658, -3.946072746925445e-15, 0.7071067811864371], [-0.707106781186658, -3.946072746925445e-15, 0.7071067811864371], [-0.707106781186658, -1.1838218240776333e-14, 0.7071067811864371], [-0.707106781186658, -1.1838218240776333e-14, 0.7071067811864371], [-0.707106781186658, -1.1838218240776333e-14, 0.7071067811864371], [-0.707106781186658, -1.1838218240776333e-14, 0.7071067811864371], [-0.707106781186658, 3.946072746925445e-15, 0.7071067811864371], [-0.707106781186658, 3.946072746925445e-15, 0.7071067811864371], [-0.707106781186658, 3.946072746925445e-15, 0.7071067811864371], [-0.707106781186658, 3.946072746925445e-15, 0.7071067811864371], [-0.707106781186658, 3.946072746925445e-15, 0.7071067811864371], [-0.707106781186658, 3.946072746925445e-15, 0.7071067811864371], [-0.707106781186658, 3.946072746925445e-15, 0.7071067811864371], [-0.707106781186658, 3.946072746925445e-15, 0.7071067811864371], [-0.707106781186658, -3.946072746925445e-15, 0.7071067811864371], [-0.707106781186658, -3.946072746925445e-15, 0.7071067811864371], [-0.707106781186658, -3.946072746925445e-15, 0.7071067811864371], [-0.707106781186658, -3.946072746925445e-15, 0.7071067811864371], [-0.707106781186658, 0.0, 0.7071067811864371], [-0.707106781186658, 0.0, 0.7071067811864371], [-0.707106781186658, 0.0, 0.7071067811864371], [-0.707106781186658, 0.0, 0.7071067811864371], [-0.707106781186658, 0.0, 0.7071067811864371], [-0.707106781186658, 0.0, 0.7071067811864371], [-0.707106781186658, 0.0, 0.7071067811864371], [-0.707106781186658, 0.0, 0.7071067811864371]]]
- HeatSource: None
- IntermittentBeadLength: 0.0 mm
- IntermittentBeadPitch: 0.0 mm
- IntermittentBeadQty: 0.0
- IntermittentLen: False
- IntermittentLenRound: False
- IntermittentPitch: False
- IntermittentQty: False
- IntermittentQtyRound: False
- IntermittentRBeadLength: 0.0 mm
- IntermittentRBeadPitch: 0.0 mm
- IntermittentResult: 0.0
- IntermittentResultLen: 0.0
- IntermittentTrimEachBead: False
- IntermittentTrimEachBeadLen: False
- IntermittentWeldedSection: 0.0 mm
- Interval: 4
- Label2: 
- Material: None
- MoveV1: False
- MoveV2: False
- PerEdgePts: [[[1654.0, 153.0, 426.0], [1654.0, 152.0, 426.0], [1654.0, 151.0, 426.0], [1654.0, 150.0, 426.0], [1654.0, 149.0, 426.0], [1654.0, 148.0, 426.0], [1654.0, 147.0, 426.0], [1654.0, 146.0, 426.0], [1654.0, 145.0, 426.0], [1654.0, 144.0, 426.0], [1654.0, 143.0, 426.0], [1654.0, 142.0, 426.0], [1654.0, 141.0, 426.0], [1654.0, 140.0, 426.0], [1654.0, 139.0, 426.0], [1654.0, 138.0, 426.0], [1654.0, 137.0, 426.0], [1654.0, 136.0, 426.0], [1654.0, 135.0, 426.0], [1654.0, 134.0, 426.0], [1654.0, 133.0, 426.0], [1654.0, 132.0, 426.0], [1654.0, 131.0, 426.0], [1654.0, 130.0, 426.0], [1654.0, 129.0, 426.0], [1654.0, 128.0, 426.0], [1654.0, 127.0, 426.0], [1654.0, 126.0, 426.0], [1654.0, 125.0, 426.0], [1654.0, 124.0, 426.0], [1654.0, 123.0, 426.0], [1654.0, 122.0, 426.0], [1654.0, 121.0, 426.0], [1654.0, 120.0, 426.0], [1654.0, 119.0, 426.0], [1654.0, 118.0, 426.0], [1654.0, 117.0, 426.0], [1654.0, 116.0, 426.0], [1654.0, 115.0, 426.0], [1654.0, 114.0, 426.0], [1654.0, 113.0, 426.0], [1654.0, 112.0, 426.0], [1654.0, 111.0, 426.0], [1654.0, 110.0, 426.0], [1654.0, 109.0, 426.0], [1654.0, 108.0, 426.0], [1654.0, 107.0, 426.0], [1654.0, 106.0, 426.0], [1654.0, 105.0, 426.0], [1654.0, 104.0, 426.0], [1654.0, 103.0, 426.0], [1654.0, 102.0, 426.0], [1654.0, 101.0, 426.0], [1654.0, 100.0, 426.0], [1654.0, 99.0, 426.0], [1654.0, 98.0, 426.0], [1654.0, 97.0, 426.0], [1654.0, 96.0, 426.0], [1654.0, 95.0, 426.0], [1654.0, 94.0, 426.0], [1654.0, 93.0, 426.0], [1654.0, 92.0, 426.0], [1654.0, 91.0, 426.0], [1654.0, 90.0, 426.0], [1654.0, 89.0, 426.0], [1654.0, 88.0, 426.0], [1654.0, 87.0, 426.0], [1654.0, 86.0, 426.0], [1654.0, 85.0, 426.0], [1654.0, 84.0, 426.0], [1654.0, 83.0, 426.0], [1654.0, 82.0, 426.0], [1654.0, 81.0, 426.0], [1654.0, 80.0, 426.0], [1654.0, 79.0, 426.0], [1654.0, 78.0, 426.0], [1654.0, 77.0, 426.0], [1654.0, 76.0, 426.0], [1654.0, 75.0, 426.0], [1654.0, 74.0, 426.0], [1654.0, 73.0, 426.0], [1654.0, 72.0, 426.0], [1654.0, 71.0, 426.0], [1654.0, 70.0, 426.0], [1654.0, 69.0, 426.0], [1654.0, 68.0, 426.0], [1654.0, 67.0, 426.0], [1654.0, 66.0, 426.0], [1654.0, 65.0, 426.0], [1654.0, 64.0, 426.0], [1654.0, 63.0, 426.0], [1654.0, 62.0, 426.0], [1654.0, 61.0, 426.0], [1654.0, 60.0, 426.0], [1654.0, 59.0, 426.0], [1654.0, 58.0, 426.0], [1654.0, 57.0, 426.0], [1654.0, 56.0, 426.0], [1654.0, 55.0, 426.0], [1654.0, 54.0, 426.0], [1654.0, 53.0, 426.0], [1654.0, 52.0, 426.0], [1654.0, 51.0, 426.0], [1654.0, 50.0, 426.0], [1654.0, 49.0, 426.0], [1654.0, 48.0, 426.0], [1654.0, 47.0, 426.0], [1654.0, 46.0, 426.0], [1654.0, 45.0, 426.0], [1654.0, 44.0, 426.0], [1654.0, 43.0, 426.0], [1654.0, 42.0, 426.0], [1654.0, 41.0, 426.0], [1654.0, 40.0, 426.0], [1654.0, 39.0, 426.0], [1654.0, 38.0, 426.0], [1654.0, 37.0, 426.0], [1654.0, 36.0, 426.0], [1654.0, 35.0, 426.0], [1654.0, 34.0, 426.0], [1654.0, 33.0, 426.0]]]
- PerEdgeTangs: [[[0.0, -1.0, 0.0], [0.0, -1.0, 0.0], [0.0, -1.0, 0.0], [0.0, -1.0, 0.0], [0.0, -1.0, 0.0], [0.0, -1.0, 0.0], [0.0, -1.0, 0.0], [0.0, -1.0, 0.0], [0.0, -1.0, 0.0], [0.0, -1.0, 0.0], [0.0, -1.0, 0.0], [0.0, -1.0, 0.0], [0.0, -1.0, 0.0], [0.0, -1.0, 0.0], [0.0, -1.0, 0.0], [0.0, -1.0, 0.0], [0.0, -1.0, 0.0], [0.0, -1.0, 0.0], [0.0, -1.0, 0.0], [0.0, -1.0, 0.0], [0.0, -1.0, 0.0], [0.0, -1.0, 0.0], [0.0, -1.0, 0.0], [0.0, -1.0, 0.0], [0.0, -1.0, 0.0], [0.0, -1.0, 0.0], [0.0, -1.0, 0.0], [0.0, -1.0, 0.0], [0.0, -1.0, 0.0], [0.0, -1.0, 0.0], [0.0, -1.0, 0.0], [0.0, -1.0, 0.0], [0.0, -1.0, 0.0], [0.0, -1.0, 0.0], [0.0, -1.0, 0.0], [0.0, -1.0, 0.0], [0.0, -1.0, 0.0], [0.0, -1.0, 0.0], [0.0, -1.0, 0.0], [0.0, -1.0, 0.0], [0.0, -1.0, 0.0], [0.0, -1.0, 0.0], [0.0, -1.0, 0.0], [0.0, -1.0, 0.0], [0.0, -1.0, 0.0], [0.0, -1.0, 0.0], [0.0, -1.0, 0.0], [0.0, -1.0, 0.0], [0.0, -1.0, 0.0], [0.0, -1.0, 0.0], [0.0, -1.0, 0.0], [0.0, -1.0, 0.0], [0.0, -1.0, 0.0], [0.0, -1.0, 0.0], [0.0, -1.0, 0.0], [0.0, -1.0, 0.0], [0.0, -1.0, 0.0], [0.0, -1.0, 0.0], [0.0, -1.0, 0.0], [0.0, -1.0, 0.0], [0.0, -1.0, 0.0], [0.0, -1.0, 0.0], [0.0, -1.0, 0.0], [0.0, -1.0, 0.0], [0.0, -1.0, 0.0], [0.0, -1.0, 0.0], [0.0, -1.0, 0.0], [0.0, -1.0, 0.0], [0.0, -1.0, 0.0], [0.0, -1.0, 0.0], [0.0, -1.0, 0.0], [0.0, -1.0, 0.0], [0.0, -1.0, 0.0], [0.0, -1.0, 0.0], [0.0, -1.0, 0.0], [0.0, -1.0, 0.0], [0.0, -1.0, 0.0], [0.0, -1.0, 0.0], [0.0, -1.0, 0.0], [0.0, -1.0, 0.0], [0.0, -1.0, 0.0], [0.0, -1.0, 0.0], [0.0, -1.0, 0.0], [0.0, -1.0, 0.0], [0.0, -1.0, 0.0], [0.0, -1.0, 0.0], [0.0, -1.0, 0.0], [0.0, -1.0, 0.0], [0.0, -1.0, 0.0], [0.0, -1.0, 0.0], [0.0, -1.0, 0.0], [0.0, -1.0, 0.0], [0.0, -1.0, 0.0], [0.0, -1.0, 0.0], [0.0, -1.0, 0.0], [0.0, -1.0, 0.0], [0.0, -1.0, 0.0], [0.0, -1.0, 0.0], [0.0, -1.0, 0.0], [0.0, -1.0, 0.0], [0.0, -1.0, 0.0], [0.0, -1.0, 0.0], [0.0, -1.0, 0.0], [0.0, -1.0, 0.0], [0.0, -1.0, 0.0], [0.0, -1.0, 0.0], [0.0, -1.0, 0.0], [0.0, -1.0, 0.0], [0.0, -1.0, 0.0], [0.0, -1.0, 0.0], [0.0, -1.0, 0.0], [0.0, -1.0, 0.0], [0.0, -1.0, 0.0], [0.0, -1.0, 0.0], [0.0, -1.0, 0.0], [0.0, -1.0, 0.0], [0.0, -1.0, 0.0], [0.0, -1.0, 0.0], [0.0, -1.0, 0.0], [0.0, -1.0, 0.0], [0.0, -1.0, 0.0]]]
- Placement: Placement [Pos=(0,0,0), Yaw-Pitch-Roll=(0,0,0)]
- PointEnd: Vector (0.0, 0.0, 0.0)
- PointStart: Vector (0.0, 0.0, 0.0)
- Process: None
- Proxy: <Functions.FPweldline.Path3D object at 0x00000152F2DE4810>
- Pts: [[1654.0, 153.0, 426.0], [1654.0, 152.0, 426.0], [1654.0, 151.0, 426.0], [1654.0, 150.0, 426.0], [1654.0, 149.0, 426.0], [1654.0, 148.0, 426.0], [1654.0, 147.0, 426.0], [1654.0, 146.0, 426.0], [1654.0, 145.0, 426.0], [1654.0, 144.0, 426.0], [1654.0, 143.0, 426.0], [1654.0, 142.0, 426.0], [1654.0, 141.0, 426.0], [1654.0, 140.0, 426.0], [1654.0, 139.0, 426.0], [1654.0, 138.0, 426.0], [1654.0, 137.0, 426.0], [1654.0, 136.0, 426.0], [1654.0, 135.0, 426.0], [1654.0, 134.0, 426.0], [1654.0, 133.0, 426.0], [1654.0, 132.0, 426.0], [1654.0, 131.0, 426.0], [1654.0, 130.0, 426.0], [1654.0, 129.0, 426.0], [1654.0, 128.0, 426.0], [1654.0, 127.0, 426.0], [1654.0, 126.0, 426.0], [1654.0, 125.0, 426.0], [1654.0, 124.0, 426.0], [1654.0, 123.0, 426.0], [1654.0, 122.0, 426.0], [1654.0, 121.0, 426.0], [1654.0, 120.0, 426.0], [1654.0, 119.0, 426.0], [1654.0, 118.0, 426.0], [1654.0, 117.0, 426.0], [1654.0, 116.0, 426.0], [1654.0, 115.0, 426.0], [1654.0, 114.0, 426.0], [1654.0, 113.0, 426.0], [1654.0, 112.0, 426.0], [1654.0, 111.0, 426.0], [1654.0, 110.0, 426.0], [1654.0, 109.0, 426.0], [1654.0, 108.0, 426.0], [1654.0, 107.0, 426.0], [1654.0, 106.0, 426.0], [1654.0, 105.0, 426.0], [1654.0, 104.0, 426.0], [1654.0, 103.0, 426.0], [1654.0, 102.0, 426.0], [1654.0, 101.0, 426.0], [1654.0, 100.0, 426.0], [1654.0, 99.0, 426.0], [1654.0, 98.0, 426.0], [1654.0, 97.0, 426.0], [1654.0, 96.0, 426.0], [1654.0, 95.0, 426.0], [1654.0, 94.0, 426.0], [1654.0, 93.0, 426.0], [1654.0, 92.0, 426.0], [1654.0, 91.0, 426.0], [1654.0, 90.0, 426.0], [1654.0, 89.0, 426.0], [1654.0, 88.0, 426.0], [1654.0, 87.0, 426.0], [1654.0, 86.0, 426.0], [1654.0, 85.0, 426.0], [1654.0, 84.0, 426.0], [1654.0, 83.0, 426.0], [1654.0, 82.0, 426.0], [1654.0, 81.0, 426.0], [1654.0, 80.0, 426.0], [1654.0, 79.0, 426.0], [1654.0, 78.0, 426.0], [1654.0, 77.0, 426.0], [1654.0, 76.0, 426.0], [1654.0, 75.0, 426.0], [1654.0, 74.0, 426.0], [1654.0, 73.0, 426.0], [1654.0, 72.0, 426.0], [1654.0, 71.0, 426.0], [1654.0, 70.0, 426.0], [1654.0, 69.0, 426.0], [1654.0, 68.0, 426.0], [1654.0, 67.0, 426.0], [1654.0, 66.0, 426.0], [1654.0, 65.0, 426.0], [1654.0, 64.0, 426.0], [1654.0, 63.0, 426.0], [1654.0, 62.0, 426.0], [1654.0, 61.0, 426.0], [1654.0, 60.0, 426.0], [1654.0, 59.0, 426.0], [1654.0, 58.0, 426.0], [1654.0, 57.0, 426.0], [1654.0, 56.0, 426.0], [1654.0, 55.0, 426.0], [1654.0, 54.0, 426.0], [1654.0, 53.0, 426.0], [1654.0, 52.0, 426.0], [1654.0, 51.0, 426.0], [1654.0, 50.0, 426.0], [1654.0, 49.0, 426.0], [1654.0, 48.0, 426.0], [1654.0, 47.0, 426.0], [1654.0, 46.0, 426.0], [1654.0, 45.0, 426.0], [1654.0, 44.0, 426.0], [1654.0, 43.0, 426.0], [1654.0, 42.0, 426.0], [1654.0, 41.0, 426.0], [1654.0, 40.0, 426.0], [1654.0, 39.0, 426.0], [1654.0, 38.0, 426.0], [1654.0, 37.0, 426.0], [1654.0, 36.0, 426.0], [1654.0, 35.0, 426.0], [1654.0, 34.0, 426.0], [1654.0, 33.0, 426.0]]
- Radius: 2.0
- SeamSize: 2.0 mm
- Shape: <Compound object at 00000152F6AA2F10>
- ShapeMaterial: <Material at 00000152F7164860>
- Sliderpos: 0
- TrimByLength: False
- TrimByMultipleLength: False
- TrimByPoint: False
- TrimLength: 0.0 mm
- TrimLengthV1: 0.0 mm
- TrimLengthV2: 0.0 mm
- TrimmedMLengths: {}
- Vectorlength: 10.0
- Visibility: True
- WeldVecs: [[[[-0.707106781186658, 0.0, 0.7071067811864371], [-0.707106781186658, 0.0, 0.7071067811864371], [-0.707106781186658, 0.0, 0.7071067811864371], [-0.707106781186658, 0.0, 0.7071067811864371], [-0.707106781186658, 0.0, 0.7071067811864371], [-0.707106781186658, 0.0, 0.7071067811864371], [-0.707106781186658, 0.0, 0.7071067811864371], [-0.707106781186658, 0.0, 0.7071067811864371], [-0.707106781186658, 0.0, 0.7071067811864371], [-0.707106781186658, 0.0, 0.7071067811864371], [-0.707106781186658, 0.0, 0.7071067811864371], [-0.707106781186658, 0.0, 0.7071067811864371], [-0.707106781186658, 0.0, 0.7071067811864371], [-0.707106781186658, 0.0, 0.7071067811864371], [-0.707106781186658, 0.0, 0.7071067811864371], [-0.707106781186658, 0.0, 0.7071067811864371], [-0.707106781186658, 0.0, 0.7071067811864371], [-0.707106781186658, 0.0, 0.7071067811864371], [-0.707106781186658, 0.0, 0.7071067811864371], [-0.707106781186658, 0.0, 0.7071067811864371], [-0.707106781186658, 0.0, 0.7071067811864371], [-0.707106781186658, 0.0, 0.7071067811864371], [-0.707106781186658, 0.0, 0.7071067811864371], [-0.707106781186658, 0.0, 0.7071067811864371], [-0.707106781186658, 0.0, 0.7071067811864371], [-0.707106781186658, 0.0, 0.7071067811864371], [-0.707106781186658, 0.0, 0.7071067811864371], [-0.707106781186658, 0.0, 0.7071067811864371], [-0.707106781186658, 0.0, 0.7071067811864371], [-0.707106781186658, 0.0, 0.7071067811864371], [-0.707106781186658, 0.0, 0.7071067811864371], [-0.707106781186658, 0.0, 0.7071067811864371], [-0.707106781186658, 0.0, 0.7071067811864371], [-0.707106781186658, -7.89214549385089e-15, 0.7071067811864371], [-0.707106781186658, -7.89214549385089e-15, 0.7071067811864371], [-0.707106781186658, -7.89214549385089e-15, 0.7071067811864371], [-0.707106781186658, -7.89214549385089e-15, 0.7071067811864371], [-0.707106781186658, 0.0, 0.7071067811864371], [-0.707106781186658, 0.0, 0.7071067811864371], [-0.707106781186658, 0.0, 0.7071067811864371], [-0.707106781186658, 0.0, 0.7071067811864371], [-0.707106781186658, -2.3676436481552665e-14, 0.7071067811864371], [-0.707106781186658, -2.3676436481552665e-14, 0.7071067811864371], [-0.707106781186658, -2.3676436481552665e-14, 0.7071067811864371], [-0.707106781186658, -2.3676436481552665e-14, 0.7071067811864371], [-0.707106781186658, -1.578429098770178e-14, 0.7071067811864371], [-0.707106781186658, -1.578429098770178e-14, 0.7071067811864371], [-0.707106781186658, -1.578429098770178e-14, 0.7071067811864371], [-0.707106781186658, -1.578429098770178e-14, 0.7071067811864371], [-0.707106781186658, 7.89214549385089e-15, 0.7071067811864371], [-0.707106781186658, 7.89214549385089e-15, 0.7071067811864371], [-0.707106781186658, 7.89214549385089e-15, 0.7071067811864371], [-0.707106781186658, 7.89214549385089e-15, 0.7071067811864371], [-0.707106781186658, 0.0, 0.7071067811864371], [-0.707106781186658, 0.0, 0.7071067811864371], [-0.707106781186658, 0.0, 0.7071067811864371], [-0.707106781186658, 0.0, 0.7071067811864371], [-0.707106781186658, 7.89214549385089e-15, 0.7071067811864371], [-0.707106781186658, 7.89214549385089e-15, 0.7071067811864371], [-0.707106781186658, 7.89214549385089e-15, 0.7071067811864371], [-0.707106781186658, 7.89214549385089e-15, 0.7071067811864371], [-0.707106781186658, 0.0, 0.7071067811864371], [-0.707106781186658, 0.0, 0.7071067811864371], [-0.707106781186658, 0.0, 0.7071067811864371], [-0.707106781186658, 0.0, 0.7071067811864371], [-0.707106781186658, -7.89214549385089e-15, 0.7071067811864371], [-0.707106781186658, -7.89214549385089e-15, 0.7071067811864371], [-0.707106781186658, -7.89214549385089e-15, 0.7071067811864371], [-0.707106781186658, -7.89214549385089e-15, 0.7071067811864371], [-0.707106781186658, 0.0, 0.7071067811864371], [-0.707106781186658, 0.0, 0.7071067811864371], [-0.707106781186658, 0.0, 0.7071067811864371], [-0.707106781186658, 0.0, 0.7071067811864371], [-0.707106781186658, 0.0, 0.7071067811864371], [-0.707106781186658, 0.0, 0.7071067811864371], [-0.707106781186658, 0.0, 0.7071067811864371], [-0.707106781186658, 0.0, 0.7071067811864371], [-0.707106781186658, 0.0, 0.7071067811864371], [-0.707106781186658, 0.0, 0.7071067811864371], [-0.707106781186658, 0.0, 0.7071067811864371], [-0.707106781186658, 0.0, 0.7071067811864371], [-0.707106781186658, 0.0, 0.7071067811864371], [-0.707106781186658, 0.0, 0.7071067811864371], [-0.707106781186658, 0.0, 0.7071067811864371], [-0.707106781186658, 0.0, 0.7071067811864371], [-0.707106781186658, 0.0, 0.7071067811864371], [-0.707106781186658, 0.0, 0.7071067811864371], [-0.707106781186658, 0.0, 0.7071067811864371], [-0.707106781186658, 0.0, 0.7071067811864371], [-0.707106781186658, 0.0, 0.7071067811864371], [-0.707106781186658, 0.0, 0.7071067811864371], [-0.707106781186658, 0.0, 0.7071067811864371], [-0.707106781186658, 0.0, 0.7071067811864371], [-0.707106781186658, -3.946072746925445e-15, 0.7071067811864371], [-0.707106781186658, -3.946072746925445e-15, 0.7071067811864371], [-0.707106781186658, -3.946072746925445e-15, 0.7071067811864371], [-0.707106781186658, -3.946072746925445e-15, 0.7071067811864371], [-0.707106781186658, -1.1838218240776333e-14, 0.7071067811864371], [-0.707106781186658, -1.1838218240776333e-14, 0.7071067811864371], [-0.707106781186658, -1.1838218240776333e-14, 0.7071067811864371], [-0.707106781186658, -1.1838218240776333e-14, 0.7071067811864371], [-0.707106781186658, 3.946072746925445e-15, 0.7071067811864371], [-0.707106781186658, 3.946072746925445e-15, 0.7071067811864371], [-0.707106781186658, 3.946072746925445e-15, 0.7071067811864371], [-0.707106781186658, 3.946072746925445e-15, 0.7071067811864371], [-0.707106781186658, 3.946072746925445e-15, 0.7071067811864371], [-0.707106781186658, 3.946072746925445e-15, 0.7071067811864371], [-0.707106781186658, 3.946072746925445e-15, 0.7071067811864371], [-0.707106781186658, 3.946072746925445e-15, 0.7071067811864371], [-0.707106781186658, -3.946072746925445e-15, 0.7071067811864371], [-0.707106781186658, -3.946072746925445e-15, 0.7071067811864371], [-0.707106781186658, -3.946072746925445e-15, 0.7071067811864371], [-0.707106781186658, -3.946072746925445e-15, 0.7071067811864371], [-0.707106781186658, 0.0, 0.7071067811864371], [-0.707106781186658, 0.0, 0.7071067811864371], [-0.707106781186658, 0.0, 0.7071067811864371], [-0.707106781186658, 0.0, 0.7071067811864371], [-0.707106781186658, 0.0, 0.7071067811864371], [-0.707106781186658, 0.0, 0.7071067811864371], [-0.707106781186658, 0.0, 0.7071067811864371], [-0.707106781186658, 0.0, 0.7071067811864371]]]]
- Weldlines: <Compound object at 00000152F6AA2200>
- _ElementMapVersion: 15.70200.5
- showweldvecs: True

----------------------------------------
WELD 16 of 18
Name: InternalWeldFeature013
Label: Weld14

DETAILED PROPERTIES:
- Type: Part::FeaturePython
- Angle: 0.0
- CorrectedNormals: {}
- Edgeidxs: [0]
- ExpressionEngine: []
- FinalWeldVecs: [[[0.0, 0.7071067811865318, 0.7071067811865633], [0.0, 0.7071067811865318, 0.7071067811865633], [0.0, 0.7071067811865318, 0.7071067811865633], [0.0, 0.7071067811865318, 0.7071067811865633], [0.0, 0.7071067811865318, 0.7071067811865633], [0.0, 0.7071067811865318, 0.7071067811865633], [0.0, 0.7071067811865318, 0.7071067811865633], [0.0, 0.7071067811865318, 0.7071067811865633], [0.0, 0.7071067811865318, 0.7071067811865633], [1.2627432790163677e-13, 0.7071067811865318, 0.7071067811865633], [1.2627432790163677e-13, 0.7071067811865318, 0.7071067811865633], [1.2627432790163677e-13, 0.7071067811865318, 0.7071067811865633], [1.2627432790163677e-13, 0.7071067811865318, 0.7071067811865633], [-1.2627432790163677e-13, 0.7071067811865318, 0.7071067811865633], [-1.2627432790163677e-13, 0.7071067811865318, 0.7071067811865633], [-1.2627432790163677e-13, 0.7071067811865318, 0.7071067811865633], [-1.2627432790163677e-13, 0.7071067811865318, 0.7071067811865633], [0.0, 0.7071067811865318, 0.7071067811865633], [0.0, 0.7071067811865318, 0.7071067811865633], [0.0, 0.7071067811865318, 0.7071067811865633], [0.0, 0.7071067811865318, 0.7071067811865633], [-1.2627432790163677e-13, 0.7071067811865318, 0.7071067811865633], [-1.2627432790163677e-13, 0.7071067811865318, 0.7071067811865633], [-1.2627432790163677e-13, 0.7071067811865318, 0.7071067811865633], [-1.2627432790163677e-13, 0.7071067811865318, 0.7071067811865633], [-1.2627432790163677e-13, 0.7071067811865318, 0.7071067811865633]]]
- HeatSource: None
- IntermittentBeadLength: 0.0 mm
- IntermittentBeadPitch: 0.0 mm
- IntermittentBeadQty: 0.0
- IntermittentLen: False
- IntermittentLenRound: False
- IntermittentPitch: False
- IntermittentQty: False
- IntermittentQtyRound: False
- IntermittentRBeadLength: 0.0 mm
- IntermittentRBeadPitch: 0.0 mm
- IntermittentResult: 0.0
- IntermittentResultLen: 0.0
- IntermittentTrimEachBead: False
- IntermittentTrimEachBeadLen: False
- IntermittentWeldedSection: 0.0 mm
- Interval: 4
- Label2: 
- Material: None
- MoveV1: False
- MoveV2: False
- PerEdgePts: [[[1654.0, 153.0, 426.0], [1655.0, 153.0, 426.0], [1656.0, 153.0, 426.0], [1657.0, 153.0, 426.0], [1658.0, 153.0, 426.0], [1659.0, 153.0, 426.0], [1660.0, 153.0, 426.0], [1661.0, 153.0, 426.0], [1662.0, 153.0, 426.0], [1663.0, 153.0, 426.0], [1664.0, 153.0, 426.0], [1665.0, 153.0, 426.0], [1666.0, 153.0, 426.0], [1667.0, 153.0, 426.0], [1668.0, 153.0, 426.0], [1669.0, 153.0, 426.0], [1670.0, 153.0, 426.0], [1671.0, 153.0, 426.0], [1672.0, 153.0, 426.0], [1673.0, 153.0, 426.0], [1674.0, 153.0, 426.0], [1675.0, 153.0, 426.0], [1676.0, 153.0, 426.0], [1677.0, 153.0, 426.0], [1678.0, 153.0, 426.0], [1679.0, 153.0, 426.0]]]
- PerEdgeTangs: [[[1.0, -0.0, -0.0], [1.0, -0.0, -0.0], [1.0, -0.0, -0.0], [1.0, -0.0, -0.0], [1.0, -0.0, -0.0], [1.0, -0.0, -0.0], [1.0, -0.0, -0.0], [1.0, -0.0, -0.0], [1.0, -0.0, -0.0], [1.0, -0.0, -0.0], [1.0, -0.0, -0.0], [1.0, -0.0, -0.0], [1.0, -0.0, -0.0], [1.0, -0.0, -0.0], [1.0, -0.0, -0.0], [1.0, -0.0, -0.0], [1.0, -0.0, -0.0], [1.0, -0.0, -0.0], [1.0, -0.0, -0.0], [1.0, -0.0, -0.0], [1.0, -0.0, -0.0], [1.0, -0.0, -0.0], [1.0, -0.0, -0.0], [1.0, -0.0, -0.0], [1.0, -0.0, -0.0], [1.0, -0.0, -0.0]]]
- Placement: Placement [Pos=(0,0,0), Yaw-Pitch-Roll=(0,0,0)]
- PointEnd: Vector (0.0, 0.0, 0.0)
- PointStart: Vector (0.0, 0.0, 0.0)
- Process: None
- Proxy: <Functions.FPweldline.Path3D object at 0x00000152F2DEA250>
- Pts: [[1654.0, 153.0, 426.0], [1655.0, 153.0, 426.0], [1656.0, 153.0, 426.0], [1657.0, 153.0, 426.0], [1658.0, 153.0, 426.0], [1659.0, 153.0, 426.0], [1660.0, 153.0, 426.0], [1661.0, 153.0, 426.0], [1662.0, 153.0, 426.0], [1663.0, 153.0, 426.0], [1664.0, 153.0, 426.0], [1665.0, 153.0, 426.0], [1666.0, 153.0, 426.0], [1667.0, 153.0, 426.0], [1668.0, 153.0, 426.0], [1669.0, 153.0, 426.0], [1670.0, 153.0, 426.0], [1671.0, 153.0, 426.0], [1672.0, 153.0, 426.0], [1673.0, 153.0, 426.0], [1674.0, 153.0, 426.0], [1675.0, 153.0, 426.0], [1676.0, 153.0, 426.0], [1677.0, 153.0, 426.0], [1678.0, 153.0, 426.0], [1679.0, 153.0, 426.0]]
- Radius: 2.0
- SeamSize: 2.0 mm
- Shape: <Compound object at 00000152F6AA28E0>
- ShapeMaterial: <Material at 00000152F7164860>
- Sliderpos: 0
- TrimByLength: False
- TrimByMultipleLength: False
- TrimByPoint: False
- TrimLength: 0.0 mm
- TrimLengthV1: 0.0 mm
- TrimLengthV2: 0.0 mm
- TrimmedMLengths: {}
- Vectorlength: 10.0
- Visibility: True
- WeldVecs: [[[[0.0, 0.7071067811865318, 0.7071067811865633], [0.0, 0.7071067811865318, 0.7071067811865633], [0.0, 0.7071067811865318, 0.7071067811865633], [0.0, 0.7071067811865318, 0.7071067811865633], [0.0, 0.7071067811865318, 0.7071067811865633], [0.0, 0.7071067811865318, 0.7071067811865633], [0.0, 0.7071067811865318, 0.7071067811865633], [0.0, 0.7071067811865318, 0.7071067811865633], [0.0, 0.7071067811865318, 0.7071067811865633], [1.2627432790163677e-13, 0.7071067811865318, 0.7071067811865633], [1.2627432790163677e-13, 0.7071067811865318, 0.7071067811865633], [1.2627432790163677e-13, 0.7071067811865318, 0.7071067811865633], [1.2627432790163677e-13, 0.7071067811865318, 0.7071067811865633], [-1.2627432790163677e-13, 0.7071067811865318, 0.7071067811865633], [-1.2627432790163677e-13, 0.7071067811865318, 0.7071067811865633], [-1.2627432790163677e-13, 0.7071067811865318, 0.7071067811865633], [-1.2627432790163677e-13, 0.7071067811865318, 0.7071067811865633], [0.0, 0.7071067811865318, 0.7071067811865633], [0.0, 0.7071067811865318, 0.7071067811865633], [0.0, 0.7071067811865318, 0.7071067811865633], [0.0, 0.7071067811865318, 0.7071067811865633], [-1.2627432790163677e-13, 0.7071067811865318, 0.7071067811865633], [-1.2627432790163677e-13, 0.7071067811865318, 0.7071067811865633], [-1.2627432790163677e-13, 0.7071067811865318, 0.7071067811865633], [-1.2627432790163677e-13, 0.7071067811865318, 0.7071067811865633], [-1.2627432790163677e-13, 0.7071067811865318, 0.7071067811865633]]]]
- Weldlines: <Compound object at 00000152F6AA2200>
- _ElementMapVersion: 15.70200.5
- showweldvecs: True

----------------------------------------
WELD 17 of 18
Name: InternalWeldFeature014
Label: Weld15

DETAILED PROPERTIES:
- Type: Part::FeaturePython
- Angle: 0.0
- CorrectedNormals: {}
- Edgeidxs: [0]
- ExpressionEngine: []
- FinalWeldVecs: [[[0.7071067811863265, 0.0, 0.7071067811867685], [0.7071067811863265, 0.0, 0.7071067811867685], [0.7071067811863265, 0.0, 0.7071067811867685], [0.7071067811863265, 0.0, 0.7071067811867685], [0.7071067811863265, 0.0, 0.7071067811867685], [0.7071067811863265, 0.0, 0.7071067811867685], [0.7071067811863265, 0.0, 0.7071067811867685], [0.7071067811863265, 0.0, 0.7071067811867685], [0.7071067811863265, 0.0, 0.7071067811867685], [0.7071067811863265, 0.0, 0.7071067811867685], [0.7071067811863265, 0.0, 0.7071067811867685], [0.7071067811863265, 0.0, 0.7071067811867685], [0.7071067811863265, 0.0, 0.7071067811867685], [0.7071067811863265, -1.5784290987708472e-14, 0.7071067811867685], [0.7071067811863265, -1.5784290987708472e-14, 0.7071067811867685], [0.7071067811863265, -1.5784290987708472e-14, 0.7071067811867685], [0.7071067811863265, -1.5784290987708472e-14, 0.7071067811867685], [0.7071067811863265, -1.5784290987708472e-14, 0.7071067811867685], [0.7071067811863265, -1.5784290987708472e-14, 0.7071067811867685], [0.7071067811863265, -1.5784290987708472e-14, 0.7071067811867685], [0.7071067811863265, -1.5784290987708472e-14, 0.7071067811867685], [0.7071067811863265, -1.5784290987708472e-14, 0.7071067811867685], [0.7071067811863265, -1.5784290987708472e-14, 0.7071067811867685], [0.7071067811863265, -1.5784290987708472e-14, 0.7071067811867685], [0.7071067811863265, -1.5784290987708472e-14, 0.7071067811867685], [0.7071067811863265, -7.892145493854236e-15, 0.7071067811867685], [0.7071067811863265, -7.892145493854236e-15, 0.7071067811867685], [0.7071067811863265, -7.892145493854236e-15, 0.7071067811867685], [0.7071067811863265, -7.892145493854236e-15, 0.7071067811867685], [0.7071067811863265, 0.0, 0.7071067811867685], [0.7071067811863265, 0.0, 0.7071067811867685], [0.7071067811863265, 0.0, 0.7071067811867685], [0.7071067811863265, 0.0, 0.7071067811867685], [0.7071067811864686, -7.892145493853002e-15, 0.7071067811866265], [0.7071067811864686, -7.892145493853002e-15, 0.7071067811866265], [0.7071067811864686, -7.892145493853002e-15, 0.7071067811866265], [0.7071067811864686, -7.892145493853002e-15, 0.7071067811866265], [0.7071067811864686, 0.0, 0.7071067811866265], [0.7071067811864686, 0.0, 0.7071067811866265], [0.7071067811864686, 0.0, 0.7071067811866265], [0.7071067811864686, 0.0, 0.7071067811866265], [0.7071067811864686, -2.3676436481559008e-14, 0.7071067811866265], [0.7071067811864686, -2.3676436481559008e-14, 0.7071067811866265], [0.7071067811864686, -2.3676436481559008e-14, 0.7071067811866265], [0.7071067811864686, -2.3676436481559008e-14, 0.7071067811866265], [0.7071067811864686, 0.0, 0.7071067811866265], [0.7071067811864686, 0.0, 0.7071067811866265], [0.7071067811864686, 0.0, 0.7071067811866265], [0.7071067811864686, 0.0, 0.7071067811866265], [0.7071067811864686, 7.892145493853002e-15, 0.7071067811866265], [0.7071067811864686, 7.892145493853002e-15, 0.7071067811866265], [0.7071067811864686, 7.892145493853002e-15, 0.7071067811866265], [0.7071067811864686, 7.892145493853002e-15, 0.7071067811866265], [0.7071067811864686, 0.0, 0.7071067811866265], [0.7071067811864686, 0.0, 0.7071067811866265], [0.7071067811864686, 0.0, 0.7071067811866265], [0.7071067811864686, 0.0, 0.7071067811866265], [0.7071067811864686, 7.892145493853002e-15, 0.7071067811866265], [0.7071067811864686, 7.892145493853002e-15, 0.7071067811866265], [0.7071067811864686, 7.892145493853002e-15, 0.7071067811866265], [0.7071067811864686, 7.892145493853002e-15, 0.7071067811866265], [0.7071067811864686, 0.0, 0.7071067811866265], [0.7071067811864686, 0.0, 0.7071067811866265], [0.7071067811864686, 0.0, 0.7071067811866265], [0.7071067811864686, 0.0, 0.7071067811866265], [0.7071067811864686, -7.892145493853002e-15, 0.7071067811866265], [0.7071067811864686, -7.892145493853002e-15, 0.7071067811866265], [0.7071067811864686, -7.892145493853002e-15, 0.7071067811866265], [0.7071067811864686, -7.892145493853002e-15, 0.7071067811866265], [0.7071067811864686, -7.892145493853002e-15, 0.7071067811866265], [0.7071067811864686, -7.892145493853002e-15, 0.7071067811866265], [0.7071067811864686, -7.892145493853002e-15, 0.7071067811866265], [0.7071067811864686, -7.892145493853002e-15, 0.7071067811866265], [0.7071067811864686, 0.0, 0.7071067811866265], [0.7071067811864686, 0.0, 0.7071067811866265], [0.7071067811864686, 0.0, 0.7071067811866265], [0.7071067811864686, 0.0, 0.7071067811866265], [0.7071067811864686, 0.0, 0.7071067811866265], [0.7071067811864686, 0.0, 0.7071067811866265], [0.7071067811864686, 0.0, 0.7071067811866265], [0.7071067811864686, 0.0, 0.7071067811866265], [0.7071067811864686, 0.0, 0.7071067811866265], [0.7071067811864686, 0.0, 0.7071067811866265], [0.7071067811864686, 0.0, 0.7071067811866265], [0.7071067811864686, 0.0, 0.7071067811866265], [0.7071067811864686, 0.0, 0.7071067811866265], [0.7071067811864686, 0.0, 0.7071067811866265], [0.7071067811864686, 0.0, 0.7071067811866265], [0.7071067811864686, 0.0, 0.7071067811866265], [0.7071067811864686, -1.1838218240779504e-14, 0.7071067811866265], [0.7071067811864686, -1.1838218240779504e-14, 0.7071067811866265], [0.7071067811864686, -1.1838218240779504e-14, 0.7071067811866265], [0.7071067811864686, -1.1838218240779504e-14, 0.7071067811866265], [0.7071067811865318, -3.946072746926149e-15, 0.7071067811865633], [0.7071067811865318, -3.946072746926149e-15, 0.7071067811865633], [0.7071067811865318, -3.946072746926149e-15, 0.7071067811865633], [0.7071067811865318, -3.946072746926149e-15, 0.7071067811865633], [0.7071067811865318, -1.1838218240778447e-14, 0.7071067811865633], [0.7071067811865318, -1.1838218240778447e-14, 0.7071067811865633], [0.7071067811865318, -1.1838218240778447e-14, 0.7071067811865633], [0.7071067811865318, -1.1838218240778447e-14, 0.7071067811865633], [0.7071067811865318, -7.892145493852298e-15, 0.7071067811865633], [0.7071067811865318, -7.892145493852298e-15, 0.7071067811865633], [0.7071067811865318, -7.892145493852298e-15, 0.7071067811865633], [0.7071067811865318, -7.892145493852298e-15, 0.7071067811865633], [0.7071067811865318, -3.946072746926149e-15, 0.7071067811865633], [0.7071067811865318, -3.946072746926149e-15, 0.7071067811865633], [0.7071067811865318, -3.946072746926149e-15, 0.7071067811865633], [0.7071067811865318, -3.946072746926149e-15, 0.7071067811865633], [0.7071067811865318, -3.946072746926149e-15, 0.7071067811865633], [0.7071067811865318, -3.946072746926149e-15, 0.7071067811865633], [0.7071067811865318, -3.946072746926149e-15, 0.7071067811865633], [0.7071067811865318, -3.946072746926149e-15, 0.7071067811865633], [0.7071067811865318, -3.946072746926149e-15, 0.7071067811865633], [0.7071067811865318, -3.946072746926149e-15, 0.7071067811865633], [0.7071067811865318, -3.946072746926149e-15, 0.7071067811865633], [0.7071067811865318, -3.946072746926149e-15, 0.7071067811865633], [0.7071067811865318, 0.0, 0.7071067811865633], [0.7071067811865318, 0.0, 0.7071067811865633], [0.7071067811865318, -3.946072746926149e-15, 0.7071067811865633], [0.7071067811865318, -3.946072746926149e-15, 0.7071067811865633]]]
- HeatSource: None
- IntermittentBeadLength: 0.0 mm
- IntermittentBeadPitch: 0.0 mm
- IntermittentBeadQty: 0.0
- IntermittentLen: False
- IntermittentLenRound: False
- IntermittentPitch: False
- IntermittentQty: False
- IntermittentQtyRound: False
- IntermittentRBeadLength: 0.0 mm
- IntermittentRBeadPitch: 0.0 mm
- IntermittentResult: 0.0
- IntermittentResultLen: 0.0
- IntermittentTrimEachBead: False
- IntermittentTrimEachBeadLen: False
- IntermittentWeldedSection: 0.0 mm
- Interval: 4
- Label2: 
- Material: None
- MoveV1: False
- MoveV2: False
- PerEdgePts: [[[1679.0000000000005, 153.0, 426.0], [1679.0000000000005, 152.0, 426.0], [1679.0000000000005, 151.0, 426.0], [1679.0000000000005, 150.0, 426.0], [1679.0000000000005, 149.0, 426.0], [1679.0000000000005, 148.0, 426.0], [1679.0000000000005, 147.0, 426.0], [1679.0000000000005, 146.0, 426.0], [1679.0000000000005, 145.0, 426.0], [1679.0000000000005, 144.0, 426.0], [1679.0000000000005, 143.0, 426.0], [1679.0000000000005, 142.0, 426.0], [1679.0000000000005, 141.0, 426.0], [1679.0000000000005, 140.0, 426.0], [1679.0000000000005, 139.0, 426.0], [1679.0000000000005, 138.0, 426.0], [1679.0000000000005, 137.0, 426.0], [1679.0000000000005, 136.0, 426.0], [1679.0000000000005, 135.0, 426.0], [1679.0000000000005, 134.0, 426.0], [1679.0000000000005, 133.0, 426.0], [1679.0000000000005, 132.0, 426.0], [1679.0000000000005, 131.0, 426.0], [1679.0000000000005, 130.0, 426.0], [1679.0000000000005, 129.0, 426.0], [1679.0000000000005, 128.0, 426.0], [1679.0000000000005, 127.0, 426.0], [1679.0000000000005, 126.0, 426.0], [1679.0000000000005, 125.0, 426.0], [1679.0000000000005, 124.0, 426.0], [1679.0000000000002, 123.0, 426.0], [1679.0000000000002, 122.0, 426.0], [1679.0000000000002, 121.0, 426.0], [1679.0000000000002, 120.0, 426.0], [1679.0000000000002, 119.0, 426.0], [1679.0000000000002, 118.0, 426.0], [1679.0000000000002, 117.0, 426.0], [1679.0000000000002, 116.0, 426.0], [1679.0000000000002, 115.0, 426.0], [1679.0000000000002, 114.0, 426.0], [1679.0000000000002, 113.0, 426.0], [1679.0000000000002, 112.0, 426.0], [1679.0000000000002, 111.0, 426.0], [1679.0000000000002, 110.0, 426.0], [1679.0000000000002, 109.0, 426.0], [1679.0000000000002, 108.0, 426.0], [1679.0000000000002, 107.0, 426.0], [1679.0000000000002, 106.0, 426.0], [1679.0000000000002, 105.0, 426.0], [1679.0000000000002, 104.0, 426.0], [1679.0000000000002, 103.0, 426.0], [1679.0000000000002, 102.0, 426.0], [1679.0000000000002, 101.0, 426.0], [1679.0000000000002, 100.0, 426.0], [1679.0000000000002, 99.0, 426.0], [1679.0000000000002, 98.0, 426.0], [1679.0000000000002, 97.0, 426.0], [1679.0000000000002, 96.0, 426.0], [1679.0000000000002, 95.0, 426.0], [1679.0000000000002, 94.0, 426.0], [1679.0000000000002, 93.0, 426.0], [1679.0000000000002, 92.0, 426.0], [1679.0000000000002, 91.0, 426.0], [1679.0000000000002, 90.0, 426.0], [1679.0000000000002, 89.0, 426.0], [1679.0000000000002, 88.0, 426.0], [1679.0000000000002, 87.0, 426.0], [1679.0000000000002, 86.0, 426.0], [1679.0000000000002, 85.0, 426.0], [1679.0000000000002, 84.0, 426.0], [1679.0000000000002, 83.0, 426.0], [1679.0000000000002, 82.0, 426.0], [1679.0000000000002, 81.0, 426.0], [1679.0000000000002, 80.0, 426.0], [1679.0000000000002, 79.0, 426.0], [1679.0000000000002, 78.0, 426.0], [1679.0000000000002, 77.0, 426.0], [1679.0000000000002, 76.0, 426.0], [1679.0000000000002, 75.0, 426.0], [1679.0000000000002, 74.0, 426.0], [1679.0000000000002, 73.0, 426.0], [1679.0000000000002, 72.0, 426.0], [1679.0000000000002, 71.0, 426.0], [1679.0000000000002, 70.0, 426.0], [1679.0000000000002, 69.0, 426.0], [1679.0000000000002, 68.0, 426.0], [1679.0000000000002, 67.0, 426.0], [1679.0000000000002, 66.0, 426.0], [1679.0000000000002, 65.0, 426.0], [1679.0000000000002, 64.0, 426.0], [1679.0, 63.0, 426.0], [1679.0, 62.0, 426.0], [1679.0, 61.0, 426.0], [1679.0, 60.0, 426.0], [1679.0, 59.0, 426.0], [1679.0, 58.0, 426.0], [1679.0, 57.0, 426.0], [1679.0, 56.0, 426.0], [1679.0, 55.0, 426.0], [1679.0, 54.0, 426.0], [1679.0, 53.0, 426.0], [1679.0, 52.0, 426.0], [1679.0, 51.0, 426.0], [1679.0, 50.0, 426.0], [1679.0, 49.0, 426.0], [1679.0, 48.0, 426.0], [1679.0, 47.0, 426.0], [1679.0, 46.0, 426.0], [1679.0, 45.0, 426.0], [1679.0, 44.0, 426.0], [1679.0, 43.0, 426.0], [1679.0, 42.0, 426.0], [1679.0, 41.0, 426.0], [1679.0, 40.0, 426.0], [1679.0, 39.0, 426.0], [1679.0, 38.0, 426.0], [1679.0, 37.0, 426.0], [1679.0, 36.0, 426.0], [1679.0, 35.0, 426.0], [1679.0, 34.0, 426.0], [1679.0, 33.0, 426.0]]]
- PerEdgeTangs: [[[-3.789561257387e-15, -1.0, -0.0], [-3.789561257387e-15, -1.0, -0.0], [-3.789561257387e-15, -1.0, -0.0], [-3.789561257387e-15, -1.0, -0.0], [-3.789561257387e-15, -1.0, -0.0], [-3.789561257387e-15, -1.0, -0.0], [-3.789561257387e-15, -1.0, -0.0], [-3.789561257387e-15, -1.0, -0.0], [-3.789561257387e-15, -1.0, -0.0], [-3.789561257387e-15, -1.0, -0.0], [-3.789561257387e-15, -1.0, -0.0], [-3.789561257387e-15, -1.0, -0.0], [-3.789561257387e-15, -1.0, -0.0], [-3.789561257387e-15, -1.0, -0.0], [-3.789561257387e-15, -1.0, -0.0], [-3.789561257387e-15, -1.0, -0.0], [-3.789561257387e-15, -1.0, -0.0], [-3.789561257387e-15, -1.0, -0.0], [-3.789561257387e-15, -1.0, -0.0], [-3.789561257387e-15, -1.0, -0.0], [-3.789561257387e-15, -1.0, -0.0], [-3.789561257387e-15, -1.0, -0.0], [-3.789561257387e-15, -1.0, -0.0], [-3.789561257387e-15, -1.0, -0.0], [-3.789561257387e-15, -1.0, -0.0], [-3.789561257387e-15, -1.0, -0.0], [-3.789561257387e-15, -1.0, -0.0], [-3.789561257387e-15, -1.0, -0.0], [-3.789561257387e-15, -1.0, -0.0], [-3.789561257387e-15, -1.0, -0.0], [-3.789561257387e-15, -1.0, -0.0], [-3.789561257387e-15, -1.0, -0.0], [-3.789561257387e-15, -1.0, -0.0], [-3.789561257387e-15, -1.0, -0.0], [-3.789561257387e-15, -1.0, -0.0], [-3.789561257387e-15, -1.0, -0.0], [-3.789561257387e-15, -1.0, -0.0], [-3.789561257387e-15, -1.0, -0.0], [-3.789561257387e-15, -1.0, -0.0], [-3.789561257387e-15, -1.0, -0.0], [-3.789561257387e-15, -1.0, -0.0], [-3.789561257387e-15, -1.0, -0.0], [-3.789561257387e-15, -1.0, -0.0], [-3.789561257387e-15, -1.0, -0.0], [-3.789561257387e-15, -1.0, -0.0], [-3.789561257387e-15, -1.0, -0.0], [-3.789561257387e-15, -1.0, -0.0], [-3.789561257387e-15, -1.0, -0.0], [-3.789561257387e-15, -1.0, -0.0], [-3.789561257387e-15, -1.0, -0.0], [-3.789561257387e-15, -1.0, -0.0], [-3.789561257387e-15, -1.0, -0.0], [-3.789561257387e-15, -1.0, -0.0], [-3.789561257387e-15, -1.0, -0.0], [-3.789561257387e-15, -1.0, -0.0], [-3.789561257387e-15, -1.0, -0.0], [-3.789561257387e-15, -1.0, -0.0], [-3.789561257387e-15, -1.0, -0.0], [-3.789561257387e-15, -1.0, -0.0], [-3.789561257387e-15, -1.0, -0.0], [-3.789561257387e-15, -1.0, -0.0], [-3.789561257387e-15, -1.0, -0.0], [-3.789561257387e-15, -1.0, -0.0], [-3.789561257387e-15, -1.0, -0.0], [-3.789561257387e-15, -1.0, -0.0], [-3.789561257387e-15, -1.0, -0.0], [-3.789561257387e-15, -1.0, -0.0], [-3.789561257387e-15, -1.0, -0.0], [-3.789561257387e-15, -1.0, -0.0], [-3.789561257387e-15, -1.0, -0.0], [-3.789561257387e-15, -1.0, -0.0], [-3.789561257387e-15, -1.0, -0.0], [-3.789561257387e-15, -1.0, -0.0], [-3.789561257387e-15, -1.0, -0.0], [-3.789561257387e-15, -1.0, -0.0], [-3.789561257387e-15, -1.0, -0.0], [-3.789561257387e-15, -1.0, -0.0], [-3.789561257387e-15, -1.0, -0.0], [-3.789561257387e-15, -1.0, -0.0], [-3.789561257387e-15, -1.0, -0.0], [-3.789561257387e-15, -1.0, -0.0], [-3.789561257387e-15, -1.0, -0.0], [-3.789561257387e-15, -1.0, -0.0], [-3.789561257387e-15, -1.0, -0.0], [-3.789561257387e-15, -1.0, -0.0], [-3.789561257387e-15, -1.0, -0.0], [-3.789561257387e-15, -1.0, -0.0], [-3.789561257387e-15, -1.0, -0.0], [-3.789561257387e-15, -1.0, -0.0], [-3.789561257387e-15, -1.0, -0.0], [-3.789561257387e-15, -1.0, -0.0], [-3.789561257387e-15, -1.0, -0.0], [-3.789561257387e-15, -1.0, -0.0], [-3.789561257387e-15, -1.0, -0.0], [-3.789561257387e-15, -1.0, -0.0], [-3.789561257387e-15, -1.0, -0.0], [-3.789561257387e-15, -1.0, -0.0], [-3.789561257387e-15, -1.0, -0.0], [-3.789561257387e-15, -1.0, -0.0], [-3.789561257387e-15, -1.0, -0.0], [-3.789561257387e-15, -1.0, -0.0], [-3.789561257387e-15, -1.0, -0.0], [-3.789561257387e-15, -1.0, -0.0], [-3.789561257387e-15, -1.0, -0.0], [-3.789561257387e-15, -1.0, -0.0], [-3.789561257387e-15, -1.0, -0.0], [-3.789561257387e-15, -1.0, -0.0], [-3.789561257387e-15, -1.0, -0.0], [-3.789561257387e-15, -1.0, -0.0], [-3.789561257387e-15, -1.0, -0.0], [-3.789561257387e-15, -1.0, -0.0], [-3.789561257387e-15, -1.0, -0.0], [-3.789561257387e-15, -1.0, -0.0], [-3.789561257387e-15, -1.0, -0.0], [-3.789561257387e-15, -1.0, -0.0], [-3.789561257387e-15, -1.0, -0.0], [-3.789561257387e-15, -1.0, -0.0], [-3.789561257387e-15, -1.0, -0.0], [-3.789561257387e-15, -1.0, -0.0], [-3.789561257387e-15, -1.0, -0.0], [-3.789561257387e-15, -1.0, -0.0]]]
- Placement: Placement [Pos=(0,0,0), Yaw-Pitch-Roll=(0,0,0)]
- PointEnd: Vector (0.0, 0.0, 0.0)
- PointStart: Vector (0.0, 0.0, 0.0)
- Process: None
- Proxy: <Functions.FPweldline.Path3D object at 0x00000152F2E05850>
- Pts: [[1679.0000000000005, 153.0, 426.0], [1679.0000000000005, 152.0, 426.0], [1679.0000000000005, 151.0, 426.0], [1679.0000000000005, 150.0, 426.0], [1679.0000000000005, 149.0, 426.0], [1679.0000000000005, 148.0, 426.0], [1679.0000000000005, 147.0, 426.0], [1679.0000000000005, 146.0, 426.0], [1679.0000000000005, 145.0, 426.0], [1679.0000000000005, 144.0, 426.0], [1679.0000000000005, 143.0, 426.0], [1679.0000000000005, 142.0, 426.0], [1679.0000000000005, 141.0, 426.0], [1679.0000000000005, 140.0, 426.0], [1679.0000000000005, 139.0, 426.0], [1679.0000000000005, 138.0, 426.0], [1679.0000000000005, 137.0, 426.0], [1679.0000000000005, 136.0, 426.0], [1679.0000000000005, 135.0, 426.0], [1679.0000000000005, 134.0, 426.0], [1679.0000000000005, 133.0, 426.0], [1679.0000000000005, 132.0, 426.0], [1679.0000000000005, 131.0, 426.0], [1679.0000000000005, 130.0, 426.0], [1679.0000000000005, 129.0, 426.0], [1679.0000000000005, 128.0, 426.0], [1679.0000000000005, 127.0, 426.0], [1679.0000000000005, 126.0, 426.0], [1679.0000000000005, 125.0, 426.0], [1679.0000000000005, 124.0, 426.0], [1679.0000000000002, 123.0, 426.0], [1679.0000000000002, 122.0, 426.0], [1679.0000000000002, 121.0, 426.0], [1679.0000000000002, 120.0, 426.0], [1679.0000000000002, 119.0, 426.0], [1679.0000000000002, 118.0, 426.0], [1679.0000000000002, 117.0, 426.0], [1679.0000000000002, 116.0, 426.0], [1679.0000000000002, 115.0, 426.0], [1679.0000000000002, 114.0, 426.0], [1679.0000000000002, 113.0, 426.0], [1679.0000000000002, 112.0, 426.0], [1679.0000000000002, 111.0, 426.0], [1679.0000000000002, 110.0, 426.0], [1679.0000000000002, 109.0, 426.0], [1679.0000000000002, 108.0, 426.0], [1679.0000000000002, 107.0, 426.0], [1679.0000000000002, 106.0, 426.0], [1679.0000000000002, 105.0, 426.0], [1679.0000000000002, 104.0, 426.0], [1679.0000000000002, 103.0, 426.0], [1679.0000000000002, 102.0, 426.0], [1679.0000000000002, 101.0, 426.0], [1679.0000000000002, 100.0, 426.0], [1679.0000000000002, 99.0, 426.0], [1679.0000000000002, 98.0, 426.0], [1679.0000000000002, 97.0, 426.0], [1679.0000000000002, 96.0, 426.0], [1679.0000000000002, 95.0, 426.0], [1679.0000000000002, 94.0, 426.0], [1679.0000000000002, 93.0, 426.0], [1679.0000000000002, 92.0, 426.0], [1679.0000000000002, 91.0, 426.0], [1679.0000000000002, 90.0, 426.0], [1679.0000000000002, 89.0, 426.0], [1679.0000000000002, 88.0, 426.0], [1679.0000000000002, 87.0, 426.0], [1679.0000000000002, 86.0, 426.0], [1679.0000000000002, 85.0, 426.0], [1679.0000000000002, 84.0, 426.0], [1679.0000000000002, 83.0, 426.0], [1679.0000000000002, 82.0, 426.0], [1679.0000000000002, 81.0, 426.0], [1679.0000000000002, 80.0, 426.0], [1679.0000000000002, 79.0, 426.0], [1679.0000000000002, 78.0, 426.0], [1679.0000000000002, 77.0, 426.0], [1679.0000000000002, 76.0, 426.0], [1679.0000000000002, 75.0, 426.0], [1679.0000000000002, 74.0, 426.0], [1679.0000000000002, 73.0, 426.0], [1679.0000000000002, 72.0, 426.0], [1679.0000000000002, 71.0, 426.0], [1679.0000000000002, 70.0, 426.0], [1679.0000000000002, 69.0, 426.0], [1679.0000000000002, 68.0, 426.0], [1679.0000000000002, 67.0, 426.0], [1679.0000000000002, 66.0, 426.0], [1679.0000000000002, 65.0, 426.0], [1679.0000000000002, 64.0, 426.0], [1679.0, 63.0, 426.0], [1679.0, 62.0, 426.0], [1679.0, 61.0, 426.0], [1679.0, 60.0, 426.0], [1679.0, 59.0, 426.0], [1679.0, 58.0, 426.0], [1679.0, 57.0, 426.0], [1679.0, 56.0, 426.0], [1679.0, 55.0, 426.0], [1679.0, 54.0, 426.0], [1679.0, 53.0, 426.0], [1679.0, 52.0, 426.0], [1679.0, 51.0, 426.0], [1679.0, 50.0, 426.0], [1679.0, 49.0, 426.0], [1679.0, 48.0, 426.0], [1679.0, 47.0, 426.0], [1679.0, 46.0, 426.0], [1679.0, 45.0, 426.0], [1679.0, 44.0, 426.0], [1679.0, 43.0, 426.0], [1679.0, 42.0, 426.0], [1679.0, 41.0, 426.0], [1679.0, 40.0, 426.0], [1679.0, 39.0, 426.0], [1679.0, 38.0, 426.0], [1679.0, 37.0, 426.0], [1679.0, 36.0, 426.0], [1679.0, 35.0, 426.0], [1679.0, 34.0, 426.0], [1679.0, 33.0, 426.0]]
- Radius: 2.0
- SeamSize: 2.0 mm
- Shape: <Compound object at 00000152F6AA2360>
- ShapeMaterial: <Material at 00000152F7164860>
- Sliderpos: 0
- TrimByLength: False
- TrimByMultipleLength: False
- TrimByPoint: False
- TrimLength: 0.0 mm
- TrimLengthV1: 0.0 mm
- TrimLengthV2: 0.0 mm
- TrimmedMLengths: {}
- Vectorlength: 10.0
- Visibility: True
- WeldVecs: [[[[0.7071067811863265, 0.0, 0.7071067811867685], [0.7071067811863265, 0.0, 0.7071067811867685], [0.7071067811863265, 0.0, 0.7071067811867685], [0.7071067811863265, 0.0, 0.7071067811867685], [0.7071067811863265, 0.0, 0.7071067811867685], [0.7071067811863265, 0.0, 0.7071067811867685], [0.7071067811863265, 0.0, 0.7071067811867685], [0.7071067811863265, 0.0, 0.7071067811867685], [0.7071067811863265, 0.0, 0.7071067811867685], [0.7071067811863265, 0.0, 0.7071067811867685], [0.7071067811863265, 0.0, 0.7071067811867685], [0.7071067811863265, 0.0, 0.7071067811867685], [0.7071067811863265, 0.0, 0.7071067811867685], [0.7071067811863265, -1.5784290987708472e-14, 0.7071067811867685], [0.7071067811863265, -1.5784290987708472e-14, 0.7071067811867685], [0.7071067811863265, -1.5784290987708472e-14, 0.7071067811867685], [0.7071067811863265, -1.5784290987708472e-14, 0.7071067811867685], [0.7071067811863265, -1.5784290987708472e-14, 0.7071067811867685], [0.7071067811863265, -1.5784290987708472e-14, 0.7071067811867685], [0.7071067811863265, -1.5784290987708472e-14, 0.7071067811867685], [0.7071067811863265, -1.5784290987708472e-14, 0.7071067811867685], [0.7071067811863265, -1.5784290987708472e-14, 0.7071067811867685], [0.7071067811863265, -1.5784290987708472e-14, 0.7071067811867685], [0.7071067811863265, -1.5784290987708472e-14, 0.7071067811867685], [0.7071067811863265, -1.5784290987708472e-14, 0.7071067811867685], [0.7071067811863265, -7.892145493854236e-15, 0.7071067811867685], [0.7071067811863265, -7.892145493854236e-15, 0.7071067811867685], [0.7071067811863265, -7.892145493854236e-15, 0.7071067811867685], [0.7071067811863265, -7.892145493854236e-15, 0.7071067811867685], [0.7071067811863265, 0.0, 0.7071067811867685], [0.7071067811863265, 0.0, 0.7071067811867685], [0.7071067811863265, 0.0, 0.7071067811867685], [0.7071067811863265, 0.0, 0.7071067811867685], [0.7071067811864686, -7.892145493853002e-15, 0.7071067811866265], [0.7071067811864686, -7.892145493853002e-15, 0.7071067811866265], [0.7071067811864686, -7.892145493853002e-15, 0.7071067811866265], [0.7071067811864686, -7.892145493853002e-15, 0.7071067811866265], [0.7071067811864686, 0.0, 0.7071067811866265], [0.7071067811864686, 0.0, 0.7071067811866265], [0.7071067811864686, 0.0, 0.7071067811866265], [0.7071067811864686, 0.0, 0.7071067811866265], [0.7071067811864686, -2.3676436481559008e-14, 0.7071067811866265], [0.7071067811864686, -2.3676436481559008e-14, 0.7071067811866265], [0.7071067811864686, -2.3676436481559008e-14, 0.7071067811866265], [0.7071067811864686, -2.3676436481559008e-14, 0.7071067811866265], [0.7071067811864686, 0.0, 0.7071067811866265], [0.7071067811864686, 0.0, 0.7071067811866265], [0.7071067811864686, 0.0, 0.7071067811866265], [0.7071067811864686, 0.0, 0.7071067811866265], [0.7071067811864686, 7.892145493853002e-15, 0.7071067811866265], [0.7071067811864686, 7.892145493853002e-15, 0.7071067811866265], [0.7071067811864686, 7.892145493853002e-15, 0.7071067811866265], [0.7071067811864686, 7.892145493853002e-15, 0.7071067811866265], [0.7071067811864686, 0.0, 0.7071067811866265], [0.7071067811864686, 0.0, 0.7071067811866265], [0.7071067811864686, 0.0, 0.7071067811866265], [0.7071067811864686, 0.0, 0.7071067811866265], [0.7071067811864686, 7.892145493853002e-15, 0.7071067811866265], [0.7071067811864686, 7.892145493853002e-15, 0.7071067811866265], [0.7071067811864686, 7.892145493853002e-15, 0.7071067811866265], [0.7071067811864686, 7.892145493853002e-15, 0.7071067811866265], [0.7071067811864686, 0.0, 0.7071067811866265], [0.7071067811864686, 0.0, 0.7071067811866265], [0.7071067811864686, 0.0, 0.7071067811866265], [0.7071067811864686, 0.0, 0.7071067811866265], [0.7071067811864686, -7.892145493853002e-15, 0.7071067811866265], [0.7071067811864686, -7.892145493853002e-15, 0.7071067811866265], [0.7071067811864686, -7.892145493853002e-15, 0.7071067811866265], [0.7071067811864686, -7.892145493853002e-15, 0.7071067811866265], [0.7071067811864686, -7.892145493853002e-15, 0.7071067811866265], [0.7071067811864686, -7.892145493853002e-15, 0.7071067811866265], [0.7071067811864686, -7.892145493853002e-15, 0.7071067811866265], [0.7071067811864686, -7.892145493853002e-15, 0.7071067811866265], [0.7071067811864686, 0.0, 0.7071067811866265], [0.7071067811864686, 0.0, 0.7071067811866265], [0.7071067811864686, 0.0, 0.7071067811866265], [0.7071067811864686, 0.0, 0.7071067811866265], [0.7071067811864686, 0.0, 0.7071067811866265], [0.7071067811864686, 0.0, 0.7071067811866265], [0.7071067811864686, 0.0, 0.7071067811866265], [0.7071067811864686, 0.0, 0.7071067811866265], [0.7071067811864686, 0.0, 0.7071067811866265], [0.7071067811864686, 0.0, 0.7071067811866265], [0.7071067811864686, 0.0, 0.7071067811866265], [0.7071067811864686, 0.0, 0.7071067811866265], [0.7071067811864686, 0.0, 0.7071067811866265], [0.7071067811864686, 0.0, 0.7071067811866265], [0.7071067811864686, 0.0, 0.7071067811866265], [0.7071067811864686, 0.0, 0.7071067811866265], [0.7071067811864686, -1.1838218240779504e-14, 0.7071067811866265], [0.7071067811864686, -1.1838218240779504e-14, 0.7071067811866265], [0.7071067811864686, -1.1838218240779504e-14, 0.7071067811866265], [0.7071067811864686, -1.1838218240779504e-14, 0.7071067811866265], [0.7071067811865318, -3.946072746926149e-15, 0.7071067811865633], [0.7071067811865318, -3.946072746926149e-15, 0.7071067811865633], [0.7071067811865318, -3.946072746926149e-15, 0.7071067811865633], [0.7071067811865318, -3.946072746926149e-15, 0.7071067811865633], [0.7071067811865318, -1.1838218240778447e-14, 0.7071067811865633], [0.7071067811865318, -1.1838218240778447e-14, 0.7071067811865633], [0.7071067811865318, -1.1838218240778447e-14, 0.7071067811865633], [0.7071067811865318, -1.1838218240778447e-14, 0.7071067811865633], [0.7071067811865318, -7.892145493852298e-15, 0.7071067811865633], [0.7071067811865318, -7.892145493852298e-15, 0.7071067811865633], [0.7071067811865318, -7.892145493852298e-15, 0.7071067811865633], [0.7071067811865318, -7.892145493852298e-15, 0.7071067811865633], [0.7071067811865318, -3.946072746926149e-15, 0.7071067811865633], [0.7071067811865318, -3.946072746926149e-15, 0.7071067811865633], [0.7071067811865318, -3.946072746926149e-15, 0.7071067811865633], [0.7071067811865318, -3.946072746926149e-15, 0.7071067811865633], [0.7071067811865318, -3.946072746926149e-15, 0.7071067811865633], [0.7071067811865318, -3.946072746926149e-15, 0.7071067811865633], [0.7071067811865318, -3.946072746926149e-15, 0.7071067811865633], [0.7071067811865318, -3.946072746926149e-15, 0.7071067811865633], [0.7071067811865318, -3.946072746926149e-15, 0.7071067811865633], [0.7071067811865318, -3.946072746926149e-15, 0.7071067811865633], [0.7071067811865318, -3.946072746926149e-15, 0.7071067811865633], [0.7071067811865318, -3.946072746926149e-15, 0.7071067811865633], [0.7071067811865318, 0.0, 0.7071067811865633], [0.7071067811865318, 0.0, 0.7071067811865633], [0.7071067811865318, -3.946072746926149e-15, 0.7071067811865633], [0.7071067811865318, -3.946072746926149e-15, 0.7071067811865633]]]]
- Weldlines: <Compound object at 00000152F6AA2410>
- _ElementMapVersion: 15.70200.5
- showweldvecs: True

----------------------------------------
WELD 18 of 18
Name: InternalWeldFeature015
Label: Weld16

DETAILED PROPERTIES:
- Type: Part::FeaturePython
- Angle: 0.0
- CorrectedNormals: {}
- Edgeidxs: [0]
- ExpressionEngine: []
- FinalWeldVecs: [[[-1.2627432790163554e-13, -0.7071067811865387, 0.7071067811865565], [-1.2627432790163554e-13, -0.7071067811865387, 0.7071067811865565], [-1.2627432790163554e-13, -0.7071067811865387, 0.7071067811865565], [-1.2627432790163554e-13, -0.7071067811865387, 0.7071067811865565], [-1.2627432790163554e-13, -0.7071067811865387, 0.7071067811865565], [0.0, -0.7071067811865426, 0.7071067811865525], [0.0, -0.7071067811865426, 0.7071067811865525], [0.0, -0.7071067811865426, 0.7071067811865525], [0.0, -0.7071067811865426, 0.7071067811865525], [1.2627432790163483e-13, -0.7071067811865426, 0.7071067811865525], [1.2627432790163483e-13, -0.7071067811865426, 0.7071067811865525], [1.2627432790163483e-13, -0.7071067811865426, 0.7071067811865525], [1.2627432790163483e-13, -0.7071067811865426, 0.7071067811865525], [0.0, -0.7071067811865407, 0.7071067811865545], [0.0, -0.7071067811865407, 0.7071067811865545], [0.0, -0.7071067811865407, 0.7071067811865545], [0.0, -0.7071067811865407, 0.7071067811865545], [0.0, -0.7071067811865407, 0.7071067811865545], [0.0, -0.7071067811865407, 0.7071067811865545], [0.0, -0.7071067811865407, 0.7071067811865545], [0.0, -0.7071067811865407, 0.7071067811865545], [-1.2627432790163536e-13, -0.7071067811865396, 0.7071067811865555], [-1.2627432790163536e-13, -0.7071067811865396, 0.7071067811865555], [-1.2627432790163536e-13, -0.7071067811865396, 0.7071067811865555], [0.0, -0.7071067811865396, 0.7071067811865555], [0.0, -0.7071067811865396, 0.7071067811865555]]]
- HeatSource: None
- IntermittentBeadLength: 0.0 mm
- IntermittentBeadPitch: 0.0 mm
- IntermittentBeadQty: 0.0
- IntermittentLen: False
- IntermittentLenRound: False
- IntermittentPitch: False
- IntermittentQty: False
- IntermittentQtyRound: False
- IntermittentRBeadLength: 0.0 mm
- IntermittentRBeadPitch: 0.0 mm
- IntermittentResult: 0.0
- IntermittentResultLen: 0.0
- IntermittentTrimEachBead: False
- IntermittentTrimEachBeadLen: False
- IntermittentWeldedSection: 0.0 mm
- Interval: 4
- Label2: 
- Material: None
- MoveV1: False
- MoveV2: False
- PerEdgePts: [[[1679.0, 33.00000000000002, 426.0], [1678.0, 33.00000000000002, 426.0], [1677.0, 33.00000000000002, 426.0], [1676.0, 33.00000000000002, 426.0], [1675.0, 33.00000000000002, 426.0], [1674.0, 33.000000000000014, 426.0], [1673.0, 33.000000000000014, 426.0], [1672.0, 33.000000000000014, 426.0], [1671.0, 33.000000000000014, 426.0], [1670.0, 33.000000000000014, 426.0], [1669.0, 33.000000000000014, 426.0], [1668.0, 33.000000000000014, 426.0], [1667.0, 33.000000000000014, 426.0], [1666.0, 33.00000000000001, 426.0], [1665.0, 33.00000000000001, 426.0], [1664.0, 33.00000000000001, 426.0], [1663.0, 33.00000000000001, 426.0], [1662.0, 33.00000000000001, 426.0], [1661.0, 33.00000000000001, 426.0], [1660.0, 33.00000000000001, 426.0], [1659.0, 33.00000000000001, 426.0], [1658.0, 33.0, 426.0], [1657.0, 33.0, 426.0], [1656.0, 33.0, 426.0], [1655.0, 33.0, 426.0], [1654.0, 33.0, 426.0]]]
- PerEdgeTangs: [[[-1.0, -8.526512829121e-16, -0.0], [-1.0, -8.526512829121e-16, -0.0], [-1.0, -8.526512829121e-16, -0.0], [-1.0, -8.526512829121e-16, -0.0], [-1.0, -8.526512829121e-16, -0.0], [-1.0, -8.526512829121e-16, -0.0], [-1.0, -8.526512829121e-16, -0.0], [-1.0, -8.526512829121e-16, -0.0], [-1.0, -8.526512829121e-16, -0.0], [-1.0, -8.526512829121e-16, -0.0], [-1.0, -8.526512829121e-16, -0.0], [-1.0, -8.526512829121e-16, -0.0], [-1.0, -8.526512829121e-16, -0.0], [-1.0, -8.526512829121e-16, -0.0], [-1.0, -8.526512829121e-16, -0.0], [-1.0, -8.526512829121e-16, -0.0], [-1.0, -8.526512829121e-16, -0.0], [-1.0, -8.526512829121e-16, -0.0], [-1.0, -8.526512829121e-16, -0.0], [-1.0, -8.526512829121e-16, -0.0], [-1.0, -8.526512829121e-16, -0.0], [-1.0, -8.526512829121e-16, -0.0], [-1.0, -8.526512829121e-16, -0.0], [-1.0, -8.526512829121e-16, -0.0], [-1.0, -8.526512829121e-16, -0.0], [-1.0, -8.526512829121e-16, -0.0]]]
- Placement: Placement [Pos=(0,0,0), Yaw-Pitch-Roll=(0,0,0)]
- PointEnd: Vector (0.0, 0.0, 0.0)
- PointStart: Vector (0.0, 0.0, 0.0)
- Process: None
- Proxy: <Functions.FPweldline.Path3D object at 0x00000152F2E12F50>
- Pts: [[1679.0, 33.00000000000002, 426.0], [1678.0, 33.00000000000002, 426.0], [1677.0, 33.00000000000002, 426.0], [1676.0, 33.00000000000002, 426.0], [1675.0, 33.00000000000002, 426.0], [1674.0, 33.000000000000014, 426.0], [1673.0, 33.000000000000014, 426.0], [1672.0, 33.000000000000014, 426.0], [1671.0, 33.000000000000014, 426.0], [1670.0, 33.000000000000014, 426.0], [1669.0, 33.000000000000014, 426.0], [1668.0, 33.000000000000014, 426.0], [1667.0, 33.000000000000014, 426.0], [1666.0, 33.00000000000001, 426.0], [1665.0, 33.00000000000001, 426.0], [1664.0, 33.00000000000001, 426.0], [1663.0, 33.00000000000001, 426.0], [1662.0, 33.00000000000001, 426.0], [1661.0, 33.00000000000001, 426.0], [1660.0, 33.00000000000001, 426.0], [1659.0, 33.00000000000001, 426.0], [1658.0, 33.0, 426.0], [1657.0, 33.0, 426.0], [1656.0, 33.0, 426.0], [1655.0, 33.0, 426.0], [1654.0, 33.0, 426.0]]
- Radius: 2.0
- SeamSize: 2.0 mm
- Shape: <Compound object at 00000152F6AA2830>
- ShapeMaterial: <Material at 00000152F7164860>
- Sliderpos: 0
- TrimByLength: False
- TrimByMultipleLength: False
- TrimByPoint: False
- TrimLength: 0.0 mm
- TrimLengthV1: 0.0 mm
- TrimLengthV2: 0.0 mm
- TrimmedMLengths: {}
- Vectorlength: 10.0
- Visibility: True
- WeldVecs: [[[[-1.2627432790163554e-13, -0.7071067811865387, 0.7071067811865565], [-1.2627432790163554e-13, -0.7071067811865387, 0.7071067811865565], [-1.2627432790163554e-13, -0.7071067811865387, 0.7071067811865565], [-1.2627432790163554e-13, -0.7071067811865387, 0.7071067811865565], [-1.2627432790163554e-13, -0.7071067811865387, 0.7071067811865565], [0.0, -0.7071067811865426, 0.7071067811865525], [0.0, -0.7071067811865426, 0.7071067811865525], [0.0, -0.7071067811865426, 0.7071067811865525], [0.0, -0.7071067811865426, 0.7071067811865525], [1.2627432790163483e-13, -0.7071067811865426, 0.7071067811865525], [1.2627432790163483e-13, -0.7071067811865426, 0.7071067811865525], [1.2627432790163483e-13, -0.7071067811865426, 0.7071067811865525], [1.2627432790163483e-13, -0.7071067811865426, 0.7071067811865525], [0.0, -0.7071067811865407, 0.7071067811865545], [0.0, -0.7071067811865407, 0.7071067811865545], [0.0, -0.7071067811865407, 0.7071067811865545], [0.0, -0.7071067811865407, 0.7071067811865545], [0.0, -0.7071067811865407, 0.7071067811865545], [0.0, -0.7071067811865407, 0.7071067811865545], [0.0, -0.7071067811865407, 0.7071067811865545], [0.0, -0.7071067811865407, 0.7071067811865545], [-1.2627432790163536e-13, -0.7071067811865396, 0.7071067811865555], [-1.2627432790163536e-13, -0.7071067811865396, 0.7071067811865555], [-1.2627432790163536e-13, -0.7071067811865396, 0.7071067811865555], [0.0, -0.7071067811865396, 0.7071067811865555], [0.0, -0.7071067811865396, 0.7071067811865555]]]]
- Weldlines: <Compound object at 00000152F6AA28E0>
- _ElementMapVersion: 15.70200.5
- showweldvecs: True

----------------------------------------

SUMMARY: 18 welds found
